player,nationality,position,team,age,birth_year,minutes_90s,tackles,tackles_won,tackles_def_3rd,tackles_mid_3rd,tackles_att_3rd,challenge_tackles,challenges,challenge_tackles_pct,challenges_lost,blocks,blocked_shots,blocked_passes,interceptions,tackles_interceptions,clearances,errors,matches
Abdelhamid Yunis,maMAR,2.0,Reims,33,1987,33.1,,28,,,,,,,,,,,67,,,,Matches
Abdul Samed Salis,ghGHA,3.0,Clermont Foot,21,2000,27.4,,26,,,,,,,,,,,40,,,,Matches
Abergel Laurent,frFRA,3.0,Lorient,28,1993,32.8,,63,,,,,,,,,,,54,,,,Matches
Abi Charles,frFRA,4.0,Saint-Étienne,21,2000,0.5,,0,,,,,,,,,,,0,,,,Matches
Abline Matthis,frFRA,4.0,Rennes,18,2003,1.1,,0,,,,,,,,,,,0,,,,Matches
Achi Mohamed,frFRA,3.0,Nantes,19,2002,0.1,,0,,,,,,,,,,,0,,,,Matches
Adeline Martin,frFRA,3.0,Reims,17,2003,3.9,,11,,,,,,,,,,,8,,,,Matches
Adli Yacine,frFRA,3.4,Bordeaux,21,2000,25.1,,28,,,,,,,,,,,33,,,,Matches
Agoume Lucien,frFRA,3.0,Brest,19,2002,20.8,,33,,,,,,,,,,,49,,,,Matches
Aguerd Nayef,maMAR,2.0,Rennes,25,1996,30.4,,18,,,,,,,,,,,27,,,,Matches
Aguilar Ruben,frFRA,2.0,Monaco,28,1993,23.8,,53,,,,,,,,,,,44,,,,Matches
Ahmedhodžić Anel,baBIH,2.0,Bordeaux,22,1999,15.0,,26,,,,,,,,,,,21,,,,Matches
Aholou Jean-Eudes,ciCIV,3.0,Strasbourg,27,1994,11.2,,8,,,,,,,,,,,20,,,,Matches
Ajorque Ludovic,frFRA,4.0,Strasbourg,27,1994,30.4,,25,,,,,,,,,,,8,,,,Matches
Akliouche Maghnes,frFRA,3.0,Monaco,19,2002,0.6,,0,,,,,,,,,,,0,,,,Matches
Alakouch Sofiane,maMAR,2.3,Metz,23,1998,1.8,,4,,,,,,,,,,,1,,,,Matches
Albert Josué,gfGUF,2.0,Clermont Foot,29,1992,0.2,,0,,,,,,,,,,,1,,,,Matches
Alemdar Doğan,trTUR,1.0,Rennes,18,2002,12.0,,0,,,,,,,,,,,0,,,,Matches
Ali Cho Mohamed,frFRA,4.0,Angers,17,2004,20.4,,6,,,,,,,,,,,7,,,,Matches
Allevinah Jim,gaGAB,3.4,Clermont Foot,26,1995,16.5,,14,,,,,,,,,,,6,,,,Matches
Amadou Ibrahim,frFRA,2.3,Metz,28,1993,9.0,,8,,,,,,,,,,,11,,,,Matches
Amavi Jordan,frFRA,2.0,Nice,27,1994,4.6,,10,,,,,,,,,,,13,,,,Matches
Amavi Jordan,frFRA,2.4,Marseille,27,1994,1.4,,5,,,,,,,,,,,1,,,,Matches
André Benjamin,frFRA,3.0,Lille,30,1990,30.6,,73,,,,,,,,,,,46,,,,Matches
Aouar Houssem,dzALG,3.0,Lyon,23,1998,27.8,,30,,,,,,,,,,,21,,,,Matches
Aouchiche Adil,frFRA,3.0,Saint-Étienne,19,2002,12.0,,7,,,,,,,,,,,14,,,,Matches
Appiah Dennis,frFRA,2.0,Nantes,29,1992,23.3,,34,,,,,,,,,,,27,,,,Matches
Assignon Lorenz,tgTOG,2.0,Rennes,21,2000,6.8,,8,,,,,,,,,,,8,,,,Matches
Atal Youcef,dzALG,2.0,Nice,25,1996,12.7,,19,,,,,,,,,,,32,,,,Matches
Augustin Jean-Kévin,frFRA,4.0,Nantes,24,1997,0.9,,0,,,,,,,,,,,0,,,,Matches
Azamoum Karim,frFRA,2.0,Troyes,31,1990,4.3,,5,,,,,,,,,,,1,,,,Matches
Bade Loïc,frFRA,2.0,Rennes,21,2000,10.9,,5,,,,,,,,,,,10,,,,Matches
Badiashile Benoît,frFRA,2.0,Monaco,20,2001,20.4,,19,,,,,,,,,,,25,,,,Matches
Badji Youssouph,snSEN,4.0,Brest,19,2001,1.5,,0,,,,,,,,,,,0,,,,Matches
Bahoken Stéphane,cmCMR,4.0,Angers,29,1992,12.2,,8,,,,,,,,,,,2,,,,Matches
Bain Dénys,frFRA,2.0,Brest,28,1993,2.0,,3,,,,,,,,,,,2,,,,Matches
Bajic Stefan,frFRA,1.0,Saint-Étienne,19,2001,5.7,,0,,,,,,,,,,,0,,,,Matches
Bakambu Cédric,cdCOD,3.5,Marseille,30,1991,4.0,,0,,,,,,,,,,,0,,,,Matches
Bakayoko Abdoulaye,frFRA,2.0,Saint-Étienne,18,2002,3.4,,9,,,,,,,,,,,11,,,,Matches
Bakwa Dilane,frFRA,3.5,Bordeaux,18,2002,0.5,,1,,,,,,,,,,,0,,,,Matches
Baldé Ibrahima,frFRA,4.0,Lens,18,2003,0.6,,0,,,,,,,,,,,0,,,,Matches
Balerdi Leonardo,arARG,2.3,Marseille,22,1999,10.6,,7,,,,,,,,,,,21,,,,Matches
Bamba Abdoulaye,ciCIV,2.4,Angers,31,1990,5.1,,5,,,,,,,,,,,8,,,,Matches
Bamba Jonathan,ciCIV,3.0,Lille,25,1996,27.0,,12,,,,,,,,,,,18,,,,Matches
Banza Simon,cdCOD,4.0,Lens,24,1996,1.4,,1,,,,,,,,,,,2,,,,Matches
Barbosa Danilo,brBRA,2.0,Nice,25,1996,1.0,,0,,,,,,,,,,,2,,,,Matches
Barcola Bradley,frFRA,3.0,Lyon,18,2002,2.9,,4,,,,,,,,,,,2,,,,Matches
Bard Melvin,frFRA,2.0,Nice,20,2000,28.8,,39,,,,,,,,,,,47,,,,Matches
Bašić Toma,hrCRO,3.0,Bordeaux,24,1996,2.3,,2,,,,,,,,,,,2,,,,Matches
Bassi Amine,frFRA,3.4,Metz,23,1997,2.0,,3,,,,,,,,,,,0,,,,Matches
Baysse Paul,frFRA,2.0,Bordeaux,33,1988,0.1,,1,,,,,,,,,,,0,,,,Matches
Belaïli Youcef,dzALG,3.4,Brest,29,1992,9.2,,1,,,,,,,,,,,6,,,,Matches
Belkebla Haris,dzALG,3.0,Brest,27,1994,25.7,,25,,,,,,,,,,,49,,,,Matches
Bellegarde Jean-Ricner,htHAI,3.0,Strasbourg,23,1998,25.9,,34,,,,,,,,,,,26,,,,Matches
Belocian Jeanuël,frFRA,2.0,Rennes,16,2005,0.1,,0,,,,,,,,,,,0,,,,Matches
Ben Arfa Hatem,frFRA,3.4,Lille,34,1987,3.5,,2,,,,,,,,,,,0,,,,Matches
Ben Seghir Salim,frFRA,4.0,Marseille,18,2003,0.0,,0,,,,,,,,,,,0,,,,Matches
Ben Yedder Wissam,frFRA,4.0,Monaco,30,1990,28.1,,8,,,,,,,,,,,0,,,,Matches
Benedetto Darío,arARG,3.5,Marseille,31,1990,0.6,,0,,,,,,,,,,,0,,,,Matches
Benítez Walter,arARG,1.0,Nice,28,1993,37.0,,0,,,,,,,,,,,0,,,,Matches
Benito Loris,chSUI,2.0,Bordeaux,29,1992,0.7,,0,,,,,,,,,,,1,,,,Matches
Bentaleb Nabil,dzALG,3.0,Angers,26,1994,16.8,,25,,,,,,,,,,,28,,,,Matches
Berg Patrick,noNOR,3.0,Lens,23,1997,3.4,,4,,,,,,,,,,,6,,,,Matches
Bergen Mitchell,nlNED,3.5,Reims,21,1999,10.9,,6,,,,,,,,,,,5,,,,Matches
Berisha Valon,xkKVX,3.0,Reims,28,1993,5.1,,7,,,,,,,,,,,2,,,,Matches
Bernardoni Paul,frFRA,1.0,Angers,24,1997,13.0,,2,,,,,,,,,,,0,,,,Matches
Bernardoni Paul,frFRA,1.0,Saint-Étienne,24,1997,19.0,,0,,,,,,,,,,,0,,,,Matches
Bernat Juan,esESP,2.3,Paris Saint-Germain,28,1993,10.6,,15,,,,,,,,,,,9,,,,Matches
Bertaud Dimitry,cdCOD,1.0,Montpellier,23,1998,9.3,,0,,,,,,,,,,,0,,,,Matches
Berthomier Jason,frFRA,3.0,Clermont Foot,31,1990,19.2,,17,,,,,,,,,,,6,,,,Matches
Biancone Giulian,frFRA,2.3,Troyes,21,2000,25.5,,43,,,,,,,,,,,52,,,,Matches
Bilal Touré El,mlMLI,3.5,Reims,19,2001,13.3,,5,,,,,,,,,,,5,,,,Matches
Billong Jean-Claude,cmCMR,2.0,Clermont Foot,27,1993,10.9,,10,,,,,,,,,,,9,,,,Matches
Bitumazala Nathan,frFRA,3.0,Paris Saint-Germain,18,2002,0.1,,0,,,,,,,,,,,0,,,,Matches
Bizot Marco,nlNED,1.0,Brest,30,1991,38.0,,2,,,,,,,,,,,0,,,,Matches
Blas Ludovic,frFRA,3.4,Nantes,23,1997,32.9,,19,,,,,,,,,,,30,,,,Matches
Boadu Myron,nlNED,4.0,Monaco,20,2001,10.7,,7,,,,,,,,,,,1,,,,Matches
Boateng Jérôme,deGER,2.0,Lyon,32,1988,18.0,,15,,,,,,,,,,,17,,,,Matches
Bobichon Antonin,frFRA,3.5,Angers,25,1995,0.4,,0,,,,,,,,,,,0,,,,Matches
Boisgard Quentin,frFRA,3.4,Lorient,24,1997,10.6,,12,,,,,,,,,,,5,,,,Matches
Boli Charles,frFRA,3.0,Lens,22,1998,0.4,,1,,,,,,,,,,,0,,,,Matches
Botman Sven,nlNED,2.0,Lille,21,2000,25.0,,12,,,,,,,,,,,27,,,,Matches
Bouanga Denis,gaGAB,3.5,Saint-Étienne,26,1994,27.1,,21,,,,,,,,,,,6,,,,Matches
Boudaoui Hicham,dzALG,3.0,Nice,21,1999,18.0,,20,,,,,,,,,,,20,,,,Matches
Boudebouz Ryad,dzALG,3.4,Saint-Étienne,31,1990,25.0,,16,,,,,,,,,,,8,,,,Matches
Boufal Sofiane,maMAR,3.5,Angers,27,1993,25.9,,27,,,,,,,,,,,5,,,,Matches
Boulaya Farid,dzALG,3.4,Metz,28,1993,17.0,,9,,,,,,,,,,,11,,,,Matches
Boura Ismaël,kmCOM,2.0,Lens,20,2000,1.1,,2,,,,,,,,,,,3,,,,Matches
Bourigeaud Benjamin,frFRA,3.4,Rennes,27,1994,35.5,,26,,,,,,,,,,,31,,,,Matches
Bourles Redwan,frFRA,3.0,Lorient,18,2003,0.2,,0,,,,,,,,,,,0,,,,Matches
Bradarić Domagoj,hrCRO,2.0,Lille,21,1999,4.6,,8,,,,,,,,,,,10,,,,Matches
Brahimi Bilal,dzALG,3.0,Nice,21,2000,4.2,,1,,,,,,,,,,,2,,,,Matches
Brahimi Bilal,dzALG,4.0,Angers,21,2000,3.8,,1,,,,,,,,,,,1,,,,Matches
Brassier Lilian,frFRA,2.0,Brest,21,1999,25.1,,25,,,,,,,,,,,33,,,,Matches
Briand Jimmy,frFRA,4.0,Bordeaux,35,1985,2.5,,0,,,,,,,,,,,1,,,,Matches
Bronn Dylan,tnTUN,2.0,Metz,26,1995,28.3,,29,,,,,,,,,,,42,,,,Matches
Bukari Osman,ghGHA,3.4,Nantes,22,1998,11.2,,10,,,,,,,,,,,8,,,,Matches
Busi Maxime,beBEL,2.3,Reims,21,1999,14.4,,15,,,,,,,,,,,13,,,,Matches
Busquets Oriol,esESP,3.0,Clermont Foot,22,1999,2.2,,3,,,,,,,,,,,1,,,,Matches
Bułka Marcin,plPOL,1.0,Nice,21,1999,1.0,,0,,,,,,,,,,,0,,,,Matches
Cabella Rémy,frFRA,3.0,Montpellier,31,1990,3.5,,7,,,,,,,,,,,5,,,,Matches
Cabot Jimmy,frFRA,3.0,Angers,27,1994,22.3,,49,,,,,,,,,,,33,,,,Matches
Caci Anthony,frFRA,2.3,Strasbourg,24,1997,26.6,,32,,,,,,,,,,,35,,,,Matches
Cafaro Mathieu,frFRA,3.4,Reims,24,1997,2.1,,2,,,,,,,,,,,3,,,,Matches
Cahuzac Yannick,frFRA,3.0,Lens,36,1985,6.9,,2,,,,,,,,,,,8,,,,Matches
Caillard Marc-Aurèle,frFRA,1.0,Metz,27,1994,17.1,,0,,,,,,,,,,,2,,,,Matches
Cajuste Jens,seSWE,3.0,Reims,21,1999,4.0,,6,,,,,,,,,,,5,,,,Matches
Ćaleta-Car Duje,hrCRO,2.0,Marseille,24,1996,22.9,,10,,,,,,,,,,,22,,,,Matches
Calodat Lucas,frFRA,2.0,Saint-Étienne,19,2002,0.0,,0,,,,,,,,,,,0,,,,Matches
Camara Mahdi,frFRA,2.4,Saint-Étienne,23,1998,34.1,,58,,,,,,,,,,,52,,,,Matches
Camara Mamadou,mlMLI,3.5,Troyes,20,2001,0.4,,1,,,,,,,,,,,0,,,,Matches
Camavinga Eduardo,frFRA,3.0,Rennes,18,2002,1.6,,1,,,,,,,,,,,1,,,,Matches
Candé Fali,gwGNB,2.3,Metz,23,1998,10.8,,18,,,,,,,,,,,6,,,,Matches
Capelle Pierrick,frFRA,3.0,Angers,34,1987,13.3,,25,,,,,,,,,,,15,,,,Matches
Caqueret Maxence,frFRA,3.0,Lyon,21,2000,25.9,,49,,,,,,,,,,,45,,,,Matches
Cardona Irvin,mtMLT,3.5,Brest,23,1997,14.8,,7,,,,,,,,,,,6,,,,Matches
Carioca Igor,brBRA,2.3,Lorient,24,1996,17.5,,16,,,,,,,,,,,22,,,,Matches
Cassamã Moreto,gwGNB,3.0,Reims,23,1998,8.9,,7,,,,,,,,,,,9,,,,Matches
Castelletto Jean-Charles,cmCMR,2.0,Nantes,26,1995,27.9,,26,,,,,,,,,,,29,,,,Matches
Çelik Zeki,trTUR,2.0,Lille,24,1997,30.0,,36,,,,,,,,,,,37,,,,Matches
Centonze Fabien,frFRA,2.4,Metz,25,1996,17.6,,20,,,,,,,,,,,31,,,,Matches
Chadaille Bitshiabu El,frFRA,2.0,Paris Saint-Germain,16,2005,0.1,,0,,,,,,,,,,,0,,,,Matches
Chadli Nassim,frFRA,3.0,Troyes,20,2001,1.1,,2,,,,,,,,,,,0,,,,Matches
Chahiri Mehdi,maMAR,3.0,Strasbourg,25,1996,0.2,,1,,,,,,,,,,,0,,,,Matches
Chambost Dylan,frFRA,3.0,Troyes,23,1997,8.4,,9,,,,,,,,,,,9,,,,Matches
Chardonnet Brendan,frFRA,2.0,Brest,26,1994,29.8,,25,,,,,,,,,,,60,,,,Matches
Chavalerin Xavier,frFRA,3.0,Troyes,30,1991,30.2,,28,,,,,,,,,,,34,,,,Matches
Chavalerin Xavier,frFRA,3.0,Reims,30,1991,2.4,,4,,,,,,,,,,,5,,,,Matches
Cherki Rayan,frFRA,4.0,Lyon,17,2003,4.9,,2,,,,,,,,,,,1,,,,Matches
Chirivella Pedro,esESP,3.0,Nantes,24,1997,29.3,,32,,,,,,,,,,,36,,,,Matches
Chotard Joris,frFRA,3.0,Montpellier,19,2001,32.6,,30,,,,,,,,,,,41,,,,Matches
Claude-Maurice Alexis,frFRA,3.5,Nice,23,1998,2.3,,0,,,,,,,,,,,3,,,,Matches
Clauss Jonathan,frFRA,3.0,Lens,28,1992,33.8,,36,,,,,,,,,,,71,,,,Matches
Coco Marcus,frFRA,3.4,Nantes,25,1996,10.3,,13,,,,,,,,,,,9,,,,Matches
Conté Abdu,ptPOR,2.3,Troyes,23,1998,15.0,,11,,,,,,,,,,,4,,,,Matches
Corchia Sébastien,frFRA,2.3,Nantes,30,1990,14.7,,16,,,,,,,,,,,11,,,,Matches
Cornet Maxwel,ciCIV,2.0,Lyon,24,1996,0.7,,1,,,,,,,,,,,1,,,,Matches
Costa David,ptPOR,3.4,Lens,20,2001,16.3,,12,,,,,,,,,,,12,,,,Matches
Costil Benoît,frFRA,1.0,Bordeaux,34,1987,25.0,,0,,,,,,,,,,,0,,,,Matches
Coulibaly Kalifa,mlMLI,4.0,Nantes,29,1991,9.4,,1,,,,,,,,,,,1,,,,Matches
Cozza Nicolas,frFRA,2.0,Montpellier,22,1999,30.8,,50,,,,,,,,,,,40,,,,Matches
Crivelli Enzo,frFRA,4.0,Saint-Étienne,26,1995,1.1,,0,,,,,,,,,,,0,,,,Matches
Cyprien Wylan,frFRA,3.0,Nantes,26,1995,16.6,,15,,,,,,,,,,,8,,,,Matches
Da Cunha Lucas,frFRA,3.0,Nice,20,2001,4.4,,7,,,,,,,,,,,1,,,,Matches
Da Cunha Lucas,frFRA,3.5,Clermont Foot,20,2001,9.3,,11,,,,,,,,,,,1,,,,Matches
Da Silva Damien,frFRA,2.0,Lyon,33,1988,12.5,,7,,,,,,,,,,,20,,,,Matches
Dagba Colin,frFRA,2.0,Paris Saint-Germain,22,1998,1.8,,2,,,,,,,,,,,2,,,,Matches
Daniliuc Flavius,atAUT,2.0,Nice,20,2001,14.4,,31,,,,,,,,,,,16,,,,Matches
Danso Kevin,atAUT,2.0,Lens,22,1998,31.0,,31,,,,,,,,,,,40,,,,Matches
Dante,brBRA,2.0,Nice,37,1983,31.9,,28,,,,,,,,,,,47,,,,Matches
David Jonathan,caCAN,4.0,Lille,21,2000,31.2,,11,,,,,,,,,,,6,,,,Matches
De La Fuente Konrad,usUSA,3.5,Marseille,20,2001,8.7,,8,,,,,,,,,,,2,,,,Matches
Del Castillo Romain,frFRA,3.5,Rennes,25,1996,0.3,,1,,,,,,,,,,,1,,,,Matches
Del Castillo Romain,frFRA,3.0,Brest,25,1996,10.8,,13,,,,,,,,,,,7,,,,Matches
Delaine Thomas,frFRA,2.4,Metz,29,1992,25.7,,35,,,,,,,,,,,27,,,,Matches
Delaye Sacha,frFRA,3.0,Montpellier,19,2002,2.8,,6,,,,,,,,,,,1,,,,Matches
Delort Andy,dzALG,4.0,Nice,29,1991,27.2,,8,,,,,,,,,,,7,,,,Matches
Delort Andy,dzALG,4.0,Montpellier,29,1991,3.0,,0,,,,,,,,,,,0,,,,Matches
Dembélé Moussa,frFRA,4.0,Lyon,25,1996,24.5,,9,,,,,,,,,,,7,,,,Matches
Denayer Jason,beBEL,2.0,Lyon,26,1995,11.1,,4,,,,,,,,,,,15,,,,Matches
Desmas Arthur,frFRA,1.0,Clermont Foot,27,1994,14.5,,0,,,,,,,,,,,0,,,,Matches
Di María Ángel,arARG,3.5,Paris Saint-Germain,33,1988,18.3,,18,,,,,,,,,,,6,,,,Matches
Diaby Yadaly,gnGUI,3.5,Clermont Foot,20,2000,0.7,,0,,,,,,,,,,,1,,,,Matches
Diakité Ibrahim,gnGUI,2.0,Reims,17,2003,0.0,,0,,,,,,,,,,,0,,,,Matches
Diallo Abdou,snSEN,2.0,Paris Saint-Germain,25,1996,9.7,,14,,,,,,,,,,,11,,,,Matches
Diallo Habib,snSEN,4.0,Strasbourg,26,1995,17.1,,5,,,,,,,,,,,4,,,,Matches
Diarra Habib,snSEN,3.0,Strasbourg,17,2004,1.2,,1,,,,,,,,,,,0,,,,Matches
Diarra Stéphane,frFRA,3.5,Lorient,22,1998,5.8,,9,,,,,,,,,,,7,,,,Matches
Diatta Krépin,snSEN,3.0,Monaco,22,1999,3.2,,2,,,,,,,,,,,1,,,,Matches
Dieng Bamba,snSEN,3.5,Marseille,21,2000,10.8,,10,,,,,,,,,,,4,,,,Matches
Dieye Elhadji,snSEN,4.0,Saint-Étienne,19,2002,0.4,,2,,,,,,,,,,,1,,,,Matches
Dilrosun Javairô,nlNED,3.4,Bordeaux,23,1998,19.2,,4,,,,,,,,,,,10,,,,Matches
Dina Ebimbe Junior,cmCMR,3.0,Paris Saint-Germain,20,2000,3.5,,5,,,,,,,,,,,2,,,,Matches
Dingomé Tristan,cmCMR,3.4,Troyes,30,1991,12.0,,11,,,,,,,,,,,8,,,,Matches
Diomande Sinaly,ciCIV,2.0,Lyon,20,2001,6.4,,4,,,,,,,,,,,12,,,,Matches
Diop Sofiane,maMAR,3.0,Monaco,21,2000,21.6,,21,,,,,,,,,,,25,,,,Matches
Diouf Andy,frFRA,3.0,Rennes,18,2003,0.2,,1,,,,,,,,,,,0,,,,Matches
Dioussé Assane,snSEN,3.0,Saint-Étienne,23,1997,0.3,,1,,,,,,,,,,,1,,,,Matches
Disasi Axel,frFRA,2.0,Monaco,23,1998,30.2,,23,,,,,,,,,,,24,,,,Matches
Djaló Tiago,ptPOR,2.0,Lille,21,2000,25.9,,38,,,,,,,,,,,22,,,,Matches
Djiku Alexander,ghGHA,2.0,Strasbourg,26,1994,29.9,,35,,,,,,,,,,,59,,,,Matches
Djile Nokoué Bryan,cmCMR,2.0,Saint-Étienne,19,2002,0.6,,3,,,,,,,,,,,1,,,,Matches
Djoco Ouparine,gwGNB,1.0,Clermont Foot,23,1998,23.5,,0,,,,,,,,,,,1,,,,Matches
Doku Jeremy,beBEL,3.4,Rennes,19,2002,5.2,,4,,,,,,,,,,,3,,,,Matches
Dolberg Kasper,dkDEN,4.0,Nice,23,1997,16.6,,4,,,,,,,,,,,7,,,,Matches
Domingues Brandon,frFRA,3.0,Troyes,21,2000,2.6,,2,,,,,,,,,,,3,,,,Matches
Donis Anastasios,grGRE,3.4,Reims,24,1996,4.1,,6,,,,,,,,,,,0,,,,Matches
Donnarumma Gianluigi,itITA,1.0,Paris Saint-Germain,22,1999,17.0,,0,,,,,,,,,,,0,,,,Matches
Dossou Jodel,bjBEN,3.4,Clermont Foot,29,1992,22.3,,17,,,,,,,,,,,7,,,,Matches
Doucet Lohann,frFRA,3.0,Nantes,18,2002,0.1,,0,,,,,,,,,,,1,,,,Matches
Doucouré Cheick,mlMLI,3.0,Lens,21,2000,32.7,,41,,,,,,,,,,,63,,,,Matches
Doucouré Fodé,mlMLI,2.0,Reims,20,2001,1.7,,10,,,,,,,,,,,4,,,,Matches
Doukouré Ismaël,frFRA,2.3,Strasbourg,18,2003,0.2,,0,,,,,,,,,,,0,,,,Matches
Doumbia Kamory,mlMLI,3.0,Reims,18,2003,3.9,,2,,,,,,,,,,,4,,,,Matches
Doumbia Moussa,mlMLI,3.0,Reims,26,1994,1.0,,0,,,,,,,,,,,0,,,,Matches
Doumbia Souleyman,ciCIV,2.4,Angers,24,1996,24.7,,20,,,,,,,,,,,38,,,,Matches
Draxler Julian,deGER,3.5,Paris Saint-Germain,27,1993,6.1,,2,,,,,,,,,,,6,,,,Matches
Dreyer Matthieu,frFRA,1.0,Lorient,32,1989,16.0,,1,,,,,,,,,,,0,,,,Matches
Dubois Leo,frFRA,2.3,Lyon,26,1994,19.4,,30,,,,,,,,,,,20,,,,Matches
Duverne Jean-Kevin,htHAI,2.0,Brest,24,1997,33.4,,40,,,,,,,,,,,53,,,,Matches
Ebosse Enzo,cmCMR,2.3,Angers,22,1999,21.0,,16,,,,,,,,,,,15,,,,Matches
Ekitike Hugo,frFRA,4.0,Reims,19,2002,14.1,,10,,,,,,,,,,,6,,,,Matches
Elis Alberth,hnHON,3.5,Bordeaux,25,1996,15.7,,8,,,,,,,,,,,7,,,,Matches
Emond Renaud,beBEL,3.4,Nantes,29,1991,2.1,,0,,,,,,,,,,,0,,,,Matches
Estève Maxime,frFRA,2.0,Montpellier,19,2002,20.6,,18,,,,,,,,,,,22,,,,Matches
Fábio,brBRA,2.3,Nantes,31,1990,18.5,,39,,,,,,,,,,,35,,,,Matches
Fàbregas Cesc,esESP,3.5,Monaco,34,1987,0.4,,0,,,,,,,,,,,1,,,,Matches
Faes Wout,beBEL,2.0,Reims,23,1998,37.0,,25,,,,,,,,,,,52,,,,Matches
Faivre Romain,frFRA,3.0,Lyon,23,1998,9.9,,5,,,,,,,,,,,3,,,,Matches
Faivre Romain,frFRA,3.0,Brest,23,1998,19.9,,16,,,,,,,,,,,11,,,,Matches
Faríñez Wuilker,veVEN,1.0,Lens,23,1998,12.3,,0,,,,,,,,,,,0,,,,Matches
Fatar Noah,frFRA,4.0,Angers,19,2002,0.1,,0,,,,,,,,,,,1,,,,Matches
Faussurier Julien,frFRA,2.4,Brest,34,1987,5.4,,6,,,,,,,,,,,4,,,,Matches
Ferri Jordan,frFRA,3.0,Montpellier,29,1992,32.3,,37,,,,,,,,,,,31,,,,Matches
Fila Karol,plPOL,2.3,Strasbourg,23,1998,6.2,,8,,,,,,,,,,,3,,,,Matches
Flips Alexis,frFRA,3.0,Reims,21,2000,11.7,,23,,,,,,,,,,,22,,,,Matches
Fofana Mamadou,mlMLI,2.3,Metz,23,1998,0.4,,1,,,,,,,,,,,1,,,,Matches
Fofana Seko,ciCIV,3.0,Lens,26,1995,37.3,,18,,,,,,,,,,,26,,,,Matches
Fofana Youssouf,frFRA,3.0,Monaco,22,1999,24.3,,43,,,,,,,,,,,28,,,,Matches
Foket Thomas,beBEL,2.4,Reims,26,1994,24.8,,18,,,,,,,,,,,30,,,,Matches
Fontaine Thomas,mgMAD,2.0,Lorient,30,1991,1.9,,0,,,,,,,,,,,2,,,,Matches
Fonte José,ptPOR,2.0,Lille,37,1983,38.0,,15,,,,,,,,,,,43,,,,Matches
Fortes Steven,cvCPV,2.0,Lens,29,1992,1.0,,1,,,,,,,,,,,0,,,,Matches
Frankowski Przemysław,plPOL,3.0,Lens,26,1995,27.2,,39,,,,,,,,,,,27,,,,Matches
Fransérgio,brBRA,3.0,Bordeaux,30,1990,14.0,,10,,,,,,,,,,,22,,,,Matches
Fulgini Angelo,frFRA,3.4,Angers,24,1996,32.5,,26,,,,,,,,,,,17,,,,Matches
Gallon Gauthier,frFRA,1.0,Troyes,28,1993,31.0,,0,,,,,,,,,,,2,,,,Matches
Gameiro Kévin,frFRA,4.0,Strasbourg,34,1987,26.5,,13,,,,,,,,,,,5,,,,Matches
Gana Gueye Idrissa,snSEN,3.0,Paris Saint-Germain,31,1989,18.2,,37,,,,,,,,,,,24,,,,Matches
Ganago Ignatius,cmCMR,4.0,Lens,22,1999,11.4,,3,,,,,,,,,,,2,,,,Matches
Gassama Djeidi,frFRA,3.5,Paris Saint-Germain,17,2003,0.0,,0,,,,,,,,,,,0,,,,Matches
Gastien Johan,frFRA,3.0,Clermont Foot,33,1988,30.5,,34,,,,,,,,,,,53,,,,Matches
Germain Valère,frFRA,4.0,Montpellier,31,1990,21.9,,14,,,,,,,,,,,8,,,,Matches
Gerson,brBRA,3.4,Marseille,24,1997,28.3,,18,,,,,,,,,,,14,,,,Matches
Geubbels Willem,frFRA,3.4,Nantes,19,2001,6.0,,5,,,,,,,,,,,6,,,,Matches
Gharbi Ismaël,tnTUN,3.0,Paris Saint-Germain,17,2004,0.0,,0,,,,,,,,,,,0,,,,Matches
Ghezali Lamine,frFRA,3.0,Saint-Étienne,22,1999,0.0,,0,,,,,,,,,,,0,,,,Matches
Gioacchini Nicholas,usUSA,3.0,Montpellier,21,2000,5.5,,5,,,,,,,,,,,4,,,,Matches
Giraudon Jimmy,frFRA,2.0,Troyes,29,1992,18.0,,7,,,,,,,,,,,36,,,,Matches
Girotto Andrei,brBRA,2.3,Nantes,29,1992,35.0,,50,,,,,,,,,,,65,,,,Matches
Golovin Aleksandr,ruRUS,3.0,Monaco,25,1996,16.7,,23,,,,,,,,,,,12,,,,Matches
Gomes Angel,engENG,3.0,Lille,20,2000,10.6,,13,,,,,,,,,,,3,,,,Matches
Gomis Alfred,snSEN,1.0,Rennes,27,1993,25.0,,1,,,,,,,,,,,1,,,,Matches
Gonçalves Vagner,cvCPV,3.5,Metz,25,1996,1.0,,1,,,,,,,,,,,1,,,,Matches
González Álvaro,esESP,2.3,Marseille,31,1990,5.0,,3,,,,,,,,,,,1,,,,Matches
Gouiri Amine,dzALG,3.5,Nice,21,2000,30.6,,15,,,,,,,,,,,11,,,,Matches
Gourna-Douath Lucas,frFRA,3.0,Saint-Étienne,17,2003,20.0,,27,,,,,,,,,,,11,,,,Matches
Gradit Jonathan,frFRA,2.0,Lens,28,1992,34.1,,32,,,,,,,,,,,67,,,,Matches
Gravillon Andrew,gpGLP,2.0,Reims,23,1998,23.7,,24,,,,,,,,,,,31,,,,Matches
Grbić Adrian,atAUT,4.0,Lorient,24,1996,5.8,,1,,,,,,,,,,,0,,,,Matches
Grbić Ivo,hrCRO,1.0,Lille,25,1996,21.0,,0,,,,,,,,,,,0,,,,Matches
Green Etienne,engENG,1.0,Saint-Étienne,21,2000,13.3,,1,,,,,,,,,,,1,,,,Matches
Gudmundsson Gabriel,seSWE,2.3,Lille,22,1999,14.9,,31,,,,,,,,,,,18,,,,Matches
Guendouzi Mattéo,frFRA,3.0,Marseille,22,1999,35.0,,30,,,,,,,,,,,13,,,,Matches
Guermouche Yanis,frFRA,3.0,Montpellier,20,2001,0.1,,1,,,,,,,,,,,0,,,,Matches
Guessand Evann,ciCIV,4.0,Nice,20,2001,4.9,,9,,,,,,,,,,,0,,,,Matches
Gueye Lamine,snSEN,3.4,Metz,23,1998,6.2,,4,,,,,,,,,,,3,,,,Matches
Gueye Pape,snSEN,2.4,Marseille,22,1999,17.0,,20,,,,,,,,,,,24,,,,Matches
Guilavogui Josuha,frFRA,2.4,Bordeaux,30,1990,14.8,,17,,,,,,,,,,,35,,,,Matches
Guilbert Frederic,frFRA,2.3,Strasbourg,26,1994,28.0,,38,,,,,,,,,,,54,,,,Matches
Guimarães Bruno,brBRA,3.0,Lyon,23,1997,18.2,,32,,,,,,,,,,,22,,,,Matches
Guirassy Serhou,gnGUI,4.0,Rennes,25,1996,11.3,,3,,,,,,,,,,,1,,,,Matches
Gusto Malo,frFRA,2.3,Lyon,18,2003,20.9,,36,,,,,,,,,,,28,,,,Matches
Haïdara Massadio,mlMLI,2.4,Lens,28,1992,12.0,,20,,,,,,,,,,,24,,,,Matches
Hajjam Oualid,maMAR,2.0,Troyes,30,1991,11.9,,13,,,,,,,,,,,22,,,,Matches
Hakimi Achraf,maMAR,2.3,Paris Saint-Germain,22,1998,27.5,,49,,,,,,,,,,,27,,,,Matches
Hamel Pierre-Yves,frFRA,4.0,Lorient,27,1994,0.3,,0,,,,,,,,,,,1,,,,Matches
Hamel Pierre-Yves,frFRA,4.0,Clermont Foot,27,1994,5.8,,7,,,,,,,,,,,0,,,,Matches
Hamouma Romain,frFRA,3.5,Saint-Étienne,34,1987,9.8,,7,,,,,,,,,,,3,,,,Matches
Harit Amine,maMAR,3.4,Marseille,24,1997,12.9,,9,,,,,,,,,,,3,,,,Matches
Henrique,brBRA,2.3,Lyon,27,1994,12.3,,8,,,,,,,,,,,21,,,,Matches
Henrique Luis,brBRA,3.4,Marseille,19,2001,7.8,,3,,,,,,,,,,,4,,,,Matches
Hérelle Christophe,mqMTQ,2.0,Brest,28,1992,21.5,,28,,,,,,,,,,,44,,,,Matches
Hergault Jérôme,frFRA,2.3,Lorient,35,1986,3.9,,3,,,,,,,,,,,4,,,,Matches
Herrera Ander,esESP,3.0,Paris Saint-Germain,31,1989,12.1,,16,,,,,,,,,,,17,,,,Matches
Honorat Franck,frFRA,3.4,Brest,24,1996,32.2,,38,,,,,,,,,,,16,,,,Matches
Hornby Fraser,sctSCO,4.0,Reims,21,1999,3.9,,1,,,,,,,,,,,4,,,,Matches
Hountondji Cédric,bjBEN,2.0,Clermont Foot,27,1994,22.6,,18,,,,,,,,,,,36,,,,Matches
Hyun-jun Suk,krKOR,4.0,Troyes,30,1991,1.7,,0,,,,,,,,,,,0,,,,Matches
Icardi Mauro,arARG,4.0,Paris Saint-Germain,28,1993,11.4,,3,,,,,,,,,,,5,,,,Matches
Iglesias Jonathan,uyURU,3.0,Clermont Foot,32,1988,6.4,,11,,,,,,,,,,,5,,,,Matches
Ignacio Ramírez Juan,uyURU,4.0,Saint-Étienne,24,1997,1.4,,0,,,,,,,,,,,0,,,,Matches
Ihnatenko Danylo,uaUKR,3.0,Bordeaux,24,1997,7.7,,10,,,,,,,,,,,5,,,,Matches
Ikone Jonathan,frFRA,3.4,Lille,23,1998,11.8,,3,,,,,,,,,,,3,,,,Matches
Innocent Bonke,ngNGA,3.0,Lorient,25,1996,9.7,,18,,,,,,,,,,,16,,,,Matches
Isidor Wilson,frFRA,3.5,Monaco,20,2000,0.6,,0,,,,,,,,,,,0,,,,Matches
Jakobs Ismail,snSEN,2.3,Monaco,21,1999,13.4,,17,,,,,,,,,,,14,,,,Matches
Jakoliš Marin,hrCRO,4.0,Angers,24,1996,2.5,,1,,,,,,,,,,,1,,,,Matches
Jalil Medioub Abdel,dzALG,2.0,Bordeaux,23,1997,6.9,,5,,,,,,,,,,,15,,,,Matches
Jardim Léo,brBRA,1.0,Lille,26,1995,17.0,,0,,,,,,,,,,,1,,,,Matches
Jean Corentin,frFRA,4.0,Lens,26,1995,2.8,,6,,,,,,,,,,,1,,,,Matches
Jemerson,brBRA,2.0,Metz,28,1992,13.4,,24,,,,,,,,,,,23,,,,Matches
Jenz Moritz,deGER,2.0,Lorient,22,1999,15.3,,12,,,,,,,,,,,28,,,,Matches
Joseph Lenny,frFRA,3.5,Metz,20,2000,1.7,,2,,,,,,,,,,,0,,,,Matches
Kaboré Issa,bfBFA,2.3,Troyes,20,2001,25.0,,24,,,,,,,,,,,21,,,,Matches
Kadewere Tino,zwZIM,3.4,Lyon,25,1996,5.6,,5,,,,,,,,,,,4,,,,Matches
Kakuta Gaël,cdCOD,3.4,Lens,30,1991,18.6,,13,,,,,,,,,,,3,,,,Matches
Kalimuendo Arnaud,frFRA,4.0,Lens,19,2002,23.9,,7,,,,,,,,,,,8,,,,Matches
Kalimuendo Arnaud,frFRA,4.0,Paris Saint-Germain,19,2002,0.1,,0,,,,,,,,,,,0,,,,Matches
Kalu Samuel,ngNGA,3.4,Bordeaux,23,1997,3.6,,5,,,,,,,,,,,3,,,,Matches
Kamara Boubacar,frFRA,2.4,Marseille,21,1999,30.9,,39,,,,,,,,,,,43,,,,Matches
Kamara Hassane,ciCIV,2.4,Nice,27,1994,6.0,,10,,,,,,,,,,,9,,,,Matches
Kana-Biyik Jean-Armel,cmCMR,2.0,Metz,32,1989,7.4,,6,,,,,,,,,,,15,,,,Matches
Kandil Nordine,frFRA,3.0,Strasbourg,19,2001,1.0,,1,,,,,,,,,,,1,,,,Matches
Kawashima Eiji,jpJPN,1.0,Strasbourg,38,1983,1.0,,0,,,,,,,,,,,0,,,,Matches
Kebbal Ilan,dzALG,3.4,Reims,23,1998,19.7,,14,,,,,,,,,,,13,,,,Matches
Kehrer Thilo,deGER,2.0,Paris Saint-Germain,24,1996,16.8,,15,,,,,,,,,,,22,,,,Matches
Keita Habib,mlMLI,3.0,Lyon,19,2002,0.1,,0,,,,,,,,,,,0,,,,Matches
Khaoui Saîf-Eddine,tnTUN,3.4,Clermont Foot,26,1995,10.3,,11,,,,,,,,,,,13,,,,Matches
Khazri Wahbi,tnTUN,3.5,Saint-Étienne,30,1991,24.7,,18,,,,,,,,,,,10,,,,Matches
Kimpembe Presnel,frFRA,2.0,Paris Saint-Germain,25,1995,28.6,,20,,,,,,,,,,,39,,,,Matches
Klidje Thibault,tgTOG,4.0,Bordeaux,20,2001,1.0,,0,,,,,,,,,,,2,,,,Matches
Kluivert Justin,nlNED,3.0,Nice,22,1999,20.8,,8,,,,,,,,,,,13,,,,Matches
Koeberlé Samuel,frFRA,3.0,Reims,16,2004,0.0,,0,,,,,,,,,,,0,,,,Matches
Koffi Philippe,ciCIV,4.0,Reims,19,2002,4.2,,0,,,,,,,,,,,3,,,,Matches
Kolašinac Sead,baBIH,2.0,Marseille,28,1993,4.9,,5,,,,,,,,,,,0,,,,Matches
Kolo Muani Randal,frFRA,3.5,Nantes,22,1998,32.8,,16,,,,,,,,,,,6,,,,Matches
Kolodziejczak Timothée,frFRA,2.3,Saint-Étienne,29,1991,28.5,,26,,,,,,,,,,,55,,,,Matches
Konan Ghislain,ciCIV,2.4,Reims,25,1995,26.9,,21,,,,,,,,,,,25,,,,Matches
Koné Ibrahima,mlMLI,4.0,Lorient,22,1999,8.1,,4,,,,,,,,,,,1,,,,Matches
Koné Youssouf,mlMLI,2.3,Troyes,26,1995,10.9,,18,,,,,,,,,,,9,,,,Matches
Koscielny Laurent,frFRA,2.0,Bordeaux,35,1985,10.4,,8,,,,,,,,,,,11,,,,Matches
Kouamé Rominigue,mlMLI,3.0,Troyes,24,1996,33.0,,25,,,,,,,,,,,45,,,,Matches
Kouyaté Boubakar,mlMLI,2.0,Metz,24,1997,29.6,,48,,,,,,,,,,,80,,,,Matches
Krasso Jean-Philippe,ciCIV,4.0,Saint-Étienne,24,1997,5.0,,5,,,,,,,,,,,0,,,,Matches
Kukharevych Mykola,uaUKR,4.0,Troyes,20,2001,0.2,,0,,,,,,,,,,,0,,,,Matches
Kwateng Enock,frFRA,2.3,Bordeaux,24,1997,22.2,,36,,,,,,,,,,,43,,,,Matches
Kyei Grejohn,frFRA,4.0,Clermont Foot,25,1995,4.4,,2,,,,,,,,,,,0,,,,Matches
Laborde Gaëtan,frFRA,3.0,Montpellier,27,1994,3.8,,2,,,,,,,,,,,4,,,,Matches
Laborde Gaëtan,frFRA,4.0,Rennes,27,1994,30.3,,7,,,,,,,,,,,7,,,,Matches
Lacoux Tom,frFRA,3.0,Bordeaux,19,2002,10.1,,14,,,,,,,,,,,10,,,,Matches
Lacroix Lenny,frFRA,2.0,Metz,18,2003,2.2,,8,,,,,,,,,,,10,,,,Matches
Lafont Alban,ciCIV,1.0,Nantes,22,1999,38.0,,3,,,,,,,,,,,1,,,,Matches
Lamine Bayo Mohamed,gnGUI,4.0,Clermont Foot,23,1998,26.8,,5,,,,,,,,,,,6,,,,Matches
Lamkel Zé Didier,cmCMR,4.0,Metz,24,1996,6.7,,2,,,,,,,,,,,1,,,,Matches
Laporte Julien,frFRA,2.0,Lorient,27,1993,32.1,,44,,,,,,,,,,,51,,,,Matches
Larouci Yasser,dzALG,2.0,Troyes,20,2001,3.8,,5,,,,,,,,,,,7,,,,Matches
Lasne Paul,frFRA,3.0,Brest,32,1989,9.4,,14,,,,,,,,,,,22,,,,Matches
Lauriente Armand,frFRA,3.5,Lorient,22,1998,27.5,,18,,,,,,,,,,,12,,,,Matches
Le Bris Théo,frFRA,3.0,Lorient,18,2002,0.7,,1,,,,,,,,,,,0,,,,Matches
Le Douaron Jérémy,frFRA,3.5,Brest,23,1998,16.1,,7,,,,,,,,,,,4,,,,Matches
Le Fée Enzo,frFRA,3.4,Lorient,21,2000,24.4,,45,,,,,,,,,,,29,,,,Matches
Le Goff Vincent,frFRA,2.3,Lorient,31,1989,34.0,,41,,,,,,,,,,,36,,,,Matches
Le Marchand Maxime,frFRA,2.0,Strasbourg,31,1989,9.6,,10,,,,,,,,,,,12,,,,Matches
Leca Jean-Louis,frFRA,1.0,Lens,35,1985,25.7,,0,,,,,,,,,,,1,,,,Matches
Lemaréchal Félix,frFRA,3.0,Monaco,17,2003,0.1,,0,,,,,,,,,,,0,,,,Matches
Lemina Mario,gaGAB,3.0,Nice,27,1993,21.9,,34,,,,,,,,,,,43,,,,Matches
Lemoine Fabien,frFRA,3.0,Lorient,34,1987,12.4,,22,,,,,,,,,,,14,,,,Matches
Leroy Léo,frFRA,3.0,Montpellier,21,2000,7.0,,24,,,,,,,,,,,7,,,,Matches
Letellier Alexandre,frFRA,1.0,Paris Saint-Germain,30,1990,0.1,,0,,,,,,,,,,,0,,,,Matches
Lhery Yanis,frFRA,4.0,Saint-Étienne,18,2003,0.8,,0,,,,,,,,,,,0,,,,Matches
Liénard Dimitri,frFRA,2.3,Strasbourg,33,1988,22.7,,45,,,,,,,,,,,23,,,,Matches
Lihadji Isaac,frFRA,3.0,Lille,19,2002,2.6,,3,,,,,,,,,,,2,,,,Matches
Lirola Pol,esESP,2.3,Marseille,23,1997,19.7,,16,,,,,,,,,,,12,,,,Matches
Locko Bradley,frFRA,2.4,Reims,19,2002,11.2,,18,,,,,,,,,,,14,,,,Matches
Lopes Anthony,ptPOR,1.0,Lyon,30,1990,33.1,,0,,,,,,,,,,,4,,,,Matches
López Pau,esESP,1.0,Marseille,26,1994,29.0,,0,,,,,,,,,,,1,,,,Matches
Lopy Dion,snSEN,3.0,Reims,19,2002,18.2,,29,,,,,,,,,,,24,,,,Matches
Loric Samuel,frFRA,3.0,Lorient,21,2000,3.0,,5,,,,,,,,,,,4,,,,Matches
Lotomba Jordan,chSUI,2.0,Nice,22,1998,19.8,,18,,,,,,,,,,,11,,,,Matches
Louisjean Johaneko,frFRA,2.0,Bordeaux,17,2004,0.1,,0,,,,,,,,,,,0,,,,Matches
Lucas Jean,brBRA,3.0,Monaco,23,1998,16.1,,25,,,,,,,,,,,14,,,,Matches
Lukeba Castello,frFRA,2.0,Lyon,18,2002,23.3,,18,,,,,,,,,,,38,,,,Matches
Lumeka Levi,engENG,3.0,Troyes,22,1998,0.7,,0,,,,,,,,,,,0,,,,Matches
Machado Deiver,coCOL,3.0,Lens,27,1993,5.8,,14,,,,,,,,,,,4,,,,Matches
Macon Yvann,frFRA,2.3,Saint-Étienne,22,1998,17.0,,26,,,,,,,,,,,16,,,,Matches
Mafouta Louis,cfCTA,4.0,Metz,27,1994,5.8,,0,,,,,,,,,,,0,,,,Matches
Magnetti Hugo,frFRA,3.0,Brest,23,1998,16.3,,33,,,,,,,,,,,24,,,,Matches
Magnin Yohann,frFRA,2.4,Clermont Foot,24,1997,19.1,,33,,,,,,,,,,,20,,,,Matches
Maïga Habib,ciCIV,3.0,Metz,25,1996,14.1,,29,,,,,,,,,,,13,,,,Matches
Maja Josh,ngNGA,4.0,Bordeaux,22,1998,0.1,,0,,,,,,,,,,,0,,,,Matches
Majeed Waris Abdul,ghGHA,3.4,Strasbourg,29,1991,3.6,,2,,,,,,,,,,,0,,,,Matches
Majer Lovro,hrCRO,3.0,Rennes,23,1998,20.4,,22,,,,,,,,,,,11,,,,Matches
Makouana Béni,cgCGO,4.0,Montpellier,18,2002,3.6,,2,,,,,,,,,,,3,,,,Matches
Manceau Vincent,frFRA,2.0,Angers,32,1989,26.2,,18,,,,,,,,,,,33,,,,Matches
Mandanda Steve,frFRA,1.0,Marseille,36,1985,9.0,,0,,,,,,,,,,,1,,,,Matches
Mandava Reinildo,mzMOZ,2.0,Lille,27,1994,16.9,,24,,,,,,,,,,,36,,,,Matches
Mandrea Anthony,dzALG,1.0,Angers,24,1996,10.0,,0,,,,,,,,,,,0,,,,Matches
Mangala Eliaquim,frFRA,2.0,Saint-Étienne,30,1991,13.1,,9,,,,,,,,,,,15,,,,Matches
Mangani Thomas,frFRA,3.0,Angers,34,1987,24.4,,35,,,,,,,,,,,37,,,,Matches
Mangas Ricardo,ptPOR,2.3,Bordeaux,23,1998,26.1,,22,,,,,,,,,,,25,,,,Matches
Maolida Myziane,kmCOM,3.5,Nice,22,1999,0.4,,0,,,,,,,,,,,0,,,,Matches
Mara Sekou,frFRA,4.0,Bordeaux,19,2002,10.1,,4,,,,,,,,,,,2,,,,Matches
Marcelo,brBRA,2.0,Bordeaux,34,1987,10.0,,5,,,,,,,,,,,11,,,,Matches
Marcelo,brBRA,2.0,Lyon,34,1987,2.0,,3,,,,,,,,,,,4,,,,Matches
Maripán Guillermo,clCHI,2.0,Monaco,27,1994,20.4,,24,,,,,,,,,,,24,,,,Matches
Marquinhos,brBRA,2.0,Paris Saint-Germain,27,1994,31.8,,15,,,,,,,,,,,13,,,,Matches
Martin Jonas,frFRA,3.0,Rennes,31,1990,23.4,,21,,,,,,,,,,,19,,,,Matches
Martins Gelson,ptPOR,3.0,Monaco,26,1995,21.2,,28,,,,,,,,,,,17,,,,Matches
Matar Sarr Pape,snSEN,3.0,Metz,18,2002,23.7,,28,,,,,,,,,,,29,,,,Matches
Matazo Eliot,beBEL,3.0,Monaco,19,2002,8.8,,8,,,,,,,,,,,12,,,,Matches
Matsima Chrislain,frFRA,2.0,Monaco,19,2002,1.5,,2,,,,,,,,,,,1,,,,Matches
Matusiwa Azor,nlNED,3.0,Reims,23,1998,27.4,,31,,,,,,,,,,,60,,,,Matches
Mavididi Stephy,engENG,3.4,Montpellier,23,1998,25.5,,13,,,,,,,,,,,7,,,,Matches
Mazou-Sacko Derek,frFRA,3.0,Troyes,16,2004,0.0,,0,,,,,,,,,,,0,,,,Matches
Mbappé Kylian,frFRA,4.0,Paris Saint-Germain,22,1998,33.6,,10,,,,,,,,,,,4,,,,Matches
Mbemba Yannis,gaGAB,2.0,Nantes,20,2001,0.1,,0,,,,,,,,,,,0,,,,Matches
Mbengue Amadou,snSEN,2.0,Metz,19,2002,6.8,,10,,,,,,,,,,,11,,,,Matches
Mbock Hianga'a,frFRA,3.0,Brest,21,1999,8.9,,12,,,,,,,,,,,5,,,,Matches
Mbock Jason,frFRA,4.0,Angers,21,1999,0.2,,0,,,,,,,,,,,0,,,,Matches
Mbow Moustapha,snSEN,2.0,Reims,21,2000,1.0,,5,,,,,,,,,,,1,,,,Matches
Mbuku Nathanael,cdCOD,3.5,Reims,19,2002,15.8,,10,,,,,,,,,,,8,,,,Matches
Medina Facundo,arARG,2.0,Lens,22,1999,28.8,,43,,,,,,,,,,,35,,,,Matches
Melali Farid,dzALG,3.0,Angers,24,1997,0.2,,0,,,,,,,,,,,0,,,,Matches
Meling Birger,noNOR,2.0,Rennes,26,1994,20.3,,29,,,,,,,,,,,20,,,,Matches
Mendes Houboulang,gwGNB,2.0,Lorient,23,1998,35.8,,29,,,,,,,,,,,39,,,,Matches
Mendes Nuno,ptPOR,2.0,Paris Saint-Germain,19,2002,18.4,,30,,,,,,,,,,,19,,,,Matches
Mendes Pedro,ptPOR,2.0,Montpellier,30,1990,0.2,,1,,,,,,,,,,,0,,,,Matches
Mendes Thiago,brBRA,2.4,Lyon,29,1992,20.7,,22,,,,,,,,,,,32,,,,Matches
Mendy Arial,snSEN,2.3,Clermont Foot,26,1994,8.8,,3,,,,,,,,,,,7,,,,Matches
Mendy Batista,frFRA,2.4,Angers,21,2000,26.8,,31,,,,,,,,,,,34,,,,Matches
Mensah Gideon,ghGHA,2.3,Bordeaux,23,1998,13.4,,24,,,,,,,,,,,13,,,,Matches
Merlin Quentin,frFRA,2.3,Nantes,19,2002,21.4,,29,,,,,,,,,,,25,,,,Matches
Messi Lionel,arARG,3.5,Paris Saint-Germain,34,1987,23.9,,3,,,,,,,,,,,4,,,,Matches
Mexer,mzMOZ,2.0,Bordeaux,32,1988,13.6,,9,,,,,,,,,,,19,,,,Matches
Michut Edouard,frFRA,3.0,Paris Saint-Germain,18,2003,0.8,,0,,,,,,,,,,,1,,,,Matches
Mikautadze Georges,geGEO,4.0,Metz,20,2000,0.0,,0,,,,,,,,,,,0,,,,Matches
Mikelbrencis William,frFRA,2.4,Metz,17,2004,6.8,,5,,,,,,,,,,,5,,,,Matches
Milik Arkadiusz,plPOL,3.5,Marseille,27,1994,15.7,,2,,,,,,,,,,,3,,,,Matches
Moffi Terem,ngNGA,4.0,Lorient,22,1999,30.1,,10,,,,,,,,,,,3,,,,Matches
Mollet Florent,frFRA,3.0,Montpellier,29,1991,29.2,,22,,,,,,,,,,,19,,,,Matches
Monconduit Thomas,frFRA,3.0,Lorient,30,1991,25.0,,25,,,,,,,,,,,23,,,,Matches
Morel Jérémy,mgMAD,2.0,Lorient,37,1984,6.7,,8,,,,,,,,,,,6,,,,Matches
Mothiba Lebo,zaRSA,3.4,Troyes,25,1996,5.8,,3,,,,,,,,,,,2,,,,Matches
Mothiba Lebo,zaRSA,4.0,Strasbourg,25,1996,0.0,,0,,,,,,,,,,,0,,,,Matches
Mouazan Baptiste,frFRA,3.0,Lorient,19,2001,1.1,,3,,,,,,,,,,,1,,,,Matches
Moueffek Aimen,frFRA,3.4,Saint-Étienne,20,2001,4.8,,4,,,,,,,,,,,2,,,,Matches
Moukoudi Harold,cmCMR,2.0,Saint-Étienne,23,1997,18.5,,13,,,,,,,,,,,40,,,,Matches
Moulin Jessy,frFRA,1.0,Troyes,35,1986,7.0,,0,,,,,,,,,,,1,,,,Matches
Mounié Steve,bjBEN,4.0,Brest,26,1994,25.7,,6,,,,,,,,,,,6,,,,Matches
Moutoussamy Samuel,cdCOD,3.0,Nantes,24,1996,16.8,,26,,,,,,,,,,,18,,,,Matches
Munetsi Marshall,zwZIM,2.4,Reims,25,1996,20.9,,19,,,,,,,,,,,37,,,,Matches
Mwanga Junior,frFRA,2.0,Bordeaux,18,2003,1.0,,2,,,,,,,,,,,0,,,,Matches
N'Doram Kévin,frFRA,3.0,Metz,25,1996,13.7,,8,,,,,,,,,,,19,,,,Matches
N'Jo Eric,frFRA,2.0,Troyes,17,2004,1.1,,0,,,,,,,,,,,2,,,,Matches
N'Simba Vital,cdCOD,2.0,Clermont Foot,28,1993,31.0,,46,,,,,,,,,,,27,,,,Matches
Nade Mickael,frFRA,2.0,Saint-Étienne,22,1999,28.5,,36,,,,,,,,,,,58,,,,Matches
Nadje Guédé,frFRA,4.0,Angers,17,2003,0.0,,0,,,,,,,,,,,0,,,,Matches
Nardi Paul,frFRA,1.0,Lorient,27,1994,22.0,,0,,,,,,,,,,,0,,,,Matches
Navas Keylor,crCRC,1.0,Paris Saint-Germain,34,1986,20.6,,0,,,,,,,,,,,0,,,,Matches
Ndiaga Yade Papa,mrMTN,3.4,Metz,21,2000,7.7,,10,,,,,,,,,,,10,,,,Matches
Ndombele Tanguy,frFRA,3.0,Lyon,24,1996,7.8,,16,,,,,,,,,,,3,,,,Matches
Ndoye Dan,chSUI,4.0,Nice,20,2000,2.3,,0,,,,,,,,,,,0,,,,Matches
Neymar,brBRA,3.5,Paris Saint-Germain,29,1992,20.6,,20,,,,,,,,,,,3,,,,Matches
Neyou Yvan,cmCMR,3.0,Saint-Étienne,24,1997,10.4,,15,,,,,,,,,,,26,,,,Matches
Nguette Opa,snSEN,3.4,Metz,27,1994,11.6,,15,,,,,,,,,,,0,,,,Matches
Niakaté Sikou,mlMLI,2.0,Metz,22,1999,7.3,,7,,,,,,,,,,,28,,,,Matches
Niane Ibrahima,snSEN,4.0,Metz,22,1999,17.6,,2,,,,,,,,,,,2,,,,Matches
Niang M'Baye,snSEN,4.0,Bordeaux,26,1994,8.6,,0,,,,,,,,,,,1,,,,Matches
Niasse Cheikh,snSEN,3.0,Lille,21,2000,0.5,,2,,,,,,,,,,,0,,,,Matches
Ninga Casimir,tdCHA,4.0,Angers,28,1993,4.5,,1,,,,,,,,,,,1,,,,Matches
Nordin Arnaud,frFRA,3.4,Saint-Étienne,23,1998,20.8,,14,,,,,,,,,,,6,,,,Matches
Nübel Alexander,deGER,1.0,Monaco,24,1996,38.0,,0,,,,,,,,,,,0,,,,Matches
Nyamsi Gerzino,cmCMR,2.0,Strasbourg,24,1997,33.2,,23,,,,,,,,,,,23,,,,Matches
Ogier Florent,frFRA,2.0,Clermont Foot,32,1989,27.0,,17,,,,,,,,,,,33,,,,Matches
Omari Warmed,kmCOM,2.0,Rennes,21,2000,31.1,,21,,,,,,,,,,,31,,,,Matches
Omlin Jonas,chSUI,1.0,Montpellier,27,1994,28.7,,1,,,,,,,,,,,0,,,,Matches
Onana Amadou,beBEL,3.0,Lille,19,2001,15.1,,30,,,,,,,,,,,26,,,,Matches
Onana Jean,cmCMR,3.0,Bordeaux,21,2000,20.4,,52,,,,,,,,,,,35,,,,Matches
Otávio,brBRA,3.0,Bordeaux,27,1994,12.7,,22,,,,,,,,,,,16,,,,Matches
Ouattara Dango,bfBFA,3.4,Lorient,19,2002,9.0,,15,,,,,,,,,,,12,,,,Matches
Oudin Remi,frFRA,3.4,Bordeaux,24,1996,19.3,,19,,,,,,,,,,,25,,,,Matches
Oukidja Alexandre,dzALG,1.0,Metz,33,1988,20.8,,0,,,,,,,,,,,1,,,,Matches
Ounahi Azzedine,maMAR,3.0,Angers,21,2000,18.1,,18,,,,,,,,,,,23,,,,Matches
Oyongo Ambroise,cmCMR,2.3,Montpellier,30,1991,7.3,,5,,,,,,,,,,,7,,,,Matches
Pajot Vincent,frFRA,3.0,Metz,30,1990,25.7,,54,,,,,,,,,,,48,,,,Matches
Pallois Nicolas,frFRA,2.0,Nantes,33,1987,27.2,,33,,,,,,,,,,,51,,,,Matches
Palmer-Brown Erik,usUSA,2.0,Troyes,24,1997,19.3,,22,,,,,,,,,,,33,,,,Matches
Palmieri Emerson,itITA,2.3,Lyon,26,1994,25.2,,26,,,,,,,,,,,27,,,,Matches
Paquetá Lucas,brBRA,3.4,Lyon,23,1997,30.0,,40,,,,,,,,,,,9,,,,Matches
Pardo Rubén,esESP,3.0,Bordeaux,28,1992,0.1,,0,,,,,,,,,,,0,,,,Matches
Paredes Leandro,arARG,3.0,Paris Saint-Germain,27,1994,9.3,,12,,,,,,,,,,,8,,,,Matches
Pavlović Strahinja,rsSRB,2.0,Monaco,20,2001,5.0,,15,,,,,,,,,,,8,,,,Matches
Payet Dimitri,frFRA,3.5,Marseille,34,1987,28.8,,6,,,,,,,,,,,8,,,,Matches
Pembele Timothee,frFRA,2.3,Bordeaux,18,2002,15.7,,8,,,,,,,,,,,15,,,,Matches
Pereira Brayann,frFRA,2.0,Lens,18,2003,0.2,,1,,,,,,,,,,,0,,,,Matches
Pereira Danilo,ptPOR,3.0,Paris Saint-Germain,29,1991,22.6,,18,,,,,,,,,,,34,,,,Matches
Pereira Lage Mathias,ptPOR,2.4,Angers,24,1996,11.6,,9,,,,,,,,,,,21,,,,Matches
Peres Petroni Luan,brBRA,2.0,Marseille,27,1994,29.8,,35,,,,,,,,,,,43,,,,Matches
Perrin Lucas,frFRA,2.0,Strasbourg,22,1998,27.8,,30,,,,,,,,,,,42,,,,Matches
Petković Danijel,meMNE,1.0,Angers,28,1993,15.0,,0,,,,,,,,,,,1,,,,Matches
Pétrot Léo,frFRA,2.0,Lorient,24,1997,20.2,,17,,,,,,,,,,,22,,,,Matches
Philippoteaux Romain,frFRA,3.5,Brest,33,1988,0.3,,1,,,,,,,,,,,0,,,,Matches
Phojo Jérôme,frFRA,2.0,Clermont Foot,28,1993,0.1,,1,,,,,,,,,,,0,,,,Matches
Pied Jérémy,frFRA,2.5,Lille,32,1989,0.1,,0,,,,,,,,,,,1,,,,Matches
Pierre-Gabriel Ronaël,frFRA,2.0,Brest,23,1998,28.3,,45,,,,,,,,,,,47,,,,Matches
Pollersbeck Julian,deGER,1.0,Lyon,26,1994,4.8,,0,,,,,,,,,,,1,,,,Matches
Poussin Gaëtan,frFRA,1.0,Bordeaux,22,1999,13.0,,1,,,,,,,,,,,0,,,,Matches
Prcić Sanjin,baBIH,3.0,Strasbourg,27,1993,24.3,,28,,,,,,,,,,,49,,,,Matches
Préville Nicolas,frFRA,3.5,Metz,30,1991,21.9,,10,,,,,,,,,,,6,,,,Matches
Radonjić Nemanja,rsSRB,3.5,Marseille,25,1996,0.2,,0,,,,,,,,,,,0,,,,Matches
Rafinha,brBRA,3.5,Paris Saint-Germain,28,1993,2.4,,10,,,,,,,,,,,4,,,,Matches
Rajković Predrag,rsSRB,1.0,Reims,25,1995,38.0,,3,,,,,,,,,,,1,,,,Matches
Rami Adil,frFRA,2.0,Troyes,35,1985,13.0,,10,,,,,,,,,,,16,,,,Matches
Ramos Sergio,esESP,2.0,Paris Saint-Germain,35,1986,8.9,,5,,,,,,,,,,,8,,,,Matches
Rashani Elba,xkKVX,3.4,Clermont Foot,28,1993,19.5,,23,,,,,,,,,,,11,,,,Matches
Reine-Adélaïde Jeff,frFRA,3.0,Lyon,23,1998,2.2,,3,,,,,,,,,,,0,,,,Matches
Ribeiro Tiago,ptPOR,3.0,Monaco,19,2002,0.0,,0,,,,,,,,,,,0,,,,Matches
Rico Sergio,esESP,1.0,Paris Saint-Germain,27,1993,0.3,,0,,,,,,,,,,,0,,,,Matches
Ripart Renaud,frFRA,3.4,Troyes,28,1993,21.0,,21,,,,,,,,,,,16,,,,Matches
Ristić Mihailo,rsSRB,2.0,Montpellier,25,1995,20.0,,32,,,,,,,,,,,16,,,,Matches
Rivera Maxence,frFRA,3.0,Saint-Étienne,19,2002,0.1,,0,,,,,,,,,,,0,,,,Matches
Roberts Patrick,engENG,3.5,Troyes,24,1997,0.2,,0,,,,,,,,,,,0,,,,Matches
Rode Gregersen Stian,noNOR,2.0,Bordeaux,26,1995,21.7,,26,,,,,,,,,,,35,,,,Matches
Rodrigues Gerson,luLUX,3.5,Troyes,26,1995,9.4,,9,,,,,,,,,,,0,,,,Matches
Rongier Valentin,frFRA,2.3,Marseille,26,1994,24.4,,48,,,,,,,,,,,31,,,,Matches
Rosario Pablo,doDOM,3.0,Nice,24,1997,30.3,,38,,,,,,,,,,,36,,,,Matches
Sa Roli Pereira,frFRA,3.0,Nantes,24,1996,6.4,,4,,,,,,,,,,,6,,,,Matches
Saban Mathys,frFRA,3.0,Saint-Étienne,19,2002,0.8,,2,,,,,,,,,,,0,,,,Matches
Sacko Falaye,mlMLI,2.0,Saint-Étienne,26,1995,7.4,,10,,,,,,,,,,,3,,,,Matches
Sahi Dion Moïse,ciCIV,4.0,Strasbourg,19,2001,1.4,,0,,,,,,,,,,,1,,,,Matches
Said Rafiki,kmCOM,3.5,Brest,21,2000,1.4,,2,,,,,,,,,,,0,,,,Matches
Saïd Wesley,frFRA,3.5,Lens,26,1995,7.3,,4,,,,,,,,,,,2,,,,Matches
Sakho Mamadou,frFRA,2.0,Montpellier,31,1990,28.6,,24,,,,,,,,,,,37,,,,Matches
Sako Bakary,mlMLI,4.0,Saint-Étienne,33,1988,1.7,,0,,,,,,,,,,,0,,,,Matches
Saliba William,frFRA,2.3,Marseille,20,2001,36.0,,29,,,,,,,,,,,43,,,,Matches
Salin Romain,frFRA,1.0,Rennes,37,1984,1.0,,0,,,,,,,,,,,0,,,,Matches
Salmier Yoann,gfGUF,2.0,Troyes,28,1992,29.6,,36,,,,,,,,,,,41,,,,Matches
Samba Baldé Mama,gwGNB,3.4,Troyes,25,1995,19.1,,26,,,,,,,,,,,4,,,,Matches
Sambia Junior,frFRA,2.3,Montpellier,24,1996,17.0,,13,,,,,,,,,,,20,,,,Matches
Sanches Renato,ptPOR,3.4,Lille,23,1997,18.3,,7,,,,,,,,,,,13,,,,Matches
Sandler Philippe,nlNED,2.0,Troyes,24,1997,0.8,,0,,,,,,,,,,,3,,,,Matches
Santamaria Baptiste,frFRA,2.4,Rennes,26,1995,28.0,,26,,,,,,,,,,,30,,,,Matches
Sarabia Pablo,esESP,3.5,Paris Saint-Germain,29,1992,0.2,,0,,,,,,,,,,,0,,,,Matches
Satriano Martin,uyURU,4.0,Brest,20,2001,10.4,,2,,,,,,,,,,,2,,,,Matches
Savanier Téji,frFRA,3.0,Montpellier,29,1991,26.8,,27,,,,,,,,,,,29,,,,Matches
Schneiderlin Morgan,frFRA,3.0,Nice,31,1989,7.2,,12,,,,,,,,,,,19,,,,Matches
Seidu Alidu,ghGHA,2.0,Clermont Foot,21,2000,15.7,,20,,,,,,,,,,,32,,,,Matches
Sels Matz,beBEL,1.0,Strasbourg,29,1992,37.0,,1,,,,,,,,,,,1,,,,Matches
Shaqiri Xherdan,chSUI,3.0,Lyon,29,1991,7.5,,2,,,,,,,,,,,2,,,,Matches
Siby Mahame,mlMLI,3.0,Strasbourg,25,1996,0.2,,0,,,,,,,,,,,0,,,,Matches
Sidibé Aboubakar,frFRA,4.0,Clermont Foot,25,1996,0.1,,0,,,,,,,,,,,0,,,,Matches
Sidibé Djibril,frFRA,2.0,Monaco,29,1992,10.5,,12,,,,,,,,,,,20,,,,Matches
Sierhuis Kaj,nlNED,4.0,Reims,23,1998,0.9,,1,,,,,,,,,,,0,,,,Matches
Silva Caio Henrique Oliveira,brBRA,2.3,Monaco,24,1997,29.6,,28,,,,,,,,,,,26,,,,Matches
Silva Gabriel,brBRA,2.3,Saint-Étienne,30,1991,7.9,,7,,,,,,,,,,,17,,,,Matches
Simon Moses,ngNGA,3.4,Nantes,26,1995,25.9,,11,,,,,,,,,,,11,,,,Matches
Simons Xavi,nlNED,4.0,Paris Saint-Germain,18,2003,1.5,,1,,,,,,,,,,,0,,,,Matches
Sissokho Issouf,mlMLI,3.0,Bordeaux,19,2002,4.8,,9,,,,,,,,,,,6,,,,Matches
Sissoko Ibrahima,mlMLI,2.4,Strasbourg,23,1997,25.6,,24,,,,,,,,,,,33,,,,Matches
Sissoko Nelson,frFRA,2.0,Saint-Étienne,24,1997,0.5,,0,,,,,,,,,,,0,,,,Matches
Sissoko Sambou,frFRA,3.0,Reims,22,1999,2.0,,6,,,,,,,,,,,2,,,,Matches
Slimani Islam,dzALG,4.0,Lyon,33,1988,6.4,,3,,,,,,,,,,,2,,,,Matches
Sotoca Florian,frFRA,3.5,Lens,30,1990,27.6,,19,,,,,,,,,,,26,,,,Matches
Soumano Sambou,snSEN,4.0,Lorient,20,2001,5.0,,0,,,,,,,,,,,1,,,,Matches
Souquet Arnaud,frFRA,2.0,Montpellier,29,1992,25.9,,36,,,,,,,,,,,31,,,,Matches
Sow Saidou,gnGUI,2.0,Saint-Étienne,19,2002,11.0,,18,,,,,,,,,,,24,,,,Matches
Stengs Calvin,nlNED,3.0,Nice,22,1998,11.9,,7,,,,,,,,,,,8,,,,Matches
Sulemana Kamaldeen,ghGHA,3.4,Rennes,19,2002,11.3,,14,,,,,,,,,,,4,,,,Matches
Sylla Abdoulaye,gnGUI,2.0,Nantes,21,2000,1.7,,4,,,,,,,,,,,1,,,,Matches
Taibi Waniss,frFRA,3.0,Angers,19,2002,1.5,,7,,,,,,,,,,,2,,,,Matches
Tait Flavien,frFRA,3.0,Rennes,28,1993,23.6,,19,,,,,,,,,,,18,,,,Matches
Tardieu Florian,frFRA,3.0,Troyes,29,1992,29.2,,27,,,,,,,,,,,42,,,,Matches
Targhalline Oussama,maMAR,3.0,Marseille,19,2002,0.1,,0,,,,,,,,,,,0,,,,Matches
Tchaouna Loum,frFRA,3.5,Rennes,17,2003,1.0,,1,,,,,,,,,,,1,,,,Matches
Tchato Enzo,cmCMR,2.0,Montpellier,18,2002,0.1,,0,,,,,,,,,,,0,,,,Matches
Tchimbembé Warren,cgCGO,3.0,Metz,23,1998,2.3,,1,,,,,,,,,,,1,,,,Matches
Tchouaméni Aurélien,frFRA,3.0,Monaco,21,2000,32.5,,49,,,,,,,,,,,96,,,,Matches
Tel Mathys,frFRA,4.0,Rennes,16,2005,0.6,,0,,,,,,,,,,,1,,,,Matches
Tell Jordan,gpGLP,4.0,Clermont Foot,24,1997,3.2,,5,,,,,,,,,,,0,,,,Matches
Terrier Martin,frFRA,3.5,Rennes,24,1997,30.9,,34,,,,,,,,,,,19,,,,Matches
Tetê,brBRA,3.5,Lyon,21,2000,6.5,,6,,,,,,,,,,,3,,,,Matches
Thioub Sada,snSEN,3.5,Angers,26,1995,0.0,,0,,,,,,,,,,,0,,,,Matches
Thioub Sada,snSEN,3.0,Saint-Étienne,26,1995,10.6,,6,,,,,,,,,,,7,,,,Matches
Thomas Romain,frFRA,2.0,Angers,33,1988,28.5,,40,,,,,,,,,,,43,,,,Matches
Thomasson Adrien,frFRA,3.0,Strasbourg,27,1993,26.5,,32,,,,,,,,,,,32,,,,Matches
Thuler Matheus,brBRA,2.0,Montpellier,22,1999,9.5,,12,,,,,,,,,,,9,,,,Matches
Thuram Khéphren,frFRA,3.0,Nice,20,2001,21.1,,21,,,,,,,,,,,27,,,,Matches
Tidiane Sabaly Cheikh,snSEN,4.0,Metz,22,1999,1.7,,3,,,,,,,,,,,0,,,,Matches
Todibo Jean-Clair,frFRA,2.0,Nice,21,1999,34.6,,39,,,,,,,,,,,54,,,,Matches
Toko Ekambi Karl,cmCMR,3.4,Lyon,28,1992,25.5,,8,,,,,,,,,,,19,,,,Matches
Touzghar Yoann,tnTUN,4.0,Troyes,34,1986,16.2,,2,,,,,,,,,,,0,,,,Matches
Traore Amadou,frFRA,4.0,Bordeaux,19,2002,0.2,,0,,,,,,,,,,,0,,,,Matches
Traoré Boubacar,mlMLI,3.0,Metz,19,2001,19.2,,28,,,,,,,,,,,22,,,,Matches
Traore Charles,mlMLI,2.0,Nantes,29,1992,8.0,,15,,,,,,,,,,,16,,,,Matches
Traoré Hamari,mlMLI,2.0,Rennes,29,1992,32.1,,36,,,,,,,,,,,38,,,,Matches
Traoré Ismaël,ciCIV,2.0,Angers,34,1986,35.7,,16,,,,,,,,,,,42,,,,Matches
Trauco Miguel,pePER,2.3,Saint-Étienne,28,1992,12.4,,18,,,,,,,,,,,23,,,,Matches
Truffert Adrien,frFRA,2.0,Rennes,19,2001,18.2,,23,,,,,,,,,,,15,,,,Matches
Udol Matthieu,frFRA,2.0,Metz,25,1996,11.2,,14,,,,,,,,,,,29,,,,Matches
Ugbo Ike,caCAN,4.0,Troyes,22,1998,9.0,,1,,,,,,,,,,,2,,,,Matches
Ugochukwu Lesley,frFRA,3.0,Rennes,17,2004,4.5,,9,,,,,,,,,,,3,,,,Matches
Ui-jo Hwang,krKOR,4.0,Bordeaux,28,1992,27.9,,4,,,,,,,,,,,5,,,,Matches
Ünder Cengiz,trTUR,3.5,Marseille,24,1997,24.4,,13,,,,,,,,,,,14,,,,Matches
Uronen Jere,fiFIN,2.3,Brest,27,1994,9.8,,16,,,,,,,,,,,17,,,,Matches
Vanderson,brBRA,2.4,Monaco,20,2001,12.4,,21,,,,,,,,,,,11,,,,Matches
Varane Jonathan,mqMTQ,3.0,Lens,19,2001,0.0,,0,,,,,,,,,,,0,,,,Matches
Verratti Marco,itITA,3.0,Paris Saint-Germain,28,1992,21.5,,40,,,,,,,,,,,19,,,,Matches
Volland Kevin,deGER,3.4,Monaco,29,1992,27.1,,10,,,,,,,,,,,3,,,,Matches
Wahi Elye,frFRA,3.5,Montpellier,18,2003,19.8,,10,,,,,,,,,,,4,,,,Matches
Weah Timothy,usUSA,3.4,Lille,21,2000,18.0,,8,,,,,,,,,,,9,,,,Matches
Wijnaldum Georginio,nlNED,3.4,Paris Saint-Germain,30,1990,18.4,,9,,,,,,,,,,,7,,,,Matches
Wooh Christopher,cmCMR,2.0,Lens,19,2001,11.7,,13,,,,,,,,,,,23,,,,Matches
Xeka,ptPOR,3.0,Lille,26,1994,18.0,,26,,,,,,,,,,,22,,,,Matches
Yansané Sekou,frFRA,4.0,Paris Saint-Germain,18,2003,0.2,,0,,,,,,,,,,,0,,,,Matches
Yazıcı Yusuf,trTUR,3.4,Lille,24,1997,5.7,,5,,,,,,,,,,,2,,,,Matches
Yılmaz Burak,trTUR,4.0,Lille,36,1985,24.6,,3,,,,,,,,,,,2,,,,Matches
Yoro Leny,frFRA,2.0,Lille,15,2005,0.1,,0,,,,,,,,,,,0,,,,Matches
Youssouf Zaydou,kmCOM,3.0,Saint-Étienne,22,1999,17.3,,25,,,,,,,,,,,16,,,,Matches
Zedadka Akim,dzALG,2.0,Clermont Foot,26,1995,37.1,,48,,,,,,,,,,,60,,,,Matches
Zeneli Arber,xkKVX,4.0,Reims,26,1995,4.5,,0,,,,,,,,,,,1,,,,Matches
Zerkane Mehdi,dzALG,3.0,Bordeaux,22,1999,0.9,,0,,,,,,,,,,,2,,,,Matches
Zhegrova Edon,xkKVX,3.0,Lille,22,1999,5.3,,7,,,,,,,,,,,1,,,,Matches
Zoukrou Tanguy,frFRA,2.0,Troyes,18,2003,0.9,,0,,,,,,,,,,,0,,,,Matches
