Unnamed: 0_level_0_Rk,Unnamed: 1_level_0_Player,Unnamed: 2_level_0_Nation,Unnamed: 3_level_0_Pos,Unnamed: 4_level_0_Squad,Unnamed: 5_level_0_Age,Unnamed: 6_level_0_Born,Playing Time_MP,Playing Time_Starts,Playing Time_Min,Playing Time_90s,Performance_Gls,Performance_Ast,Performance_G+A,Performance_G-PK,Performance_PK,Performance_PKatt,Performance_CrdY,Performance_CrdR,Per 90 Minutes_Gls,Per 90 Minutes_Ast,Per 90 Minutes_G+A,Per 90 Minutes_G-PK,Per 90 Minutes_G+A-PK,Unnamed: 24_level_0_Matches,league_tag,season_tag,Standard_Sh,Standard_SoT,Standard_SoT%,Standard_Sh/90,Standard_SoT/90,Standard_G/Sh,Standard_G/SoT,Performance_GA,Performance_GA90,Performance_SoTA,Performance_Saves,Performance_Save%,Performance_CS,Performance_CS%,Penalty Kicks_Save%
1,Keyliane Abdallah,fr FRA,FW,Marseille,17,2006,1,0,4,0.0,0,0,0,0,0,0,0,0,0.00,0.00,0.00,0.00,0.00,Matches,Ligue 1,2023-24,0,0,,0.00,0.00,,,,,,,,,,
2,Yunis Abdelhamid,ma MAR,DF,Reims,35,1987,31,31,2781,30.9,4,0,4,3,1,1,5,0,0.13,0.00,0.13,0.10,0.10,Matches,Ligue 1,2023-24,22,8,36.4,0.71,0.26,0.14,0.38,,,,,,,,
3,Salis Abdul Samed,gh GHA,MF,Lens,23,2000,27,17,1519,16.9,0,0,0,0,0,0,2,0,0.00,0.00,0.00,0.00,0.00,Matches,Ligue 1,2023-24,5,0,0.0,0.30,0.00,0.00,,,,,,,,,
4,Laurent Abergel,fr FRA,MF,Lorient,30,1993,33,32,2860,31.8,2,1,3,2,0,0,4,0,0.06,0.03,0.09,0.06,0.09,Matches,Ligue 1,2023-24,26,11,42.3,0.82,0.35,0.08,0.18,,,,,,,,
5,Matthis Abline,fr FRA,"FW,MF",Nantes,20,2003,22,12,1044,11.6,5,0,5,5,0,0,1,0,0.43,0.00,0.43,0.43,0.43,Matches,Ligue 1,2023-24,42,19,45.2,3.62,1.64,0.12,0.26,,,,,,,,
6,Zakaria Aboukhlal,ma MAR,"FW,MF",Toulouse,23,2000,13,9,754,8.4,3,0,3,2,1,1,2,0,0.36,0.00,0.36,0.24,0.24,Matches,Ligue 1,2023-24,28,8,28.6,3.34,0.95,0.07,0.25,,,,,,,,
7,Akor Adams,ng NGA,FW,Montpellier,23,2000,32,27,2252,25.0,8,1,9,8,0,0,2,0,0.32,0.04,0.36,0.32,0.36,Matches,Ligue 1,2023-24,79,33,41.8,3.16,1.32,0.10,0.24,,,,,,,,
8,Nathaniel Adjei,gh GHA,DF,Lorient,20,2002,15,14,1243,13.8,0,0,0,0,0,0,2,0,0.00,0.00,0.00,0.00,0.00,Matches,Ligue 1,2023-24,4,0,0.0,0.29,0.00,0.00,,,,,,,,,
9,Adryelson,br BRA,DF,Lyon,25,1998,2,0,6,0.1,0,0,0,0,0,0,0,0,0.00,0.00,0.00,0.00,0.00,Matches,Ligue 1,2023-24,0,0,,0.00,0.00,,,,,,,,,,
10,Adson,br BRA,MF,Nantes,22,2000,8,2,238,2.6,0,0,0,0,0,0,0,0,0.00,0.00,0.00,0.00,0.00,Matches,Ligue 1,2023-24,5,0,0.0,1.89,0.00,0.00,,,,,,,,,
11,Emmanuel Agbadou,ci CIV,DF,Reims,26,1997,32,29,2596,28.8,1,1,2,1,0,0,1,0,0.03,0.03,0.07,0.03,0.07,Matches,Ligue 1,2023-24,33,7,21.2,1.14,0.24,0.03,0.14,,,,,,,,
12,Ruben Aguilar,fr FRA,"MF,DF",Lens,30,1993,25,22,1922,21.4,1,3,4,1,0,0,3,0,0.05,0.14,0.19,0.05,0.19,Matches,Ligue 1,2023-24,12,4,33.3,0.56,0.19,0.08,0.25,,,,,,,,
13,Tosin Aiyegun,bj BEN,"MF,FW",Lorient,25,1998,19,10,902,10.0,2,0,2,2,0,0,0,1,0.20,0.00,0.20,0.20,0.20,Matches,Ligue 1,2023-24,11,3,27.3,1.10,0.30,0.18,0.67,,,,,,,,
14,Sergio Akieme,es ESP,"DF,MF",Reims,25,1997,13,8,818,9.1,2,0,2,2,0,0,2,0,0.22,0.00,0.22,0.22,0.22,Matches,Ligue 1,2023-24,11,2,18.2,1.21,0.22,0.18,1.00,,,,,,,,
15,Maghnes Akliouche,fr FRA,MF,Monaco,21,2002,28,18,1613,17.9,7,4,11,7,0,0,5,0,0.39,0.22,0.61,0.39,0.61,Matches,Ligue 1,2023-24,35,21,60.0,1.95,1.17,0.20,0.33,,,,,,,,
16,Paul Akouokou,ci CIV,MF,Lyon,25,1997,8,4,307,3.4,0,0,0,0,0,0,1,0,0.00,0.00,0.00,0.00,0.00,Matches,Ligue 1,2023-24,2,0,0.0,0.59,0.00,0.00,,,,,,,,,
17,Aboubacar Ali,km COM,FW,Strasbourg,17,2006,9,1,130,1.4,0,1,1,0,0,0,0,0,0.00,0.69,0.69,0.00,0.69,Matches,Ligue 1,2023-24,4,2,50.0,2.77,1.38,0.00,0.00,,,,,,,,
18,Mohamed Ali Cho,fr FRA,FW,Nice,19,2004,17,11,861,9.6,1,2,3,1,0,0,2,0,0.10,0.21,0.31,0.10,0.31,Matches,Ligue 1,2023-24,18,6,33.3,1.88,0.63,0.06,0.17,,,,,,,,
19,Nabil Alioui,fr FRA,"MF,FW",Le Havre,24,1999,18,12,1009,11.2,4,1,5,4,0,0,1,0,0.36,0.09,0.45,0.36,0.45,Matches,Ligue 1,2023-24,28,9,32.1,2.50,0.80,0.14,0.44,,,,,,,,
20,Jim Allevinah,ga GAB,MF,Clermont Foot,28,1995,29,22,1861,20.7,2,1,3,2,0,0,1,0,0.10,0.05,0.15,0.10,0.15,Matches,Ligue 1,2023-24,37,11,29.7,1.79,0.53,0.05,0.18,,,,,,,,
21,Skelly Alvero,fr FRA,MF,Lyon,21,2002,8,6,426,4.7,1,0,1,1,0,0,2,0,0.21,0.00,0.21,0.21,0.21,Matches,Ligue 1,2023-24,9,3,33.3,1.90,0.63,0.11,0.33,,,,,,,,
22,Papa Amadou Diallo,sn SEN,"MF,FW",Metz,19,2004,16,9,889,9.9,2,1,3,2,0,0,1,0,0.20,0.10,0.30,0.20,0.30,Matches,Ligue 1,2023-24,13,6,46.2,1.32,0.61,0.15,0.33,,,,,,,,
23,Jordan Amavi,fr FRA,DF,Brest,29,1994,2,1,91,1.0,1,0,1,1,0,0,1,0,0.99,0.00,0.99,0.99,0.99,Matches,Ligue 1,2023-24,1,1,100.0,0.99,0.99,1.00,1.00,,,,,,,,
24,Kelvin Amian,fr FRA,DF,Nantes,25,1998,12,11,798,8.9,0,1,1,0,0,0,2,0,0.00,0.11,0.11,0.00,0.11,Matches,Ligue 1,2023-24,1,0,0.0,0.11,0.00,0.00,,,,,,,,,
25,Michael Amir Murillo,pa PAN,"DF,MF",Marseille,27,1996,16,10,997,11.1,3,2,5,3,0,0,3,0,0.27,0.18,0.45,0.27,0.45,Matches,Ligue 1,2023-24,5,4,80.0,0.45,0.36,0.60,0.75,,,,,,,,
26,Benjamin André,fr FRA,MF,Lille,32,1990,30,29,2570,28.6,4,0,4,4,0,0,8,0,0.14,0.00,0.14,0.14,0.14,Matches,Ligue 1,2023-24,23,9,39.1,0.81,0.32,0.17,0.44,,,,,,,,
27,Komnen Andrić,rs SRB,FW,Clermont Foot,28,1995,7,1,169,1.9,0,0,0,0,0,0,0,0,0.00,0.00,0.00,0.00,0.00,Matches,Ligue 1,2023-24,3,0,0.0,1.60,0.00,0.00,,,,,,,,,
28,Ângelo,br BRA,"MF,FW",Strasbourg,18,2004,21,11,1094,12.2,0,3,3,0,0,0,1,0,0.00,0.25,0.25,0.00,0.25,Matches,Ligue 1,2023-24,9,4,44.4,0.74,0.33,0.00,0.00,,,,,,,,
29,Stredair Appuah,fr FRA,FW,Nantes,19,2004,4,0,84,0.9,0,0,0,0,0,0,0,0,0.00,0.00,0.00,0.00,0.00,Matches,Ligue 1,2023-24,4,0,0.0,4.29,0.00,0.00,,,,,,,,,
30,Yoël Armougom,fr FRA,"MF,DF",Clermont Foot,25,1998,5,2,234,2.6,0,0,0,0,0,0,1,0,0.00,0.00,0.00,0.00,0.00,Matches,Ligue 1,2023-24,2,0,0.0,0.77,0.00,0.00,,,,,,,,,
31,Mohamed El Arouch,fr FRA,MF,Lyon,19,2004,1,0,2,0.0,0,0,0,0,0,0,0,0,0.00,0.00,0.00,0.00,0.00,Matches,Ligue 1,2023-24,0,0,,0.00,0.00,,,,,,,,,,
32,Marco Asensio,es ESP,"MF,FW",Paris Saint-Germain,27,1996,19,13,1113,12.4,4,5,9,4,0,0,0,0,0.32,0.40,0.73,0.32,0.73,Matches,Ligue 1,2023-24,27,10,37.0,2.18,0.81,0.15,0.40,,,,,,,,
33,Joel Asoro,se SWE,"MF,FW",Metz,24,1999,20,10,848,9.4,2,1,3,2,0,0,2,0,0.21,0.11,0.32,0.21,0.32,Matches,Ligue 1,2023-24,6,3,50.0,0.64,0.32,0.33,0.67,,,,,,,,
34,Lorenz Assignon,tg TOG,DF,Rennes,23,2000,14,12,1011,11.2,1,1,2,1,0,0,4,0,0.09,0.09,0.18,0.09,0.18,Matches,Ligue 1,2023-24,11,4,36.4,0.98,0.36,0.09,0.25,,,,,,,,
35,Youcef Atal,dz ALG,DF,Nice,27,1996,6,5,359,4.0,1,0,1,1,0,0,2,0,0.25,0.00,0.25,0.25,0.25,Matches,Ligue 1,2023-24,4,1,25.0,1.00,0.25,0.25,1.00,,,,,,,,
36,Valentin Atangana Edoa,fr FRA,MF,Reims,17,2005,15,7,555,6.2,0,0,0,0,0,0,0,0,0.00,0.00,0.00,0.00,0.00,Matches,Ligue 1,2023-24,9,2,22.2,1.46,0.32,0.00,0.00,,,,,,,,
37,Arthur Atta,fr FRA,MF,Metz,20,2003,21,10,924,10.3,1,2,3,1,0,0,0,0,0.10,0.19,0.29,0.10,0.29,Matches,Ligue 1,2023-24,9,4,44.4,0.88,0.39,0.11,0.25,,,,,,,,
38,Pierre-Emerick Aubameyang,ga GAB,FW,Marseille,34,1989,34,30,2622,29.1,17,8,25,13,4,4,4,0,0.58,0.27,0.86,0.45,0.72,Matches,Ligue 1,2023-24,116,51,44.0,3.98,1.75,0.11,0.25,,,,,,,,
39,André Ayew,gh GHA,"FW,MF",Le Havre,33,1989,19,12,1104,12.3,5,0,5,5,0,0,2,1,0.41,0.00,0.41,0.41,0.41,Matches,Ligue 1,2023-24,33,13,39.4,2.69,1.06,0.15,0.38,,,,,,,,
40,Neil El Aynaoui,ma MAR,MF,Lens,22,2001,25,17,1566,17.4,1,2,3,1,0,0,1,0,0.06,0.11,0.17,0.06,0.17,Matches,Ligue 1,2023-24,22,8,36.4,1.26,0.46,0.05,0.13,,,,,,,,
41,Abdellah Baallal,ma MAR,FW,Clermont Foot,18,2004,1,0,4,0.0,0,0,0,0,0,0,0,0,0.00,0.00,0.00,0.00,0.00,Matches,Ligue 1,2023-24,0,0,,0.00,0.00,,,,,,,,,,
42,Shavy Babicka,ga GAB,"MF,FW",Toulouse,23,2000,12,4,373,4.1,1,0,1,1,0,0,0,0,0.24,0.00,0.24,0.24,0.24,Matches,Ligue 1,2023-24,8,4,50.0,1.93,0.97,0.13,0.25,,,,,,,,
43,Aliou Badara Baldé,gn GUI,FW,Nice,20,2002,7,0,69,0.8,0,0,0,0,0,0,0,0,0.00,0.00,0.00,0.00,0.00,Matches,Ligue 1,2023-24,3,2,66.7,3.91,2.61,0.00,0.00,,,,,,,,
44,Tiemoué Bakayoko,fr FRA,MF,Lorient,28,1994,20,15,1314,14.6,2,1,3,2,0,0,5,0,0.14,0.07,0.21,0.14,0.21,Matches,Ligue 1,2023-24,12,7,58.3,0.82,0.48,0.17,0.29,,,,,,,,
45,Dilane Bakwa,fr FRA,"MF,FW",Strasbourg,20,2002,31,25,2177,24.2,3,6,9,3,0,0,4,1,0.12,0.25,0.37,0.12,0.37,Matches,Ligue 1,2023-24,44,12,27.3,1.82,0.50,0.07,0.25,,,,,,,,
46,Carlos Baleba,cm CMR,MF,Lille,19,2004,2,1,61,0.7,0,0,0,0,0,0,0,0,0.00,0.00,0.00,0.00,0.00,Matches,Ligue 1,2023-24,2,1,50.0,2.95,1.48,0.00,0.00,,,,,,,,
47,Leonardo Balerdi,ar ARG,DF,Marseille,24,1999,27,26,2271,25.2,2,0,2,2,0,0,6,1,0.08,0.00,0.08,0.08,0.08,Matches,Ligue 1,2023-24,14,4,28.6,0.55,0.16,0.14,0.50,,,,,,,,
48,Folarin Balogun,us USA,FW,Monaco,22,2001,29,19,1692,18.8,7,5,12,7,0,3,1,0,0.37,0.27,0.64,0.37,0.64,Matches,Ligue 1,2023-24,66,29,43.9,3.51,1.54,0.11,0.24,,,,,,,,
49,Mohamed Bamba,ci CIV,FW,Lorient,21,2001,16,14,1138,12.6,8,3,11,7,1,1,3,0,0.63,0.24,0.87,0.55,0.79,Matches,Ligue 1,2023-24,38,18,47.4,3.01,1.42,0.18,0.39,,,,,,,,
50,Mamady Bangré,bf BFA,MF,Toulouse,22,2001,8,0,101,1.1,0,1,1,0,0,0,2,0,0.00,0.89,0.89,0.00,0.89,Matches,Ligue 1,2023-24,3,0,0.0,2.67,0.00,0.00,,,,,,,,,
51,Bradley Barcola,fr FRA,MF,Lyon,20,2002,3,3,270,3.0,0,0,0,0,0,0,1,0,0.00,0.00,0.00,0.00,0.00,Matches,Ligue 1,2023-24,2,0,0.0,0.67,0.00,0.00,,,,,,,,,
52,Bradley Barcola,fr FRA,"FW,MF",Paris Saint-Germain,20,2002,25,18,1370,15.2,4,7,11,4,0,0,3,1,0.26,0.46,0.72,0.26,0.72,Matches,Ligue 1,2023-24,31,11,35.5,2.04,0.72,0.13,0.36,,,,,,,,
53,Melvin Bard,fr FRA,DF,Nice,22,2000,32,31,2654,29.5,1,2,3,1,0,0,7,1,0.03,0.07,0.10,0.03,0.10,Matches,Ligue 1,2023-24,15,5,33.3,0.51,0.17,0.07,0.20,,,,,,,,
54,Steven Baseya,fr FRA,DF,Strasbourg,18,2005,2,0,6,0.1,0,0,0,0,0,0,0,0,0.00,0.00,0.00,0.00,0.00,Matches,Ligue 1,2023-24,0,0,,0.00,0.00,,,,,,,,,,
55,Mohamed Bechikh,fr FRA,FW,Strasbourg,18,2005,2,0,14,0.2,0,0,0,0,0,0,0,0,0.00,0.00,0.00,0.00,0.00,Matches,Ligue 1,2023-24,0,0,,0.00,0.00,,,,,,,,,,
56,Yanis Begraoui,ma MAR,"FW,MF",Toulouse,22,2001,14,3,300,3.3,0,0,0,0,0,0,0,0,0.00,0.00,0.00,0.00,0.00,Matches,Ligue 1,2023-24,7,4,57.1,2.10,1.20,0.00,0.00,,,,,,,,
57,Jérémie Bela,ao ANG,MF,Clermont Foot,30,1993,12,1,203,2.3,0,0,0,0,0,0,0,0,0.00,0.00,0.00,0.00,0.00,Matches,Ligue 1,2023-24,6,2,33.3,2.66,0.89,0.00,0.00,,,,,,,,
58,Reda Belahyane,ma MAR,MF,Nice,19,2004,1,0,27,0.3,0,0,0,0,0,0,0,0,0.00,0.00,0.00,0.00,0.00,Matches,Ligue 1,2023-24,0,0,,0.00,0.00,,,,,,,,,,
59,Alaa Bellaarouch,ma MAR,GK,Strasbourg,21,2002,15,15,1350,15.0,0,0,0,0,0,0,1,0,0.00,0.00,0.00,0.00,0.00,Matches,Ligue 1,2023-24,0,0,,0.00,0.00,,,26,1.73,59,37,61.0,2,13.3,25.0
60,Jean-Ricner Bellegarde,ht HAI,"MF,FW",Strasbourg,25,1998,3,3,269,3.0,2,2,4,2,0,0,2,0,0.67,0.67,1.34,0.67,1.34,Matches,Ligue 1,2023-24,5,3,60.0,1.67,1.00,0.40,0.67,,,,,,,,
61,Jeanuël Belocian,fr FRA,DF,Rennes,18,2005,23,16,1448,16.1,0,1,1,0,0,0,0,0,0.00,0.06,0.06,0.00,0.06,Matches,Ligue 1,2023-24,3,0,0.0,0.19,0.00,0.00,,,,,,,,,
62,Eliesse Ben Seghir,ma MAR,"MF,FW",Monaco,18,2005,13,4,428,4.8,2,1,3,2,0,0,0,1,0.42,0.21,0.63,0.42,0.63,Matches,Ligue 1,2023-24,14,4,28.6,2.94,0.84,0.14,0.50,,,,,,,,
63,Wissam Ben Yedder,fr FRA,FW,Monaco,32,1990,32,26,2316,25.7,16,2,18,15,1,1,2,0,0.62,0.08,0.70,0.58,0.66,Matches,Ligue 1,2023-24,64,31,48.4,2.49,1.20,0.23,0.48,,,,,,,,
64,Saïd Benrahma,dz ALG,"FW,MF",Lyon,27,1995,12,10,770,8.6,3,3,6,3,0,0,2,0,0.35,0.35,0.70,0.35,0.70,Matches,Ligue 1,2023-24,25,9,36.0,2.92,1.05,0.12,0.33,,,,,,,,
65,Nabil Bentaleb,dz ALG,MF,Lille,28,1994,26,23,1967,21.9,0,3,3,0,0,0,7,0,0.00,0.14,0.14,0.00,0.14,Matches,Ligue 1,2023-24,10,2,20.0,0.46,0.09,0.00,0.00,,,,,,,,
66,Lucas Beraldo,br BRA,DF,Paris Saint-Germain,19,2003,13,12,1008,11.2,1,0,1,1,0,0,4,1,0.09,0.00,0.09,0.09,0.09,Matches,Ligue 1,2023-24,5,2,40.0,0.45,0.18,0.20,0.50,,,,,,,,
67,Dimitry Bertaud,cd COD,GK,Montpellier,25,1998,4,4,360,4.0,0,0,0,0,0,0,0,0,0.00,0.00,0.00,0.00,0.00,Matches,Ligue 1,2023-24,0,0,,0.00,0.00,,,11,2.75,34,23,67.6,0,0.0,
68,Marco Bizot,nl NED,GK,Brest,32,1991,32,32,2876,32.0,0,0,0,0,0,0,3,1,0.00,0.00,0.00,0.00,0.00,Matches,Ligue 1,2023-24,0,0,,0.00,0.00,,,34,1.06,126,95,74.6,11,34.4,33.3
69,Rubén Blanco,es ESP,GK,Marseille,28,1995,2,1,121,1.3,0,0,0,0,0,0,0,0,0.00,0.00,0.00,0.00,0.00,Matches,Ligue 1,2023-24,0,0,,0.00,0.00,,,2,1.49,6,4,66.7,0,0.0,
70,Ludovic Blas,fr FRA,"MF,FW",Rennes,25,1997,29,18,1563,17.4,4,1,5,3,1,2,3,0,0.23,0.06,0.29,0.17,0.23,Matches,Ligue 1,2023-24,44,17,38.6,2.53,0.98,0.07,0.18,,,,,,,,
71,Myron Boadu,nl NED,FW,Monaco,22,2001,9,0,85,0.9,1,0,1,1,0,0,0,0,1.06,0.00,1.06,1.06,1.06,Matches,Ligue 1,2023-24,2,2,100.0,2.12,2.12,0.50,0.50,,,,,,,,
72,Jeremie Boga,ci CIV,"FW,MF",Nice,26,1997,28,24,1998,22.2,6,6,12,6,0,0,1,0,0.27,0.27,0.54,0.27,0.54,Matches,Ligue 1,2023-24,39,19,48.7,1.76,0.86,0.15,0.32,,,,,,,,
73,Adama Bojang,gm GAM,FW,Reims,19,2004,9,0,83,0.9,0,0,0,0,0,0,1,0,0.00,0.00,0.00,0.00,0.00,Matches,Ligue 1,2023-24,4,1,25.0,4.34,1.08,0.00,0.00,,,,,,,,
74,Neto Borges,br BRA,"MF,DF",Clermont Foot,26,1996,28,28,2516,28.0,0,1,1,0,0,0,3,1,0.00,0.04,0.04,0.00,0.04,Matches,Ligue 1,2023-24,16,2,12.5,0.57,0.07,0.00,0.00,,,,,,,,
75,Saïmon Bouabré,fr FRA,MF,Monaco,17,2006,1,0,45,0.5,0,0,0,0,0,0,0,0,0.00,0.00,0.00,0.00,0.00,Matches,Ligue 1,2023-24,0,0,,0.00,0.00,,,,,,,,,,
76,Ayyoub Bouaddi,fr FRA,MF,Lille,15,2007,9,1,131,1.5,0,0,0,0,0,0,3,1,0.00,0.00,0.00,0.00,0.00,Matches,Ligue 1,2023-24,0,0,,0.00,0.00,,,,,,,,,,
77,Badredine Bouanani,dz ALG,FW,Nice,18,2004,7,1,161,1.8,0,0,0,0,0,0,0,0,0.00,0.00,0.00,0.00,0.00,Matches,Ligue 1,2023-24,4,1,25.0,2.24,0.56,0.00,0.00,,,,,,,,
78,Badredine Bouanani,dz ALG,MF,Lorient,18,2004,11,4,443,4.9,1,0,1,1,0,0,0,0,0.20,0.00,0.20,0.20,0.20,Matches,Ligue 1,2023-24,15,5,33.3,3.05,1.02,0.07,0.20,,,,,,,,
79,Mohamed Bouchenna,fr FRA,FW,Clermont Foot,17,2006,2,0,29,0.3,0,0,0,0,0,0,1,0,0.00,0.00,0.00,0.00,0.00,Matches,Ligue 1,2023-24,1,0,0.0,3.10,0.00,0.00,,,,,,,,,
80,Hicham Boudaoui,dz ALG,MF,Nice,23,1999,29,17,1613,17.9,2,0,2,2,0,0,5,0,0.11,0.00,0.11,0.11,0.11,Matches,Ligue 1,2023-24,29,6,20.7,1.62,0.33,0.07,0.33,,,,,,,,
81,Benjamin Bourigeaud,fr FRA,MF,Rennes,29,1994,32,29,2425,26.9,9,6,15,2,7,7,1,0,0.33,0.22,0.56,0.07,0.30,Matches,Ligue 1,2023-24,51,17,33.3,1.89,0.63,0.04,0.12,,,,,,,,
82,Bilal Boutobba,fr FRA,"MF,FW",Clermont Foot,24,1998,27,10,926,10.3,1,1,2,1,0,0,1,0,0.10,0.10,0.19,0.10,0.19,Matches,Ligue 1,2023-24,25,9,36.0,2.43,0.87,0.04,0.11,,,,,,,,
83,Hugo Boutsingkham,fr FRA,DF,Nantes,20,2003,2,0,11,0.1,0,0,0,0,0,0,0,0,0.00,0.00,0.00,0.00,0.00,Matches,Ligue 1,2023-24,0,0,,0.00,0.00,,,,,,,,,,
84,Bilal Brahimi,dz ALG,"FW,MF",Nice,23,2000,2,0,11,0.1,0,0,0,0,0,0,0,0,0.00,0.00,0.00,0.00,0.00,Matches,Ligue 1,2023-24,0,0,,0.00,0.00,,,,,,,,,,
85,Bilal Brahimi,dz ALG,FW,Brest,23,2000,18,1,221,2.5,0,0,0,0,0,0,1,1,0.00,0.00,0.00,0.00,0.00,Matches,Ligue 1,2023-24,4,2,50.0,1.63,0.81,0.00,0.00,,,,,,,,
86,Lilian Brassier,fr FRA,DF,Brest,23,1999,30,30,2677,29.7,3,0,3,3,0,0,11,1,0.10,0.00,0.10,0.10,0.10,Matches,Ligue 1,2023-24,12,4,33.3,0.40,0.13,0.25,0.75,,,,,,,,
87,Maxime Busi,be BEL,MF,Reims,23,1999,5,1,162,1.8,0,0,0,0,0,0,1,0,0.00,0.00,0.00,0.00,0.00,Matches,Ligue 1,2023-24,1,1,100.0,0.56,0.56,0.00,0.00,,,,,,,,
88,Marcin Bułka,pl POL,GK,Nice,23,1999,34,34,3060,34.0,0,0,0,0,0,0,2,0,0.00,0.00,0.00,0.00,0.00,Matches,Ligue 1,2023-24,1,0,0.0,0.03,0.00,0.00,,29,0.85,96,74,75.0,17,50.0,37.5
89,Rémy Cabella,fr FRA,"MF,FW",Lille,33,1990,30,14,1477,16.4,2,2,4,2,0,0,0,0,0.12,0.12,0.24,0.12,0.24,Matches,Ligue 1,2023-24,33,14,42.4,2.01,0.85,0.06,0.14,,,,,,,,
90,Duje Ćaleta-Car,hr CRO,DF,Lyon,26,1996,24,22,1993,22.1,0,0,0,0,0,0,2,1,0.00,0.00,0.00,0.00,0.00,Matches,Ligue 1,2023-24,7,1,14.3,0.32,0.05,0.00,0.00,,,,,,,,
91,Lamine Camara,sn SEN,MF,Metz,19,2004,31,26,2255,25.1,1,4,5,1,0,1,3,0,0.04,0.16,0.20,0.04,0.20,Matches,Ligue 1,2023-24,30,9,30.0,1.20,0.36,0.03,0.11,,,,,,,,
92,Mahdi Camara,fr FRA,MF,Brest,25,1998,32,26,2020,22.4,7,3,10,6,1,1,7,0,0.31,0.13,0.45,0.27,0.40,Matches,Ligue 1,2023-24,42,15,35.7,1.87,0.67,0.14,0.40,,,,,,,,
93,Mohamed Camara,ml MLI,MF,Monaco,23,2000,20,14,1035,11.5,1,2,3,0,1,1,4,0,0.09,0.17,0.26,0.00,0.17,Matches,Ligue 1,2023-24,14,4,28.6,1.22,0.35,0.00,0.00,,,,,,,,
94,Axel Camblan,fr FRA,FW,Brest,19,2003,7,0,90,1.0,0,0,0,0,0,0,2,0,0.00,0.00,0.00,0.00,0.00,Matches,Ligue 1,2023-24,2,0,0.0,2.00,0.00,0.00,,,,,,,,,
95,Fali Candé,gw GNB,DF,Metz,25,1998,25,20,1849,20.5,0,1,1,0,0,0,4,0,0.00,0.05,0.05,0.00,0.05,Matches,Ligue 1,2023-24,13,7,53.8,0.63,0.34,0.00,0.00,,,,,,,,
96,Gino Caoki,fr FRA,FW,Lorient,19,2004,1,0,7,0.1,0,0,0,0,0,0,0,0,0.00,0.00,0.00,0.00,0.00,Matches,Ligue 1,2023-24,0,0,,0.00,0.00,,,,,,,,,,
97,Maxence Caqueret,fr FRA,MF,Lyon,23,2000,34,34,3022,33.6,1,3,4,1,0,0,1,0,0.03,0.09,0.12,0.03,0.12,Matches,Ligue 1,2023-24,24,9,37.5,0.71,0.27,0.04,0.11,,,,,,,,
98,Igor Carioca,br BRA,"MF,DF",Lorient,26,1996,5,2,262,2.9,0,0,0,0,0,0,2,0,0.00,0.00,0.00,0.00,0.00,Matches,Ligue 1,2023-24,1,0,0.0,0.34,0.00,0.00,,,,,,,,,
99,Antonin Cartillier,fr FRA,DF,Monaco,19,2004,1,0,8,0.1,0,0,0,0,0,0,0,0,0.00,0.00,0.00,0.00,0.00,Matches,Ligue 1,2023-24,0,0,,0.00,0.00,,,,,,,,,,
100,Josué Casimir,ht HAI,"MF,FW",Le Havre,21,2001,30,25,2016,22.4,0,5,5,0,0,0,6,0,0.00,0.22,0.22,0.00,0.22,Matches,Ligue 1,2023-24,21,3,14.3,0.94,0.13,0.00,0.00,,,,,,,,
101,Cristian Cásseres Jr.,ve VEN,MF,Toulouse,23,2000,32,23,1946,21.6,1,3,4,1,0,0,1,0,0.05,0.14,0.18,0.05,0.18,Matches,Ligue 1,2023-24,15,4,26.7,0.69,0.18,0.07,0.25,,,,,,,,
102,Jean-Charles Castelletto,cm CMR,DF,Nantes,28,1995,28,28,2464,27.4,2,0,2,2,0,0,5,0,0.07,0.00,0.07,0.07,0.07,Matches,Ligue 1,2023-24,10,6,60.0,0.37,0.22,0.20,0.33,,,,,,,,
103,Maximiliano Caufriez,be BEL,DF,Clermont Foot,26,1997,20,20,1659,18.4,0,1,1,0,0,0,6,3,0.00,0.05,0.05,0.00,0.05,Matches,Ligue 1,2023-24,6,1,16.7,0.33,0.05,0.00,0.00,,,,,,,,
104,Ivan Cavaleiro,pt POR,"MF,FW",Lille,29,1993,17,9,770,8.6,1,1,2,1,0,0,1,0,0.12,0.12,0.23,0.12,0.23,Matches,Ligue 1,2023-24,11,3,27.3,1.29,0.35,0.09,0.33,,,,,,,,
105,Fabien Centonze,fr FRA,MF,Nantes,27,1996,3,1,94,1.0,0,0,0,0,0,0,1,0,0.00,0.00,0.00,0.00,0.00,Matches,Ligue 1,2023-24,0,0,,0.00,0.00,,,,,,,,,,
106,Fares Chaïbi,dz ALG,"FW,MF",Toulouse,20,2002,2,0,58,0.6,0,1,1,0,0,0,1,0,0.00,1.55,1.55,0.00,1.55,Matches,Ligue 1,2023-24,0,0,,0.00,0.00,,,,,,,,,,
107,Muhammed Cham,at AUT,"MF,FW",Clermont Foot,22,2000,33,29,2554,28.4,8,4,12,4,4,5,4,0,0.28,0.14,0.42,0.14,0.28,Matches,Ligue 1,2023-24,74,30,40.5,2.61,1.06,0.05,0.13,,,,,,,,
108,Brendan Chardonnet,fr FRA,DF,Brest,28,1994,33,33,2970,33.0,1,1,2,1,0,0,4,0,0.03,0.03,0.06,0.03,0.06,Matches,Ligue 1,2023-24,19,3,15.8,0.58,0.09,0.05,0.33,,,,,,,,
109,Jhoanner Chávez,ec ECU,"MF,DF",Lens,21,2002,8,6,481,5.3,0,0,0,0,0,0,1,0,0.00,0.00,0.00,0.00,0.00,Matches,Ligue 1,2023-24,3,0,0.0,0.56,0.00,0.00,,,,,,,,,
110,Rayan Cherki,fr FRA,"MF,FW",Lyon,19,2003,33,19,1719,19.1,1,6,7,1,0,0,0,0,0.05,0.31,0.37,0.05,0.37,Matches,Ligue 1,2023-24,57,17,29.8,2.98,0.89,0.02,0.06,,,,,,,,
111,Lucas Chevalier,fr FRA,GK,Lille,21,2001,33,33,2969,33.0,0,0,0,0,0,0,1,0,0.00,0.00,0.00,0.00,0.00,Matches,Ligue 1,2023-24,0,0,,0.00,0.00,,,32,0.97,119,92,75.6,15,45.5,40.0
112,Pedro Chirivella,es ESP,MF,Nantes,26,1997,32,31,2594,28.8,1,1,2,1,0,0,5,0,0.03,0.03,0.07,0.03,0.07,Matches,Ligue 1,2023-24,17,6,35.3,0.59,0.21,0.06,0.17,,,,,,,,
113,Joris Chotard,fr FRA,MF,Montpellier,21,2001,31,30,2587,28.7,0,3,3,0,0,0,5,0,0.00,0.10,0.10,0.00,0.10,Matches,Ligue 1,2023-24,21,7,33.3,0.73,0.24,0.00,0.00,,,,,,,,
114,Djaoui Cissé,fr FRA,MF,Rennes,19,2004,2,0,4,0.0,0,0,0,0,0,0,0,0,0.00,0.00,0.00,0.00,0.00,Matches,Ligue 1,2023-24,0,0,,0.00,0.00,,,,,,,,,,
115,Ibrahim Cissoko,nl NED,MF,Toulouse,20,2003,11,2,241,2.7,1,1,2,1,0,0,1,0,0.37,0.37,0.75,0.37,0.75,Matches,Ligue 1,2023-24,8,5,62.5,2.99,1.87,0.13,0.20,,,,,,,,
116,Alexis Claude-Maurice,fr FRA,MF,Nice,25,1998,18,4,504,5.6,0,0,0,0,0,0,1,0,0.00,0.00,0.00,0.00,0.00,Matches,Ligue 1,2023-24,18,6,33.3,3.21,1.07,0.00,0.00,,,,,,,,
117,Jonathan Clauss,fr FRA,"DF,MF",Marseille,30,1992,27,25,2068,23.0,3,4,7,3,0,0,2,1,0.13,0.17,0.30,0.13,0.30,Matches,Ligue 1,2023-24,28,8,28.6,1.22,0.35,0.11,0.38,,,,,,,,
118,Marcus Coco,fr FRA,"MF,DF",Nantes,27,1996,28,18,1481,16.5,1,0,1,1,0,0,2,0,0.06,0.00,0.06,0.06,0.06,Matches,Ligue 1,2023-24,9,3,33.3,0.55,0.18,0.11,0.33,,,,,,,,
119,Maxime Colin,fr FRA,DF,Metz,31,1991,22,22,1832,20.4,0,0,0,0,0,0,3,0,0.00,0.00,0.00,0.00,0.00,Matches,Ligue 1,2023-24,6,0,0.0,0.29,0.00,0.00,,,,,,,,,
120,Eray Cömert,ch SUI,DF,Nantes,25,1998,25,23,1995,22.2,2,0,2,2,0,0,5,0,0.09,0.00,0.09,0.09,0.09,Matches,Ligue 1,2023-24,9,3,33.3,0.41,0.14,0.22,0.67,,,,,,,,
121,Alois Confais,fr FRA,"DF,MF",Le Havre,26,1996,2,0,7,0.1,0,0,0,0,0,0,0,0,0.00,0.00,0.00,0.00,0.00,Matches,Ligue 1,2023-24,0,0,,0.00,0.00,,,,,,,,,,
122,Joaquín Correa,ar ARG,"MF,FW",Marseille,28,1994,12,6,430,4.8,0,0,0,0,0,0,2,0,0.00,0.00,0.00,0.00,0.00,Matches,Ligue 1,2023-24,4,2,50.0,0.84,0.42,0.00,0.00,,,,,,,,
123,Oscar Cortés,co COL,MF,Lens,19,2003,4,0,44,0.5,1,1,2,1,0,0,0,0,2.05,2.05,4.09,2.05,4.09,Matches,Ligue 1,2023-24,1,1,100.0,2.05,2.05,1.00,1.00,,,,,,,,
124,David Costa,pt POR,MF,Lens,22,2001,25,17,1494,16.6,4,2,6,4,0,0,3,0,0.24,0.12,0.36,0.24,0.36,Matches,Ligue 1,2023-24,30,14,46.7,1.81,0.84,0.13,0.29,,,,,,,,
125,Logan Costa,cv CPV,DF,Toulouse,22,2001,31,29,2650,29.4,1,1,2,1,0,0,6,0,0.03,0.03,0.07,0.03,0.07,Matches,Ligue 1,2023-24,14,4,28.6,0.48,0.14,0.07,0.25,,,,,,,,
126,Grégoire Coudert,fr FRA,GK,Brest,24,1999,3,2,181,2.0,0,0,0,0,0,0,0,0,0.00,0.00,0.00,0.00,0.00,Matches,Ligue 1,2023-24,0,0,,0.00,0.00,,,0,0.00,4,4,100.0,2,100.0,
127,Mamadou Coulibaly,fr FRA,MF,Monaco,19,2004,5,1,118,1.3,0,0,0,0,0,0,0,0,0.00,0.00,0.00,0.00,0.00,Matches,Ligue 1,2023-24,2,0,0.0,1.53,0.00,0.00,,,,,,,,,
128,Tanguy Coulibaly,fr FRA,"MF,FW",Montpellier,22,2001,16,7,623,6.9,1,0,1,1,0,0,2,0,0.14,0.00,0.14,0.14,0.14,Matches,Ligue 1,2023-24,16,8,50.0,2.31,1.16,0.06,0.13,,,,,,,,
129,Nicolas Cozza,fr FRA,"DF,MF",Nantes,24,1999,13,10,895,9.9,0,0,0,0,0,0,2,0,0.00,0.00,0.00,0.00,0.00,Matches,Ligue 1,2023-24,5,1,20.0,0.50,0.10,0.00,0.00,,,,,,,,
130,Trévis Dago,ci CIV,FW,Lille,18,2005,4,0,23,0.3,0,1,1,0,0,0,1,0,0.00,3.91,3.91,0.00,3.91,Matches,Ligue 1,2023-24,1,0,0.0,3.91,0.00,0.00,,,,,,,,,
131,Thijs Dallinga,nl NED,FW,Toulouse,22,2000,33,28,2510,27.9,14,2,16,13,1,3,6,0,0.50,0.07,0.57,0.47,0.54,Matches,Ligue 1,2023-24,84,34,40.5,3.01,1.22,0.15,0.38,,,,,,,,
132,Kevin Danso,at AUT,DF,Lens,24,1998,30,30,2655,29.5,1,0,1,1,0,0,6,0,0.03,0.00,0.03,0.03,0.03,Matches,Ligue 1,2023-24,21,5,23.8,0.71,0.17,0.05,0.20,,,,,,,,
133,Dante,br BRA,DF,Nice,39,1983,32,32,2843,31.6,1,1,2,1,0,0,5,1,0.03,0.03,0.06,0.03,0.06,Matches,Ligue 1,2023-24,15,5,33.3,0.47,0.16,0.07,0.20,,,,,,,,
134,Raimane Daou,km COM,DF,Marseille,18,2004,1,0,25,0.3,0,0,0,0,0,0,0,0,0.00,0.00,0.00,0.00,0.00,Matches,Ligue 1,2023-24,0,0,,0.00,0.00,,,,,,,,,,
135,Mohamed Daramy,dk DEN,"FW,MF",Reims,21,2002,25,19,1648,18.3,4,5,9,3,1,1,0,0,0.22,0.27,0.49,0.16,0.44,Matches,Ligue 1,2023-24,32,12,37.5,1.75,0.66,0.09,0.25,,,,,,,,
136,Achraf Dari,ma MAR,DF,Brest,24,1999,4,1,121,1.3,0,0,0,0,0,0,0,0,0.00,0.00,0.00,0.00,0.00,Matches,Ligue 1,2023-24,1,1,100.0,0.74,0.74,0.00,0.00,,,,,,,,
137,Jonathan David,ca CAN,FW,Lille,23,2000,34,30,2629,29.2,19,4,23,17,2,3,4,0,0.65,0.14,0.79,0.58,0.72,Matches,Ligue 1,2023-24,79,47,59.5,2.70,1.61,0.22,0.36,,,,,,,,
138,Thibault De Smet,be BEL,"DF,MF",Reims,25,1998,27,22,1831,20.3,0,0,0,0,0,0,7,1,0.00,0.00,0.00,0.00,0.00,Matches,Ligue 1,2023-24,4,0,0.0,0.20,0.00,0.00,,,,,,,,,
139,Romain Del Castillo,fr FRA,"MF,FW",Brest,27,1996,33,30,2497,27.7,8,8,16,5,3,3,4,0,0.29,0.29,0.58,0.18,0.47,Matches,Ligue 1,2023-24,39,17,43.6,1.41,0.61,0.13,0.29,,,,,,,,
140,Thomas Delaine,fr FRA,"MF,DF",Strasbourg,31,1992,27,24,2044,22.7,1,1,2,1,0,0,5,0,0.04,0.04,0.09,0.04,0.09,Matches,Ligue 1,2023-24,12,2,16.7,0.53,0.09,0.08,0.50,,,,,,,,
141,Sacha Delaye,fr FRA,MF,Montpellier,21,2002,9,0,130,1.4,0,0,0,0,0,0,1,0,0.00,0.00,0.00,0.00,0.00,Matches,Ligue 1,2023-24,5,2,40.0,3.46,1.38,0.00,0.00,,,,,,,,
142,Karamoko Dembélé,eng ENG,"FW,MF",Brest,20,2003,1,0,16,0.2,0,0,0,0,0,0,0,0,0.00,0.00,0.00,0.00,0.00,Matches,Ligue 1,2023-24,0,0,,0.00,0.00,,,,,,,,,,
143,Ousmane Dembélé,fr FRA,"FW,MF",Paris Saint-Germain,26,1997,26,17,1506,16.7,3,8,11,3,0,0,0,0,0.18,0.48,0.66,0.18,0.66,Matches,Ligue 1,2023-24,43,14,32.6,2.57,0.84,0.07,0.21,,,,,,,,
144,Jessy Deminguet,fr FRA,"MF,FW",Strasbourg,25,1998,18,9,690,7.7,0,0,0,0,0,0,1,0,0.00,0.00,0.00,0.00,0.00,Matches,Ligue 1,2023-24,3,1,33.3,0.39,0.13,0.00,0.00,,,,,,,,
145,Rémy Descamps,fr FRA,GK,Nantes,27,1996,6,6,540,6.0,0,0,0,0,0,0,1,0,0.00,0.00,0.00,0.00,0.00,Matches,Ligue 1,2023-24,0,0,,0.00,0.00,,,11,1.83,36,26,72.2,1,16.7,0.0
146,Mikkel Desler,dk DEN,"DF,MF",Toulouse,28,1995,24,19,1544,17.2,0,1,1,0,0,0,2,0,0.00,0.06,0.06,0.00,0.06,Matches,Ligue 1,2023-24,16,0,0.0,0.93,0.00,0.00,,,,,,,,,
147,Arthur Desmas,fr FRA,GK,Le Havre,29,1994,33,33,2970,33.0,0,0,0,0,0,0,2,0,0.00,0.00,0.00,0.00,0.00,Matches,Ligue 1,2023-24,0,0,,0.00,0.00,,,43,1.30,152,111,72.4,7,21.2,50.0
148,Lamine Diack,sn SEN,MF,Nantes,22,2000,1,0,1,0.0,0,0,0,0,0,0,0,0,0.00,0.00,0.00,0.00,0.00,Matches,Ligue 1,2023-24,0,0,,0.00,0.00,,,,,,,,,,
149,Mamadou Diakhon,fr FRA,FW,Reims,17,2005,11,1,209,2.3,0,0,0,0,0,0,0,0,0.00,0.00,0.00,0.00,0.00,Matches,Ligue 1,2023-24,1,1,100.0,0.43,0.43,0.00,0.00,,,,,,,,
150,Bafodé Diakité,fr FRA,DF,Lille,22,2001,21,19,1696,18.8,5,2,7,5,0,0,4,0,0.27,0.11,0.37,0.27,0.37,Matches,Ligue 1,2023-24,16,7,43.8,0.85,0.37,0.31,0.71,,,,,,,,
151,Ibrahim Diakité,gn GUI,DF,Reims,19,2003,5,1,109,1.2,0,0,0,0,0,0,0,0,0.00,0.00,0.00,0.00,0.00,Matches,Ligue 1,2023-24,0,0,,0.00,0.00,,,,,,,,,,
152,Oumar Diakité,ci CIV,FW,Reims,19,2003,28,18,1585,17.6,5,1,6,5,0,1,4,0,0.28,0.06,0.34,0.28,0.34,Matches,Ligue 1,2023-24,36,12,33.3,2.04,0.68,0.14,0.42,,,,,,,,
153,Habib Diarra,sn SEN,"MF,FW",Strasbourg,19,2004,31,28,2305,25.6,3,1,4,2,1,1,3,0,0.12,0.04,0.16,0.08,0.12,Matches,Ligue 1,2023-24,39,15,38.5,1.52,0.59,0.05,0.13,,,,,,,,
154,Moussa Diarra,ml MLI,DF,Toulouse,22,2000,22,15,1397,15.5,1,2,3,1,0,0,5,0,0.06,0.13,0.19,0.06,0.19,Matches,Ligue 1,2023-24,5,2,40.0,0.32,0.13,0.20,0.50,,,,,,,,
155,Krépin Diatta,sn SEN,"MF,DF",Monaco,24,1999,26,12,1206,13.4,0,2,2,0,0,0,2,0,0.00,0.15,0.15,0.00,0.15,Matches,Ligue 1,2023-24,9,0,0.0,0.67,0.00,0.00,,,,,,,,,
156,Mory Diaw,sn SEN,GK,Clermont Foot,30,1993,30,30,2700,30.0,0,0,0,0,0,0,3,0,0.00,0.00,0.00,0.00,0.00,Matches,Ligue 1,2023-24,0,0,,0.00,0.00,,,54,1.80,181,134,73.5,5,16.7,14.3
157,Mahamadou Diawara,fr FRA,MF,Lyon,18,2005,11,4,358,4.0,0,0,0,0,0,0,2,0,0.00,0.00,0.00,0.00,0.00,Matches,Ligue 1,2023-24,6,0,0.0,1.51,0.00,0.00,,,,,,,,,
158,Bamba Dieng,sn SEN,FW,Lorient,23,2000,16,5,549,6.1,4,1,5,4,0,0,3,0,0.66,0.16,0.82,0.66,0.82,Matches,Ligue 1,2023-24,17,9,52.9,2.79,1.48,0.24,0.44,,,,,,,,
159,Guillaume Dietsch,fr FRA,GK,Metz,22,2001,1,0,73,0.8,0,0,0,0,0,0,0,0,0.00,0.00,0.00,0.00,0.00,Matches,Ligue 1,2023-24,0,0,,0.00,0.00,,,1,1.23,3,2,66.7,0,,
160,Sinaly Diomande,ci CIV,DF,Lyon,22,2001,10,10,889,9.9,0,0,0,0,0,0,2,0,0.00,0.00,0.00,0.00,0.00,Matches,Ligue 1,2023-24,6,1,16.7,0.61,0.10,0.00,0.00,,,,,,,,
161,Edan Diop,fr FRA,MF,Monaco,18,2004,10,0,163,1.8,0,0,0,0,0,0,3,0,0.00,0.00,0.00,0.00,0.00,Matches,Ligue 1,2023-24,0,0,,0.00,0.00,,,,,,,,,,
162,Sofiane Diop,ma MAR,"FW,MF",Nice,23,2000,10,6,499,5.5,0,0,0,0,0,0,0,0,0.00,0.00,0.00,0.00,0.00,Matches,Ligue 1,2023-24,14,6,42.9,2.53,1.08,0.00,0.00,,,,,,,,
163,Andy Diouf,fr FRA,MF,Lens,20,2003,25,16,1314,14.6,1,0,1,1,0,0,2,0,0.07,0.00,0.07,0.07,0.07,Matches,Ligue 1,2023-24,28,8,28.6,1.92,0.55,0.04,0.13,,,,,,,,
164,Yehvann Diouf,sn SEN,GK,Reims,23,1999,34,34,3060,34.0,0,0,0,0,0,0,1,0,0.00,0.00,0.00,0.00,0.00,Matches,Ligue 1,2023-24,0,0,,0.00,0.00,,,47,1.38,130,90,68.5,7,20.6,14.3
165,Chaim El Djebali,tn TUN,MF,Lyon,19,2004,1,0,12,0.1,0,0,0,0,0,0,0,0,0.00,0.00,0.00,0.00,0.00,Matches,Ligue 1,2023-24,0,0,,0.00,0.00,,,,,,,,,,
166,Jeremy Doku,be BEL,FW,Rennes,21,2002,2,1,111,1.2,1,0,1,1,0,0,0,0,0.81,0.00,0.81,0.81,0.81,Matches,Ligue 1,2023-24,6,4,66.7,4.86,3.24,0.17,0.25,,,,,,,,
167,Gianluigi Donnarumma,it ITA,GK,Paris Saint-Germain,24,1999,25,25,2169,24.1,0,0,0,0,0,0,3,1,0.00,0.00,0.00,0.00,0.00,Matches,Ligue 1,2023-24,0,0,,0.00,0.00,,,20,0.83,107,91,84.1,11,44.0,25.0
168,Siriné Doucouré,ml MLI,FW,Lorient,21,2002,11,5,423,4.7,1,3,4,1,0,0,2,0,0.21,0.64,0.85,0.21,0.85,Matches,Ligue 1,2023-24,9,5,55.6,1.91,1.06,0.11,0.20,,,,,,,,
169,Désiré Doué,fr FRA,MF,Rennes,18,2005,31,17,1626,18.1,4,4,8,4,0,0,3,0,0.22,0.22,0.44,0.22,0.44,Matches,Ligue 1,2023-24,34,13,38.2,1.88,0.72,0.12,0.31,,,,,,,,
170,Guela Doué,ci CIV,DF,Rennes,20,2002,24,13,1234,13.7,0,2,2,0,0,0,1,1,0.00,0.15,0.15,0.00,0.15,Matches,Ligue 1,2023-24,15,3,20.0,1.09,0.22,0.00,0.00,,,,,,,,
171,Douglas,br BRA,MF,Nantes,26,1997,25,22,1772,19.7,0,0,0,0,0,0,7,0,0.00,0.00,0.00,0.00,0.00,Matches,Ligue 1,2023-24,16,5,31.3,0.81,0.25,0.00,0.00,,,,,,,,
172,Ismaël Doukouré,fr FRA,"MF,DF",Strasbourg,20,2003,22,19,1656,18.4,0,0,0,0,0,0,4,0,0.00,0.00,0.00,0.00,0.00,Matches,Ligue 1,2023-24,9,0,0.0,0.49,0.00,0.00,,,,,,,,,
173,Kamory Doumbia,ml MLI,MF,Brest,20,2003,25,7,879,9.8,6,5,11,6,0,0,1,0,0.61,0.51,1.13,0.61,1.13,Matches,Ligue 1,2023-24,25,11,44.0,2.56,1.13,0.24,0.55,,,,,,,,
174,Jean-Kevin Duverne,ht HAI,DF,Nantes,26,1997,19,15,1348,15.0,0,0,0,0,0,0,5,0,0.00,0.00,0.00,0.00,0.00,Matches,Ligue 1,2023-24,4,1,25.0,0.27,0.07,0.00,0.00,,,,,,,,
175,Aron Dønnum,no NOR,"MF,FW",Toulouse,25,1998,27,19,1595,17.7,0,1,1,0,0,0,8,0,0.00,0.06,0.06,0.00,0.06,Matches,Ligue 1,2023-24,21,9,42.9,1.18,0.51,0.00,0.00,,,,,,,,
176,Simon Ebonog,cm CMR,MF,Le Havre,18,2004,4,0,20,0.2,0,0,0,0,0,0,0,0,0.00,0.00,0.00,0.00,0.00,Matches,Ligue 1,2023-24,0,0,,0.00,0.00,,,,,,,,,,
177,Hugo Ekitike,fr FRA,FW,Paris Saint-Germain,21,2002,1,0,9,0.1,0,0,0,0,0,0,0,0,0.00,0.00,0.00,0.00,0.00,Matches,Ligue 1,2023-24,0,0,,0.00,0.00,,,,,,,,,,
178,Simon Elisor,fr FRA,FW,Metz,24,1999,14,9,767,8.5,1,0,1,1,0,1,1,0,0.12,0.00,0.12,0.12,0.12,Matches,Ligue 1,2023-24,14,7,50.0,1.64,0.82,0.07,0.14,,,,,,,,
179,Breel Embolo,ch SUI,FW,Monaco,26,1997,5,2,182,2.0,1,0,1,1,0,0,0,0,0.49,0.00,0.49,0.49,0.49,Matches,Ligue 1,2023-24,6,3,50.0,2.97,1.48,0.17,0.33,,,,,,,,
180,Emanuel Emegha,nl NED,FW,Strasbourg,20,2003,28,23,2078,23.1,8,1,9,8,0,1,3,0,0.35,0.04,0.39,0.35,0.39,Matches,Ligue 1,2023-24,48,21,43.8,2.08,0.91,0.17,0.38,,,,,,,,
181,Maxime Estève,fr FRA,DF,Montpellier,21,2002,12,12,995,11.1,1,1,2,1,0,0,2,0,0.09,0.09,0.18,0.09,0.18,Matches,Ligue 1,2023-24,6,2,33.3,0.54,0.18,0.17,0.50,,,,,,,,
182,Oscar Estupiñan,co COL,FW,Metz,26,1996,6,4,260,2.9,0,0,0,0,0,0,0,0,0.00,0.00,0.00,0.00,0.00,Matches,Ligue 1,2023-24,6,1,16.7,2.08,0.35,0.00,0.00,,,,,,,,
183,Romain Faivre,fr FRA,MF,Lorient,25,1998,17,16,1453,16.1,5,1,6,5,0,0,1,0,0.31,0.06,0.37,0.31,0.37,Matches,Ligue 1,2023-24,27,10,37.0,1.67,0.62,0.19,0.50,,,,,,,,
184,Ilhan Fakili,fr FRA,MF,Clermont Foot,17,2006,3,1,94,1.0,0,0,0,0,0,0,0,0,0.00,0.00,0.00,0.00,0.00,Matches,Ligue 1,2023-24,4,2,50.0,3.83,1.91,0.00,0.00,,,,,,,,
185,Khalil Fayad,fr FRA,MF,Montpellier,19,2004,23,11,1025,11.4,3,0,3,3,0,0,2,0,0.26,0.00,0.26,0.26,0.26,Matches,Ligue 1,2023-24,17,7,41.2,1.49,0.61,0.18,0.43,,,,,,,,
186,Ichem Ferrah,fr FRA,MF,Lille,17,2005,1,0,3,0.0,0,0,0,0,0,0,0,0,0.00,0.00,0.00,0.00,0.00,Matches,Ligue 1,2023-24,0,0,,0.00,0.00,,,,,,,,,,
187,Jordan Ferri,fr FRA,MF,Montpellier,31,1992,30,23,2031,22.6,1,1,2,1,0,0,6,0,0.04,0.04,0.09,0.04,0.09,Matches,Ligue 1,2023-24,9,1,11.1,0.40,0.04,0.11,1.00,,,,,,,,
188,Malick Fofana,be BEL,"FW,MF",Lyon,18,2005,17,4,559,6.2,3,0,3,3,0,0,0,0,0.48,0.00,0.48,0.48,0.48,Matches,Ligue 1,2023-24,9,7,77.8,1.45,1.13,0.33,0.43,,,,,,,,
189,Youssouf Fofana,fr FRA,MF,Monaco,24,1999,32,31,2697,30.0,4,4,8,4,0,0,3,0,0.13,0.13,0.27,0.13,0.27,Matches,Ligue 1,2023-24,52,14,26.9,1.74,0.47,0.08,0.29,,,,,,,,
190,Thomas Foket,be BEL,"DF,MF",Reims,28,1994,27,22,1833,20.4,0,1,1,0,0,0,9,1,0.00,0.05,0.05,0.00,0.05,Matches,Ligue 1,2023-24,3,0,0.0,0.15,0.00,0.00,,,,,,,,,
191,Tiago Fonseca Morais,pt POR,MF,Lille,19,2003,3,0,46,0.5,0,0,0,0,0,0,0,0,0.00,0.00,0.00,0.00,0.00,Matches,Ligue 1,2023-24,1,0,0.0,1.96,0.00,0.00,,,,,,,,,
192,Przemysław Frankowski,pl POL,MF,Lens,28,1995,30,24,2192,24.4,3,2,5,2,1,2,4,0,0.12,0.08,0.21,0.08,0.16,Matches,Ligue 1,2023-24,31,10,32.3,1.27,0.41,0.06,0.20,,,,,,,,
193,Angelo Fulgini,fr FRA,MF,Lens,26,1996,29,16,1376,15.3,1,2,3,1,0,0,1,0,0.07,0.13,0.20,0.07,0.20,Matches,Ligue 1,2023-24,46,10,21.7,3.01,0.65,0.02,0.10,,,,,,,,
194,Kévin Gameiro,fr FRA,"FW,MF",Strasbourg,36,1987,27,15,1346,15.0,4,2,6,2,2,2,0,0,0.27,0.13,0.40,0.13,0.27,Matches,Ligue 1,2023-24,29,12,41.4,1.94,0.80,0.07,0.17,,,,,,,,
195,Ignatius Ganago,cm CMR,"MF,FW",Nantes,24,1999,6,2,184,2.0,0,0,0,0,0,0,0,0,0.00,0.00,0.00,0.00,0.00,Matches,Ligue 1,2023-24,6,0,0.0,2.93,0.00,0.00,,,,,,,,,
196,Ulisses Garcia,ch SUI,"DF,MF",Marseille,27,1996,13,10,906,10.1,0,0,0,0,0,0,0,0,0.00,0.00,0.00,0.00,0.00,Matches,Ligue 1,2023-24,11,5,45.5,1.09,0.50,0.00,0.00,,,,,,,,
197,Johan Gastien,fr FRA,MF,Clermont Foot,35,1988,28,28,2260,25.1,0,0,0,0,0,0,7,0,0.00,0.00,0.00,0.00,0.00,Matches,Ligue 1,2023-24,11,5,45.5,0.44,0.20,0.00,0.00,,,,,,,,
198,Yann Gboho,fr FRA,"MF,FW",Toulouse,22,2001,16,13,1193,13.3,3,2,5,3,0,0,1,0,0.23,0.15,0.38,0.23,0.38,Matches,Ligue 1,2023-24,23,8,34.8,1.74,0.60,0.13,0.38,,,,,,,,
199,Gelabert,es ESP,"MF,FW",Toulouse,22,2000,16,10,754,8.4,1,2,3,1,0,0,1,0,0.12,0.24,0.36,0.12,0.36,Matches,Ligue 1,2023-24,14,4,28.6,1.67,0.48,0.07,0.25,,,,,,,,
200,Denis Genreau,au AUS,MF,Toulouse,24,1999,9,5,464,5.2,0,0,0,0,0,0,0,0,0.00,0.00,0.00,0.00,0.00,Matches,Ligue 1,2023-24,3,1,33.3,0.58,0.19,0.00,0.00,,,,,,,,
201,Samuel Gigot,fr FRA,DF,Marseille,29,1993,21,20,1726,19.2,3,0,3,3,0,0,7,1,0.16,0.00,0.16,0.16,0.16,Matches,Ligue 1,2023-24,19,9,47.4,0.99,0.47,0.16,0.33,,,,,,,,
202,Aleksandr Golovin,ru RUS,MF,Monaco,27,1996,25,25,2147,23.9,6,6,12,6,0,0,8,1,0.25,0.25,0.50,0.25,0.50,Matches,Ligue 1,2023-24,45,20,44.4,1.89,0.84,0.13,0.30,,,,,,,,
203,Angel Gomes,eng ENG,MF,Lille,22,2000,31,29,2571,28.6,0,8,8,0,0,0,5,0,0.00,0.28,0.28,0.00,0.28,Matches,Ligue 1,2023-24,34,7,20.6,1.19,0.25,0.00,0.00,,,,,,,,
204,Maxime Gonalons,fr FRA,MF,Clermont Foot,34,1989,21,17,1296,14.4,1,0,1,1,0,0,4,0,0.07,0.00,0.07,0.07,0.07,Matches,Ligue 1,2023-24,13,3,23.1,0.90,0.21,0.08,0.33,,,,,,,,
205,Mathieu Gorgelin,fr FRA,GK,Le Havre,32,1990,1,1,90,1.0,0,0,0,0,0,0,1,0,0.00,0.00,0.00,0.00,0.00,Matches,Ligue 1,2023-24,0,0,,0.00,0.00,,,2,2.00,4,3,75.0,0,0.0,0.0
206,Amine Gouiri,dz ALG,"FW,MF",Rennes,23,2000,31,24,2067,23.0,7,3,10,7,0,0,2,0,0.30,0.13,0.44,0.30,0.44,Matches,Ligue 1,2023-24,78,27,34.6,3.40,1.18,0.09,0.26,,,,,,,,
207,Jonathan Gradit,fr FRA,DF,Lens,30,1992,26,26,2112,23.5,1,0,1,1,0,0,9,1,0.04,0.00,0.04,0.04,0.04,Matches,Ligue 1,2023-24,4,1,25.0,0.17,0.04,0.25,1.00,,,,,,,,
208,Samuel Grandsir,fr FRA,MF,Le Havre,26,1996,23,4,606,6.7,1,1,2,1,0,1,4,2,0.15,0.15,0.30,0.15,0.30,Matches,Ligue 1,2023-24,15,6,40.0,2.23,0.89,0.07,0.17,,,,,,,,
209,Adrian Grbić,at AUT,"FW,MF",Lorient,26,1996,1,0,31,0.3,0,0,0,0,0,0,0,0,0.00,0.00,0.00,0.00,0.00,Matches,Ligue 1,2023-24,2,0,0.0,5.81,0.00,0.00,,,,,,,,,
210,Gabriel Gudmundsson,se SWE,"MF,DF",Lille,24,1999,25,14,1267,14.1,1,0,1,1,0,0,2,0,0.07,0.00,0.07,0.07,0.07,Matches,Ligue 1,2023-24,15,5,33.3,1.07,0.36,0.07,0.20,,,,,,,,
211,Axel Gueguin,fr FRA,DF,Montpellier,18,2005,3,1,132,1.5,0,0,0,0,0,0,0,0,0.00,0.00,0.00,0.00,0.00,Matches,Ligue 1,2023-24,0,0,,0.00,0.00,,,,,,,,,,
212,Mattéo Guendouzi,fr FRA,MF,Marseille,24,1999,2,0,19,0.2,0,0,0,0,0,0,0,0,0.00,0.00,0.00,0.00,0.00,Matches,Ligue 1,2023-24,2,2,100.0,9.47,9.47,0.00,0.00,,,,,,,,
213,Evann Guessand,ci CIV,FW,Nice,22,2001,34,14,1553,17.3,6,0,6,4,2,2,1,0,0.35,0.00,0.35,0.23,0.23,Matches,Ligue 1,2023-24,48,23,47.9,2.78,1.33,0.08,0.17,,,,,,,,
214,Pape Gueye,sn SEN,"MF,DF",Marseille,24,1999,15,9,765,8.5,1,0,1,1,0,0,2,0,0.12,0.00,0.12,0.12,0.12,Matches,Ligue 1,2023-24,8,2,25.0,0.94,0.24,0.13,0.50,,,,,,,,
215,Morgan Guilavogui,gn GUI,FW,Lens,25,1998,23,2,566,6.3,2,0,2,2,0,0,1,0,0.32,0.00,0.32,0.32,0.32,Matches,Ligue 1,2023-24,21,8,38.1,3.34,1.27,0.10,0.25,,,,,,,,
216,Frederic Guilbert,fr FRA,"DF,MF",Strasbourg,28,1994,32,29,2490,27.7,2,0,2,2,0,0,3,0,0.07,0.00,0.07,0.07,0.07,Matches,Ligue 1,2023-24,21,5,23.8,0.76,0.18,0.10,0.40,,,,,,,,
217,Jaouen Hadjam,dz ALG,DF,Nantes,20,2003,8,0,112,1.2,0,0,0,0,0,0,0,0,0.00,0.00,0.00,0.00,0.00,Matches,Ligue 1,2023-24,1,0,0.0,0.80,0.00,0.00,,,,,,,,,
218,Massadio Haïdara,ml MLI,"DF,MF",Lens,30,1992,18,7,741,8.2,0,1,1,0,0,0,1,0,0.00,0.12,0.12,0.00,0.12,Matches,Ligue 1,2023-24,3,0,0.0,0.36,0.00,0.00,,,,,,,,,
219,Oualid El Hajjam,ma MAR,"DF,MF",Le Havre,32,1991,13,4,393,4.4,0,0,0,0,0,0,1,0,0.00,0.00,0.00,0.00,0.00,Matches,Ligue 1,2023-24,8,3,37.5,1.83,0.69,0.00,0.00,,,,,,,,
220,Achraf Hakimi,ma MAR,"DF,MF",Paris Saint-Germain,24,1998,25,20,1932,21.5,4,5,9,4,0,0,3,0,0.19,0.23,0.42,0.19,0.42,Matches,Ligue 1,2023-24,42,12,28.6,1.96,0.56,0.10,0.33,,,,,,,,
221,Hákon Haraldsson,is ISL,"MF,FW",Lille,20,2003,26,15,1284,14.3,2,0,2,2,0,0,5,0,0.14,0.00,0.14,0.14,0.14,Matches,Ligue 1,2023-24,12,6,50.0,0.84,0.42,0.17,0.33,,,,,,,,
222,Amine Harit,ma MAR,MF,Marseille,26,1997,28,21,1821,20.2,1,2,3,1,0,0,5,0,0.05,0.10,0.15,0.05,0.15,Matches,Ligue 1,2023-24,33,8,24.2,1.63,0.40,0.03,0.13,,,,,,,,
223,Silvan Hefti,ch SUI,"DF,MF",Montpellier,25,1997,11,9,711,7.9,0,1,1,0,0,0,1,0,0.00,0.13,0.13,0.00,0.13,Matches,Ligue 1,2023-24,4,1,25.0,0.51,0.13,0.00,0.00,,,,,,,,
224,Henrique,br BRA,"DF,MF",Lyon,29,1994,11,6,607,6.7,1,0,1,1,0,0,2,0,0.15,0.00,0.15,0.15,0.15,Matches,Ligue 1,2023-24,8,3,37.5,1.19,0.44,0.13,0.33,,,,,,,,
225,Luis Henrique,br BRA,"FW,MF",Marseille,21,2001,15,8,784,8.7,1,0,1,1,0,0,0,0,0.11,0.00,0.11,0.11,0.11,Matches,Ligue 1,2023-24,12,3,25.0,1.38,0.34,0.08,0.33,,,,,,,,
226,Christophe Hérelle,mq MTQ,DF,Metz,30,1992,19,18,1617,18.0,0,0,0,0,0,0,4,1,0.00,0.00,0.00,0.00,0.00,Matches,Ligue 1,2023-24,4,0,0.0,0.22,0.00,0.00,,,,,,,,,
227,Lucas Hernández,fr FRA,DF,Paris Saint-Germain,27,1996,27,23,1909,21.2,1,1,2,1,0,0,6,0,0.05,0.05,0.09,0.05,0.09,Matches,Ligue 1,2023-24,6,2,33.3,0.28,0.09,0.17,0.50,,,,,,,,
228,Andrej Ilic,rs SRB,FW,Lille,23,2000,2,0,9,0.1,0,0,0,0,0,0,0,0,0.00,0.00,0.00,0.00,0.00,Matches,Ligue 1,2023-24,0,0,,0.00,0.00,,,,,,,,,,
229,Bonke Innocent,ng NGA,MF,Lorient,27,1996,4,3,210,2.3,0,0,0,0,0,0,1,0,0.00,0.00,0.00,0.00,0.00,Matches,Ligue 1,2023-24,2,1,50.0,0.86,0.43,0.00,0.00,,,,,,,,
230,Ismaily,br BRA,DF,Lille,33,1990,30,28,2465,27.4,1,1,2,1,0,0,1,0,0.04,0.04,0.07,0.04,0.07,Matches,Ligue 1,2023-24,7,4,57.1,0.26,0.15,0.14,0.25,,,,,,,,
231,Yanis Issoufou,fr FRA,FW,Montpellier,16,2006,1,0,13,0.1,0,0,0,0,0,0,0,0,0.00,0.00,0.00,0.00,0.00,Matches,Ligue 1,2023-24,0,0,,0.00,0.00,,,,,,,,,,
232,Junya Ito,jp JPN,"FW,MF",Reims,30,1993,31,31,2714,30.2,3,7,10,3,0,0,2,0,0.10,0.23,0.33,0.10,0.33,Matches,Ligue 1,2023-24,46,15,32.6,1.53,0.50,0.07,0.20,,,,,,,,
233,Jérémy Jacquet,fr FRA,DF,Rennes,18,2005,1,0,5,0.1,0,0,0,0,0,0,0,0,0.00,0.00,0.00,0.00,0.00,Matches,Ligue 1,2023-24,0,0,,0.00,0.00,,,,,,,,,,
234,Jérémy Jacquet,fr FRA,DF,Clermont Foot,18,2005,6,2,253,2.8,0,1,1,0,0,0,0,0,0.00,0.36,0.36,0.00,0.36,Matches,Ligue 1,2023-24,1,0,0.0,0.36,0.00,0.00,,,,,,,,,
235,Ismail Jakobs,sn SEN,"MF,DF",Monaco,23,1999,22,16,1466,16.3,1,2,3,1,0,0,0,0,0.06,0.12,0.18,0.06,0.18,Matches,Ligue 1,2023-24,21,7,33.3,1.29,0.43,0.05,0.14,,,,,,,,
236,Ablie Jallow,gm GAM,"MF,FW",Metz,24,1998,17,10,918,10.2,3,2,5,2,1,1,1,0,0.29,0.20,0.49,0.20,0.39,Matches,Ligue 1,2023-24,18,7,38.9,1.76,0.69,0.11,0.29,,,,,,,,
237,Danley Jean-Jacques,ht HAI,MF,Metz,23,2000,33,30,2682,29.8,0,0,0,0,0,0,5,0,0.00,0.00,0.00,0.00,0.00,Matches,Ligue 1,2023-24,34,5,14.7,1.14,0.17,0.00,0.00,,,,,,,,
238,Jeffinho,br BRA,"MF,FW",Lyon,23,1999,10,3,308,3.4,1,1,2,1,0,0,0,0,0.29,0.29,0.58,0.29,0.58,Matches,Ligue 1,2023-24,11,3,27.3,3.21,0.88,0.09,0.33,,,,,,,,
239,Antoine Joujou,fr FRA,"MF,FW",Le Havre,20,2003,23,6,779,8.7,0,2,2,0,0,0,1,0,0.00,0.23,0.23,0.00,0.23,Matches,Ligue 1,2023-24,20,3,15.0,2.31,0.35,0.00,0.00,,,,,,,,
240,Christopher Jullien,fr FRA,DF,Montpellier,30,1993,20,13,1233,13.7,1,0,1,1,0,0,5,0,0.07,0.00,0.07,0.07,0.07,Matches,Ligue 1,2023-24,7,1,14.3,0.51,0.07,0.14,1.00,,,,,,,,
241,Eli Junior Kroupi,fr FRA,FW,Lorient,17,2006,30,11,1084,12.0,5,3,8,5,0,0,1,0,0.42,0.25,0.66,0.42,0.66,Matches,Ligue 1,2023-24,22,12,54.5,1.83,1.00,0.23,0.42,,,,,,,,
242,Abdoul Kader Bamba,fr FRA,MF,Nantes,29,1994,23,1,611,6.8,2,1,3,2,0,0,2,0,0.29,0.15,0.44,0.29,0.44,Matches,Ligue 1,2023-24,14,5,35.7,2.06,0.74,0.14,0.40,,,,,,,,
243,Yaya Kader Fofana,ml MLI,MF,Reims,19,2004,4,0,32,0.4,0,0,0,0,0,0,0,0,0.00,0.00,0.00,0.00,0.00,Matches,Ligue 1,2023-24,3,1,33.3,8.44,2.81,0.00,0.00,,,,,,,,
244,Tino Kadewere,zw ZIM,FW,Lyon,27,1996,11,2,296,3.3,0,0,0,0,0,0,0,0,0.00,0.00,0.00,0.00,0.00,Matches,Ligue 1,2023-24,6,1,16.7,1.82,0.30,0.00,0.00,,,,,,,,
245,Tino Kadewere,zw ZIM,"FW,MF",Nantes,27,1996,14,8,781,8.7,1,0,1,1,0,1,1,0,0.12,0.00,0.12,0.12,0.12,Matches,Ligue 1,2023-24,10,5,50.0,1.15,0.58,0.10,0.20,,,,,,,,
246,Arnaud Kalimuendo,fr FRA,FW,Rennes,21,2002,30,25,2139,23.8,10,1,11,8,2,2,6,0,0.42,0.04,0.46,0.34,0.38,Matches,Ligue 1,2023-24,61,24,39.3,2.57,1.01,0.13,0.33,,,,,,,,
247,Gedeon Kalulu,cd COD,"MF,DF",Lorient,25,1997,19,11,970,10.8,0,1,1,0,0,0,0,0,0.00,0.09,0.09,0.00,0.09,Matches,Ligue 1,2023-24,6,1,16.7,0.56,0.09,0.00,0.00,,,,,,,,
248,Warren Kamanzi,no NOR,"MF,DF",Toulouse,22,2000,24,12,1187,13.2,0,3,3,0,0,0,1,0,0.00,0.23,0.23,0.00,0.23,Matches,Ligue 1,2023-24,6,0,0.0,0.45,0.00,0.00,,,,,,,,,
249,Lee Kang-in,kr KOR,"MF,FW",Paris Saint-Germain,22,2001,23,18,1464,16.3,3,4,7,3,0,0,2,0,0.18,0.25,0.43,0.18,0.43,Matches,Ligue 1,2023-24,23,9,39.1,1.41,0.55,0.13,0.33,,,,,,,,
250,Yann Karamoh,fr FRA,FW,Montpellier,25,1998,12,1,284,3.2,1,0,1,1,0,0,1,0,0.32,0.00,0.32,0.32,0.32,Matches,Ligue 1,2023-24,5,3,60.0,1.58,0.95,0.20,0.33,,,,,,,,
251,Ayman Kari,fr FRA,MF,Lorient,18,2004,14,12,893,9.9,1,1,2,1,0,0,1,0,0.10,0.10,0.20,0.10,0.20,Matches,Ligue 1,2023-24,7,3,42.9,0.71,0.30,0.14,0.33,,,,,,,,
252,Panos Katseris,gr GRE,MF,Lorient,22,2001,15,13,1041,11.6,1,1,2,1,0,0,4,0,0.09,0.09,0.17,0.09,0.17,Matches,Ligue 1,2023-24,17,6,35.3,1.47,0.52,0.06,0.17,,,,,,,,
253,Kévin Keben Biakolo,cm CMR,"DF,MF",Toulouse,19,2004,8,7,521,5.8,0,0,0,0,0,0,1,0,0.00,0.00,0.00,0.00,0.00,Matches,Ligue 1,2023-24,1,0,0.0,0.17,0.00,0.00,,,,,,,,,
254,Yassine Kechta,ma MAR,MF,Le Havre,21,2002,32,21,1849,20.5,2,1,3,2,0,0,4,0,0.10,0.05,0.15,0.10,0.15,Matches,Ligue 1,2023-24,20,9,45.0,0.97,0.44,0.10,0.22,,,,,,,,
255,Thilo Kehrer,de GER,DF,Monaco,26,1996,15,15,1323,14.7,1,1,2,1,0,0,4,1,0.07,0.07,0.14,0.07,0.14,Matches,Ligue 1,2023-24,12,4,33.3,0.82,0.27,0.08,0.25,,,,,,,,
256,Habib Keita,ml MLI,MF,Clermont Foot,21,2002,27,12,1278,14.2,1,0,1,1,0,0,4,0,0.07,0.00,0.07,0.07,0.07,Matches,Ligue 1,2023-24,20,5,25.0,1.41,0.35,0.05,0.20,,,,,,,,
257,Reda Khadra,de GER,"MF,FW",Reims,22,2001,29,14,1368,15.2,1,3,4,1,0,0,1,0,0.07,0.20,0.26,0.07,0.26,Matches,Ligue 1,2023-24,23,12,52.2,1.51,0.79,0.04,0.08,,,,,,,,
258,Wahbi Khazri,tn TUN,"MF,FW",Montpellier,32,1991,25,13,1131,12.6,1,0,1,1,0,0,6,0,0.08,0.00,0.08,0.08,0.08,Matches,Ligue 1,2023-24,44,16,36.4,3.50,1.27,0.02,0.06,,,,,,,,
259,Abdukodir Khusanov,uz UZB,DF,Lens,19,2004,11,9,809,9.0,0,0,0,0,0,0,5,0,0.00,0.00,0.00,0.00,0.00,Matches,Ligue 1,2023-24,5,2,40.0,0.56,0.22,0.00,0.00,,,,,,,,
260,Philipp Köhn,ch SUI,GK,Monaco,25,1998,22,22,1980,22.0,0,0,0,0,0,0,0,0,0.00,0.00,0.00,0.00,0.00,Matches,Ligue 1,2023-24,0,0,,0.00,0.00,,,32,1.45,92,66,70.7,5,22.7,16.7
261,Randal Kolo Muani,fr FRA,"FW,MF",Paris Saint-Germain,24,1998,26,13,1268,14.1,6,5,11,6,0,0,1,0,0.43,0.35,0.78,0.43,0.78,Matches,Ligue 1,2023-24,22,13,59.1,1.56,0.92,0.27,0.46,,,,,,,,
262,Cheick Konaté,ml MLI,"MF,DF",Clermont Foot,19,2004,19,12,1068,11.9,1,1,2,1,0,0,4,0,0.08,0.08,0.17,0.08,0.17,Matches,Ligue 1,2023-24,14,4,28.6,1.18,0.34,0.07,0.25,,,,,,,,
263,Geoffrey Kondogbia,cf CTA,MF,Marseille,30,1993,26,15,1463,16.3,0,0,0,0,0,0,3,0,0.00,0.00,0.00,0.00,0.00,Matches,Ligue 1,2023-24,8,1,12.5,0.49,0.06,0.00,0.00,,,,,,,,
264,Abdoul Koné,fr FRA,DF,Reims,18,2005,3,3,193,2.1,0,0,0,0,0,0,1,0,0.00,0.00,0.00,0.00,0.00,Matches,Ligue 1,2023-24,0,0,,0.00,0.00,,,,,,,,,,
265,Amadou Koné,ml MLI,MF,Reims,18,2005,16,4,475,5.3,0,0,0,0,0,0,4,1,0.00,0.00,0.00,0.00,0.00,Matches,Ligue 1,2023-24,6,1,16.7,1.14,0.19,0.00,0.00,,,,,,,,
266,Ibrahima Koné,ml MLI,FW,Lorient,24,1999,1,0,32,0.4,0,0,0,0,0,0,0,0,0.00,0.00,0.00,0.00,0.00,Matches,Ligue 1,2023-24,0,0,,0.00,0.00,,,,,,,,,,
267,N'Guessan Kouadio,ci CIV,MF,Metz,20,2003,6,1,110,1.2,0,0,0,0,0,0,0,0,0.00,0.00,0.00,0.00,0.00,Matches,Ligue 1,2023-24,3,1,33.3,2.45,0.82,0.00,0.00,,,,,,,,
268,Koffi Kouao,ci CIV,DF,Metz,25,1998,13,10,860,9.6,0,2,2,0,0,0,2,0,0.00,0.21,0.21,0.00,0.21,Matches,Ligue 1,2023-24,5,1,20.0,0.52,0.10,0.00,0.00,,,,,,,,
269,Therence Koudou,fr FRA,DF,Reims,18,2004,9,3,314,3.5,0,0,0,0,0,0,3,0,0.00,0.00,0.00,0.00,0.00,Matches,Ligue 1,2023-24,2,1,50.0,0.57,0.29,0.00,0.00,,,,,,,,
270,Boubakar Kouyaté,ml MLI,DF,Montpellier,26,1997,23,22,1928,21.4,0,2,2,0,0,0,5,1,0.00,0.09,0.09,0.00,0.09,Matches,Ligue 1,2023-24,13,2,15.4,0.61,0.09,0.00,0.00,,,,,,,,
271,Sael Kumbedi,fr FRA,"DF,MF",Lyon,18,2005,17,8,924,10.3,0,1,1,0,0,0,3,0,0.00,0.10,0.10,0.00,0.10,Matches,Ligue 1,2023-24,6,4,66.7,0.58,0.39,0.00,0.00,,,,,,,,
272,Layvin Kurzawa,fr FRA,DF,Paris Saint-Germain,30,1992,1,0,9,0.1,0,0,0,0,0,0,0,0,0.00,0.00,0.00,0.00,0.00,Matches,Ligue 1,2023-24,0,0,,0.00,0.00,,,,,,,,,,
273,Daler Kuzyaev,ru RUS,MF,Le Havre,30,1993,30,24,2090,23.2,2,2,4,2,0,0,1,0,0.09,0.09,0.17,0.09,0.17,Matches,Ligue 1,2023-24,16,5,31.3,0.69,0.22,0.13,0.40,,,,,,,,
274,Grejohn Kyei,fr FRA,FW,Clermont Foot,27,1995,26,10,1026,11.4,2,1,3,1,1,1,1,0,0.18,0.09,0.26,0.09,0.18,Matches,Ligue 1,2023-24,31,8,25.8,2.72,0.70,0.03,0.13,,,,,,,,
275,Gaëtan Laborde,fr FRA,"FW,MF",Nice,29,1994,34,22,1906,21.2,5,2,7,4,1,2,2,0,0.24,0.09,0.33,0.19,0.28,Matches,Ligue 1,2023-24,64,23,35.9,3.02,1.09,0.06,0.17,,,,,,,,
276,Alexandre Lacazette,fr FRA,FW,Lyon,32,1991,29,27,2293,25.5,19,2,21,17,2,2,3,1,0.75,0.08,0.82,0.67,0.75,Matches,Ligue 1,2023-24,62,36,58.1,2.43,1.41,0.27,0.47,,,,,,,,
277,Alban Lafont,ci CIV,GK,Nantes,24,1999,28,28,2496,27.7,0,0,0,0,0,0,2,0,0.00,0.00,0.00,0.00,0.00,Matches,Ligue 1,2023-24,0,0,,0.00,0.00,,,43,1.55,111,75,68.5,6,21.4,0.0
278,Kenny Lala,mg MAD,DF,Brest,31,1991,33,33,2970,33.0,2,3,5,2,0,0,7,0,0.06,0.09,0.15,0.06,0.15,Matches,Ligue 1,2023-24,14,7,50.0,0.42,0.21,0.14,0.29,,,,,,,,
279,Mathis Lambourde,fr FRA,FW,Rennes,17,2006,1,0,10,0.1,0,0,0,0,0,0,0,0,0.00,0.00,0.00,0.00,0.00,Matches,Ligue 1,2023-24,0,0,,0.00,0.00,,,,,,,,,,
280,Mohamed Lamine Bayo,gn GUI,FW,Le Havre,25,1998,22,16,1389,15.4,5,1,6,3,2,2,4,0,0.32,0.06,0.39,0.19,0.26,Matches,Ligue 1,2023-24,47,19,40.4,3.05,1.23,0.06,0.16,,,,,,,,
281,Didier Lamkel Zé,cm CMR,"FW,MF",Metz,26,1996,9,7,550,6.1,1,0,1,1,0,0,1,0,0.16,0.00,0.16,0.16,0.16,Matches,Ligue 1,2023-24,11,3,27.3,1.80,0.49,0.09,0.33,,,,,,,,
282,Julien Laporte,fr FRA,DF,Lorient,29,1993,23,20,1818,20.2,0,0,0,0,0,0,4,0,0.00,0.00,0.00,0.00,0.00,Matches,Ligue 1,2023-24,13,1,7.7,0.64,0.05,0.00,0.00,,,,,,,,
283,Théo Le Bris,fr FRA,MF,Lorient,20,2002,26,15,1516,16.8,0,2,2,0,0,0,2,0,0.00,0.12,0.12,0.00,0.12,Matches,Ligue 1,2023-24,13,2,15.4,0.77,0.12,0.00,0.00,,,,,,,,
284,Julien Le Cardinal,fr FRA,DF,Brest,25,1997,12,5,473,5.3,0,0,0,0,0,0,3,0,0.00,0.00,0.00,0.00,0.00,Matches,Ligue 1,2023-24,4,2,50.0,0.76,0.38,0.00,0.00,,,,,,,,
285,Julien Le Cardinal,fr FRA,DF,Lens,25,1997,2,0,58,0.6,0,0,0,0,0,0,0,0,0.00,0.00,0.00,0.00,0.00,Matches,Ligue 1,2023-24,0,0,,0.00,0.00,,,,,,,,,,
286,Jérémy Le Douaron,fr FRA,"FW,MF",Brest,25,1998,33,19,1618,18.0,4,0,4,4,0,0,3,0,0.22,0.00,0.22,0.22,0.22,Matches,Ligue 1,2023-24,50,21,42.0,2.78,1.17,0.08,0.19,,,,,,,,
287,Enzo Le Fée,fr FRA,MF,Rennes,23,2000,25,19,1527,17.0,0,1,1,0,0,0,3,0,0.00,0.06,0.06,0.00,0.06,Matches,Ligue 1,2023-24,12,0,0.0,0.71,0.00,0.00,,,,,,,,,
288,Vincent Le Goff,fr FRA,"MF,DF",Lorient,33,1989,9,8,541,6.0,1,1,2,1,0,0,1,0,0.17,0.17,0.33,0.17,0.33,Matches,Ligue 1,2023-24,4,1,25.0,0.67,0.17,0.25,1.00,,,,,,,,
289,Adrien Lebeau,fr FRA,MF,Brest,24,1999,7,0,54,0.6,0,1,1,0,0,0,0,0,0.00,1.67,1.67,0.00,1.67,Matches,Ligue 1,2023-24,1,0,0.0,1.67,0.00,0.00,,,,,,,,,
290,Jean-Louis Leca,fr FRA,GK,Lens,37,1985,1,1,90,1.0,0,0,0,0,0,0,0,0,0.00,0.00,0.00,0.00,0.00,Matches,Ligue 1,2023-24,0,0,,0.00,0.00,,,2,2.00,3,1,33.3,0,0.0,
291,Benjamin Lecomte,fr FRA,GK,Montpellier,32,1991,30,30,2700,30.0,0,1,1,0,0,0,1,0,0.00,0.03,0.03,0.00,0.03,Matches,Ligue 1,2023-24,0,0,,0.00,0.00,,,37,1.23,134,102,75.4,10,33.3,20.0
292,Pierre Lees-Melou,fr FRA,MF,Brest,30,1993,29,29,2517,28.0,4,0,4,4,0,0,12,1,0.14,0.00,0.14,0.14,0.14,Matches,Ligue 1,2023-24,52,13,25.0,1.86,0.46,0.08,0.31,,,,,,,,
293,Johann Lepenant,fr FRA,MF,Lyon,20,2002,6,2,253,2.8,0,0,0,0,0,0,1,0,0.00,0.00,0.00,0.00,0.00,Matches,Ligue 1,2023-24,4,2,50.0,1.42,0.71,0.00,0.00,,,,,,,,
294,Léo Leroy,fr FRA,MF,Montpellier,23,2000,21,3,499,5.5,0,1,1,0,0,0,4,0,0.00,0.18,0.18,0.00,0.18,Matches,Ligue 1,2023-24,7,1,14.3,1.26,0.18,0.00,0.00,,,,,,,,
295,Gautier Lloris,fr FRA,DF,Le Havre,28,1995,31,31,2778,30.9,2,0,2,2,0,0,2,0,0.06,0.00,0.06,0.06,0.06,Matches,Ligue 1,2023-24,16,5,31.3,0.52,0.16,0.13,0.40,,,,,,,,
296,Abou Lô,sn SEN,"MF,DF",Metz,23,2000,6,2,197,2.2,0,0,0,0,0,0,0,1,0.00,0.00,0.00,0.00,0.00,Matches,Ligue 1,2023-24,1,0,0.0,0.46,0.00,0.00,,,,,,,,,
297,Bradley Locko,fr FRA,DF,Brest,21,2002,33,33,2959,32.9,0,3,3,0,0,0,5,0,0.00,0.09,0.09,0.00,0.09,Matches,Ligue 1,2023-24,12,2,16.7,0.36,0.06,0.00,0.00,,,,,,,,
298,Renan Lodi,br BRA,"DF,MF",Marseille,25,1998,14,14,1235,13.7,0,0,0,0,0,0,6,0,0.00,0.00,0.00,0.00,0.00,Matches,Ligue 1,2023-24,6,2,33.3,0.44,0.15,0.00,0.00,,,,,,,,
299,Elysée Logbo,fr FRA,FW,Le Havre,19,2004,10,2,248,2.8,0,0,0,0,0,0,0,0,0.00,0.00,0.00,0.00,0.00,Matches,Ligue 1,2023-24,4,0,0.0,1.45,0.00,0.00,,,,,,,,,
300,Anthony Lopes,pt POR,GK,Lyon,32,1990,31,31,2790,31.0,0,0,0,0,0,0,0,0,0.00,0.00,0.00,0.00,0.00,Matches,Ligue 1,2023-24,0,0,,0.00,0.00,,,49,1.58,154,109,70.8,8,25.8,20.0
301,Pau López,es ESP,GK,Marseille,28,1994,33,33,2939,32.7,0,0,0,0,0,0,1,0,0.00,0.00,0.00,0.00,0.00,Matches,Ligue 1,2023-24,0,0,,0.00,0.00,,,39,1.19,125,88,71.2,7,21.2,0.0
302,Jordan Lotomba,ch SUI,"DF,MF",Nice,24,1998,28,21,1804,20.0,1,0,1,1,0,0,4,0,0.05,0.00,0.05,0.05,0.05,Matches,Ligue 1,2023-24,11,2,18.2,0.55,0.10,0.09,0.50,,,,,,,,
303,Tom Louchet,fr FRA,"MF,FW",Nice,20,2003,13,3,409,4.5,1,1,2,1,0,0,1,0,0.22,0.22,0.44,0.22,0.44,Matches,Ligue 1,2023-24,2,1,50.0,0.44,0.22,0.50,1.00,,,,,,,,
304,Imran Louza,ma MAR,MF,Lorient,24,1999,14,10,863,9.6,1,3,4,1,0,0,1,0,0.10,0.31,0.42,0.10,0.42,Matches,Ligue 1,2023-24,22,5,22.7,2.29,0.52,0.05,0.20,,,,,,,,
305,Dejan Lovren,hr CRO,DF,Lyon,34,1989,10,8,718,8.0,0,0,0,0,0,0,2,1,0.00,0.00,0.00,0.00,0.00,Matches,Ligue 1,2023-24,6,4,66.7,0.75,0.50,0.00,0.00,,,,,,,,
306,Joshua M'Bahia,ci CIV,DF,Clermont Foot,18,2005,1,0,14,0.2,0,0,0,0,0,0,1,0,0.00,0.00,0.00,0.00,0.00,Matches,Ligue 1,2023-24,0,0,,0.00,0.00,,,,,,,,,,
307,Othmane Maamma,ma MAR,FW,Montpellier,17,2005,2,1,88,1.0,1,0,1,1,0,0,0,0,1.02,0.00,1.02,1.02,1.02,Matches,Ligue 1,2023-24,3,1,33.3,3.07,1.02,0.33,1.00,,,,,,,,
308,Deiver Machado,co COL,MF,Lens,29,1993,19,13,1124,12.5,4,0,4,4,0,0,4,0,0.32,0.00,0.32,0.32,0.32,Matches,Ligue 1,2023-24,16,8,50.0,1.28,0.64,0.25,0.50,,,,,,,,
309,Soungoutou Magassa,fr FRA,DF,Monaco,19,2003,21,15,1346,15.0,0,0,0,0,0,0,7,0,0.00,0.00,0.00,0.00,0.00,Matches,Ligue 1,2023-24,8,3,37.5,0.53,0.20,0.00,0.00,,,,,,,,
310,Hugo Magnetti,fr FRA,MF,Brest,25,1998,33,30,2340,26.0,2,0,2,2,0,0,6,0,0.08,0.00,0.08,0.08,0.08,Matches,Ligue 1,2023-24,36,11,30.6,1.38,0.42,0.06,0.18,,,,,,,,
311,Yohann Magnin,fr FRA,MF,Clermont Foot,26,1997,31,17,1687,18.7,1,0,1,1,0,0,2,0,0.05,0.00,0.05,0.05,0.05,Matches,Ligue 1,2023-24,14,6,42.9,0.75,0.32,0.07,0.17,,,,,,,,
312,Frank Magri,cm CMR,"FW,MF",Toulouse,23,1999,29,14,1438,16.0,5,2,7,5,0,0,5,0,0.31,0.13,0.44,0.31,0.44,Matches,Ligue 1,2023-24,41,14,34.1,2.57,0.88,0.12,0.36,,,,,,,,
313,Adel Mahamoud,km COM,FW,Nantes,20,2003,1,0,10,0.1,0,0,0,0,0,0,0,0,0.00,0.00,0.00,0.00,0.00,Matches,Ligue 1,2023-24,0,0,,0.00,0.00,,,,,,,,,,
314,Habib Maïga,ci CIV,MF,Metz,27,1996,7,1,147,1.6,0,0,0,0,0,0,0,0,0.00,0.00,0.00,0.00,0.00,Matches,Ligue 1,2023-24,2,0,0.0,1.22,0.00,0.00,,,,,,,,,
315,Ainsley Maitland-Niles,eng ENG,"DF,MF",Lyon,25,1997,23,16,1432,15.9,1,4,5,0,1,1,1,1,0.06,0.25,0.31,0.00,0.25,Matches,Ligue 1,2023-24,18,6,33.3,1.13,0.38,0.00,0.00,,,,,,,,
316,Radosław Majecki,pl POL,GK,Monaco,23,1999,12,12,1080,12.0,0,0,0,0,0,0,1,0,0.00,0.00,0.00,0.00,0.00,Matches,Ligue 1,2023-24,0,0,,0.00,0.00,,,10,0.83,57,46,82.5,5,41.7,
317,Lovro Majer,hr CRO,"FW,MF",Rennes,25,1998,1,0,16,0.2,0,0,0,0,0,0,0,0,0.00,0.00,0.00,0.00,0.00,Matches,Ligue 1,2023-24,1,0,0.0,5.63,0.00,0.00,,,,,,,,,
318,Jean-Victor Makengo,fr FRA,"MF,FW",Lorient,25,1998,11,5,479,5.3,0,0,0,0,0,0,0,0,0.00,0.00,0.00,0.00,0.00,Matches,Ligue 1,2023-24,5,2,40.0,0.94,0.38,0.00,0.00,,,,,,,,
319,Aaron Malouda,fr FRA,FW,Lille,17,2005,1,0,1,0.0,0,0,0,0,0,0,0,0,0.00,0.00,0.00,0.00,0.00,Matches,Ligue 1,2023-24,0,0,,0.00,0.00,,,,,,,,,,
320,Steve Mandanda,fr FRA,GK,Rennes,38,1985,34,34,3060,34.0,0,0,0,0,0,0,1,0,0.00,0.00,0.00,0.00,0.00,Matches,Ligue 1,2023-24,0,0,,0.00,0.00,,,46,1.35,148,105,70.9,7,20.6,0.0
321,Orel Mangala,be BEL,MF,Lyon,25,1998,8,4,398,4.4,2,0,2,2,0,0,0,0,0.45,0.00,0.45,0.45,0.45,Matches,Ligue 1,2023-24,5,2,40.0,1.13,0.45,0.40,1.00,,,,,,,,
322,Vito Mannone,it ITA,GK,Lille,35,1988,2,1,91,1.0,0,0,0,0,0,0,0,0,0.00,0.00,0.00,0.00,0.00,Matches,Ligue 1,2023-24,0,0,,0.00,0.00,,,2,1.98,5,3,60.0,0,0.0,
323,Faitout Maouassa,fr FRA,MF,Lens,25,1998,3,1,76,0.8,0,0,0,0,0,0,0,0,0.00,0.00,0.00,0.00,0.00,Matches,Ligue 1,2023-24,3,2,66.7,3.55,2.37,0.00,0.00,,,,,,,,
324,Guillermo Maripán,cl CHI,DF,Monaco,29,1994,23,21,1767,19.6,1,0,1,1,0,0,0,1,0.05,0.00,0.05,0.05,0.05,Matches,Ligue 1,2023-24,11,5,45.5,0.56,0.25,0.09,0.20,,,,,,,,
325,Marquinhos,br BRA,MF,Nantes,20,2003,7,1,154,1.7,0,0,0,0,0,0,0,0,0.00,0.00,0.00,0.00,0.00,Matches,Ligue 1,2023-24,5,1,20.0,2.92,0.58,0.00,0.00,,,,,,,,
326,Marquinhos,br BRA,DF,Paris Saint-Germain,29,1994,21,18,1537,17.1,0,1,1,0,0,0,1,0,0.00,0.06,0.06,0.00,0.06,Matches,Ligue 1,2023-24,4,0,0.0,0.23,0.00,0.00,,,,,,,,,
327,Jonas Martin,fr FRA,MF,Brest,33,1990,31,9,1208,13.4,0,1,1,0,0,0,5,0,0.00,0.07,0.07,0.00,0.07,Matches,Ligue 1,2023-24,10,3,30.0,0.75,0.22,0.00,0.00,,,,,,,,
328,Clinton Mata,ao ANG,"DF,MF",Lyon,30,1992,28,25,2220,24.7,0,3,3,0,0,0,6,0,0.00,0.12,0.12,0.00,0.12,Matches,Ligue 1,2023-24,14,0,0.0,0.57,0.00,0.00,,,,,,,,,
329,Eliot Matazo,be BEL,MF,Monaco,21,2002,6,0,102,1.1,0,1,1,0,0,0,2,0,0.00,0.88,0.88,0.00,0.88,Matches,Ligue 1,2023-24,1,1,100.0,0.88,0.88,0.00,0.00,,,,,,,,
330,Nemanja Matić,rs SRB,MF,Rennes,34,1988,13,11,1027,11.4,0,0,0,0,0,0,7,0,0.00,0.00,0.00,0.00,0.00,Matches,Ligue 1,2023-24,5,1,20.0,0.44,0.09,0.00,0.00,,,,,,,,
331,Nemanja Matić,rs SRB,MF,Lyon,34,1988,15,15,1254,13.9,0,0,0,0,0,0,2,0,0.00,0.00,0.00,0.00,0.00,Matches,Ligue 1,2023-24,6,2,33.3,0.43,0.14,0.00,0.00,,,,,,,,
332,Chrislain Matsima,fr FRA,DF,Clermont Foot,21,2002,14,13,1180,13.1,1,0,1,1,0,0,2,0,0.08,0.00,0.08,0.08,0.08,Matches,Ligue 1,2023-24,5,2,40.0,0.38,0.15,0.20,0.50,,,,,,,,
333,Chrislain Matsima,fr FRA,DF,Monaco,21,2002,6,3,298,3.3,0,1,1,0,0,0,2,0,0.00,0.30,0.30,0.00,0.30,Matches,Ligue 1,2023-24,2,0,0.0,0.60,0.00,0.00,,,,,,,,,
334,Azor Matusiwa,nl NED,MF,Reims,25,1998,16,16,1385,15.4,1,0,1,1,0,0,3,0,0.06,0.00,0.06,0.06,0.06,Matches,Ligue 1,2023-24,12,2,16.7,0.78,0.13,0.08,0.50,,,,,,,,
335,Azor Matusiwa,nl NED,MF,Rennes,25,1998,12,9,794,8.8,0,1,1,0,0,0,2,0,0.00,0.11,0.11,0.00,0.11,Matches,Ligue 1,2023-24,6,1,16.7,0.68,0.11,0.00,0.00,,,,,,,,
336,Aïman Maurer,ma MAR,MF,Clermont Foot,18,2004,5,0,56,0.6,0,0,0,0,0,0,0,0,0.00,0.00,0.00,0.00,0.00,Matches,Ligue 1,2023-24,3,1,33.3,4.82,1.61,0.00,0.00,,,,,,,,
337,Christian Mawissa,fr FRA,"DF,MF",Toulouse,18,2005,17,12,1118,12.4,2,0,2,2,0,0,3,0,0.16,0.00,0.16,0.16,0.16,Matches,Ligue 1,2023-24,5,2,40.0,0.40,0.16,0.40,1.00,,,,,,,,
338,Noam Mayoka-Tika,be BEL,MF,Marseille,19,2003,1,0,1,0.0,0,0,0,0,0,0,0,0,0.00,0.00,0.00,0.00,0.00,Matches,Ligue 1,2023-24,0,0,,0.00,0.00,,,,,,,,,,
339,Senny Mayulu,fr FRA,"MF,FW",Paris Saint-Germain,17,2006,8,3,324,3.6,0,1,1,0,0,0,0,0,0.00,0.28,0.28,0.00,0.28,Matches,Ligue 1,2023-24,3,0,0.0,0.83,0.00,0.00,,,,,,,,,
340,Youssef Maziz,fr FRA,MF,Metz,25,1998,2,2,124,1.4,1,0,1,1,0,0,0,0,0.73,0.00,0.73,0.73,0.73,Matches,Ligue 1,2023-24,4,2,50.0,2.90,1.45,0.25,0.50,,,,,,,,
341,Ethan Mbappé,fr FRA,MF,Paris Saint-Germain,16,2006,3,0,48,0.5,0,0,0,0,0,0,0,0,0.00,0.00,0.00,0.00,0.00,Matches,Ligue 1,2023-24,2,1,50.0,3.75,1.87,0.00,0.00,,,,,,,,
342,Kylian Mbappé,fr FRA,FW,Paris Saint-Germain,24,1998,29,24,2158,24.0,27,7,34,21,6,8,4,0,1.13,0.29,1.42,0.88,1.17,Matches,Ligue 1,2023-24,120,59,49.2,5.00,2.46,0.18,0.36,,,,,,,,
343,Malick Mbaye,sn SEN,MF,Metz,19,2004,5,1,153,1.7,0,0,0,0,0,0,1,0,0.00,0.00,0.00,0.00,0.00,Matches,Ligue 1,2023-24,4,0,0.0,2.35,0.00,0.00,,,,,,,,,
344,Chancel Mbemba,cd COD,DF,Marseille,28,1994,25,25,2207,24.5,2,2,4,2,0,0,1,0,0.08,0.08,0.16,0.08,0.16,Matches,Ligue 1,2023-24,19,2,10.5,0.77,0.08,0.11,1.00,,,,,,,,
345,Nolan Mbemba,cg CGO,MF,Le Havre,28,1995,6,0,22,0.2,1,0,1,1,0,0,0,0,4.09,0.00,4.09,4.09,4.09,Matches,Ligue 1,2023-24,2,1,50.0,8.18,4.09,0.50,1.00,,,,,,,,
346,Hianga'a Mbock,fr FRA,MF,Brest,23,1999,2,0,9,0.1,0,0,0,0,0,0,0,0,0.00,0.00,0.00,0.00,0.00,Matches,Ligue 1,2023-24,1,0,0.0,10.00,0.00,0.00,,,,,,,,,
347,Christ Mbondi,fr FRA,FW,Reims,18,2004,1,0,2,0.0,0,0,0,0,0,0,0,0,0.00,0.00,0.00,0.00,0.00,Matches,Ligue 1,2023-24,0,0,,0.00,0.00,,,,,,,,,,
348,Facundo Medina,ar ARG,DF,Lens,24,1999,31,30,2714,30.2,1,3,4,1,0,0,11,0,0.03,0.10,0.13,0.03,0.13,Matches,Ligue 1,2023-24,21,12,57.1,0.70,0.40,0.05,0.08,,,,,,,,
349,Bamo Meïté,ci CIV,DF,Marseille,21,2001,16,6,638,7.1,0,0,0,0,0,0,1,0,0.00,0.00,0.00,0.00,0.00,Matches,Ligue 1,2023-24,1,0,0.0,0.14,0.00,0.00,,,,,,,,,
350,Bamo Meïté,ci CIV,DF,Lorient,21,2001,2,2,146,1.6,0,0,0,0,0,0,0,0,0.00,0.00,0.00,0.00,0.00,Matches,Ligue 1,2023-24,0,0,,0.00,0.00,,,,,,,,,,
351,Birger Meling,no NOR,DF,Rennes,28,1994,1,0,16,0.2,0,0,0,0,0,0,0,0,0.00,0.00,0.00,0.00,0.00,Matches,Ligue 1,2023-24,1,1,100.0,5.63,5.63,0.00,0.00,,,,,,,,
352,Nuno Mendes,pt POR,DF,Paris Saint-Germain,21,2002,6,2,267,3.0,1,1,2,1,0,0,3,0,0.34,0.34,0.67,0.34,0.67,Matches,Ligue 1,2023-24,4,1,25.0,1.35,0.34,0.25,1.00,,,,,,,,
353,Antoine Mendy,sn SEN,DF,Nice,19,2004,10,4,418,4.6,0,0,0,0,0,0,0,0,0.00,0.00,0.00,0.00,0.00,Matches,Ligue 1,2023-24,2,1,50.0,0.43,0.22,0.00,0.00,,,,,,,,
354,Benjamin Mendy,fr FRA,"MF,DF",Lorient,29,1994,15,7,711,7.9,2,1,3,2,0,0,3,0,0.25,0.13,0.38,0.25,0.38,Matches,Ligue 1,2023-24,13,4,30.8,1.65,0.51,0.15,0.50,,,,,,,,
355,Formose Mendy,sn SEN,DF,Lorient,22,2001,18,13,1256,14.0,0,0,0,0,0,0,6,0,0.00,0.00,0.00,0.00,0.00,Matches,Ligue 1,2023-24,7,2,28.6,0.50,0.14,0.00,0.00,,,,,,,,
356,Nampalys Mendy,sn SEN,MF,Lens,31,1992,16,13,1052,11.7,0,1,1,0,0,0,2,0,0.00,0.09,0.09,0.00,0.09,Matches,Ligue 1,2023-24,7,2,28.6,0.60,0.17,0.00,0.00,,,,,,,,
357,Quentin Merlin,fr FRA,"DF,MF",Marseille,21,2002,10,8,703,7.8,0,1,1,0,0,0,1,0,0.00,0.13,0.13,0.00,0.13,Matches,Ligue 1,2023-24,5,1,20.0,0.64,0.13,0.00,0.00,,,,,,,,
358,Quentin Merlin,fr FRA,"MF,DF",Nantes,21,2002,16,15,1283,14.3,0,1,1,0,0,0,0,0,0.00,0.07,0.07,0.00,0.07,Matches,Ligue 1,2023-24,14,3,21.4,0.98,0.21,0.00,0.00,,,,,,,,
359,Bastien Meupiyou,fr FRA,DF,Nantes,17,2006,1,1,8,0.1,0,0,0,0,0,0,0,1,0.00,0.00,0.00,0.00,0.00,Matches,Ligue 1,2023-24,0,0,,0.00,0.00,,,,,,,,,,
360,Lucas Michal,fr FRA,FW,Monaco,18,2005,1,0,7,0.1,0,0,0,0,0,0,0,0,0.00,0.00,0.00,0.00,0.00,Matches,Ligue 1,2023-24,0,0,,0.00,0.00,,,,,,,,,,
361,Georges Mikautadze,ge GEO,FW,Metz,22,2000,20,20,1747,19.4,13,4,17,10,3,3,0,1,0.67,0.21,0.88,0.52,0.72,Matches,Ligue 1,2023-24,57,27,47.4,2.94,1.39,0.18,0.37,,,,,,,,
362,Takumi Minamino,jp JPN,MF,Monaco,28,1995,30,25,2117,23.5,9,6,15,9,0,0,4,0,0.38,0.26,0.64,0.38,0.64,Matches,Ligue 1,2023-24,61,29,47.5,2.59,1.23,0.15,0.31,,,,,,,,
363,Lucas Mincarelli,fr FRA,"DF,MF",Montpellier,19,2004,13,12,978,10.9,1,1,2,1,0,0,1,1,0.09,0.09,0.18,0.09,0.18,Matches,Ligue 1,2023-24,6,3,50.0,0.55,0.28,0.17,0.33,,,,,,,,
364,Ignacio Miramon,ar ARG,MF,Lille,20,2003,2,1,39,0.4,0,0,0,0,0,0,0,0,0.00,0.00,0.00,0.00,0.00,Matches,Ligue 1,2023-24,2,1,50.0,4.62,2.31,0.00,0.00,,,,,,,,
365,Terem Moffi,ng NGA,FW,Nice,24,1999,30,23,1949,21.7,11,2,13,8,3,3,4,0,0.51,0.09,0.60,0.37,0.46,Matches,Ligue 1,2023-24,49,25,51.0,2.26,1.15,0.16,0.32,,,,,,,,
366,Mostafa Mohamed,eg EGY,FW,Nantes,25,1997,29,24,2002,22.2,8,2,10,5,3,3,3,1,0.36,0.09,0.45,0.22,0.31,Matches,Ligue 1,2023-24,65,26,40.0,2.92,1.17,0.08,0.19,,,,,,,,
367,Florent Mollet,fr FRA,"MF,FW",Nantes,31,1991,29,24,2083,23.1,4,4,8,4,0,0,4,0,0.17,0.17,0.35,0.17,0.35,Matches,Ligue 1,2023-24,63,25,39.7,2.72,1.08,0.06,0.16,,,,,,,,
368,Enzo Mongo,fr FRA,DF,Nantes,18,2005,1,0,10,0.1,0,0,0,0,0,0,0,0,0.00,0.00,0.00,0.00,0.00,Matches,Ligue 1,2023-24,0,0,,0.00,0.00,,,,,,,,,,
369,Diego Moreira,be BEL,MF,Lyon,18,2004,7,4,270,3.0,0,0,0,0,0,0,1,0,0.00,0.00,0.00,0.00,0.00,Matches,Ligue 1,2023-24,5,2,40.0,1.67,0.67,0.00,0.00,,,,,,,,
370,Lebo Mothiba,za RSA,FW,Strasbourg,27,1996,15,5,617,6.9,3,0,3,3,0,0,0,0,0.44,0.00,0.44,0.44,0.44,Matches,Ligue 1,2023-24,16,7,43.8,2.33,1.02,0.19,0.43,,,,,,,,
371,Steve Mounié,bj BEN,FW,Brest,28,1994,32,20,1769,19.7,6,2,8,6,0,0,2,1,0.31,0.10,0.41,0.31,0.41,Matches,Ligue 1,2023-24,59,24,40.7,3.00,1.22,0.10,0.25,,,,,,,,
372,Samuel Moutoussamy,cd COD,MF,Nantes,26,1996,26,11,1107,12.3,1,0,1,1,0,0,2,0,0.08,0.00,0.08,0.08,0.08,Matches,Ligue 1,2023-24,15,5,33.3,1.22,0.41,0.07,0.20,,,,,,,,
373,Loris Mouyokolo,fr FRA,DF,Lorient,22,2001,1,1,90,1.0,0,0,0,0,0,0,0,0,0.00,0.00,0.00,0.00,0.00,Matches,Ligue 1,2023-24,0,0,,0.00,0.00,,,,,,,,,,
374,François Mughe,cm CMR,MF,Marseille,19,2004,5,2,177,2.0,0,0,0,0,0,0,1,0,0.00,0.00,0.00,0.00,0.00,Matches,Ligue 1,2023-24,3,0,0.0,1.53,0.00,0.00,,,,,,,,,
375,Nordi Mukiele,fr FRA,DF,Paris Saint-Germain,25,1997,16,9,796,8.8,0,0,0,0,0,0,2,0,0.00,0.00,0.00,0.00,0.00,Matches,Ligue 1,2023-24,9,6,66.7,1.02,0.68,0.00,0.00,,,,,,,,
376,Marshall Munetsi,zw ZIM,MF,Reims,27,1996,27,25,2173,24.1,4,3,7,4,0,0,5,0,0.17,0.12,0.29,0.17,0.29,Matches,Ligue 1,2023-24,44,16,36.4,1.82,0.66,0.09,0.25,,,,,,,,
377,Yvon Mvogo,ch SUI,GK,Lorient,29,1994,34,34,3060,34.0,0,0,0,0,0,0,1,0,0.00,0.00,0.00,0.00,0.00,Matches,Ligue 1,2023-24,0,0,,0.00,0.00,,,66,1.94,202,144,71.3,4,11.8,0.0
378,Joel Mvuka,no NOR,MF,Lorient,20,2002,7,2,197,2.2,0,0,0,0,0,0,1,0,0.00,0.00,0.00,0.00,0.00,Matches,Ligue 1,2023-24,1,0,0.0,0.46,0.00,0.00,,,,,,,,,
379,Junior Mwanga,fr FRA,"MF,FW",Strasbourg,20,2003,22,17,1450,16.1,1,1,2,1,0,0,3,0,0.06,0.06,0.12,0.06,0.12,Matches,Ligue 1,2023-24,20,4,20.0,1.24,0.25,0.05,0.25,,,,,,,,
380,Kévin N'Doram,fr FRA,MF,Metz,27,1996,23,18,1604,17.8,0,2,2,0,0,0,4,0,0.00,0.11,0.11,0.00,0.11,Matches,Ligue 1,2023-24,7,1,14.3,0.39,0.06,0.00,0.00,,,,,,,,
381,Bilal Nadir,ma MAR,MF,Marseille,19,2003,5,1,113,1.3,0,0,0,0,0,0,1,0,0.00,0.00,0.00,0.00,0.00,Matches,Ligue 1,2023-24,1,0,0.0,0.80,0.00,0.00,,,,,,,,,
382,Mahamadou Nagida,cm CMR,MF,Rennes,18,2005,3,1,106,1.2,0,0,0,0,0,0,0,0,0.00,0.00,0.00,0.00,0.00,Matches,Ligue 1,2023-24,3,2,66.7,2.55,1.70,0.00,0.00,,,,,,,,
383,Keito Nakamura,jp JPN,"FW,MF",Reims,23,2000,25,17,1381,15.3,4,1,5,4,0,0,1,0,0.26,0.07,0.33,0.26,0.33,Matches,Ligue 1,2023-24,41,13,31.7,2.67,0.85,0.10,0.31,,,,,,,,
384,Keylor Navas,cr CRC,GK,Paris Saint-Germain,36,1986,4,4,360,4.0,0,0,0,0,0,0,0,0,0.00,0.00,0.00,0.00,0.00,Matches,Ligue 1,2023-24,0,0,,0.00,0.00,,,6,1.50,11,6,54.5,1,25.0,0.0
385,Youssouf Ndayishimiye,bi BDI,"MF,DF",Nice,24,1998,23,20,1712,19.0,0,0,0,0,0,0,6,1,0.00,0.00,0.00,0.00,0.00,Matches,Ligue 1,2023-24,14,3,21.4,0.74,0.16,0.00,0.00,,,,,,,,
386,Bassirou Ndiaye,sn SEN,FW,Lorient,21,2002,5,0,152,1.7,0,0,0,0,0,0,0,0,0.00,0.00,0.00,0.00,0.00,Matches,Ligue 1,2023-24,0,0,,0.00,0.00,,,,,,,,,,
387,Iliman Ndiaye,sn SEN,"FW,MF",Marseille,23,2000,30,19,1618,18.0,3,3,6,3,0,0,0,1,0.17,0.17,0.33,0.17,0.33,Matches,Ligue 1,2023-24,35,9,25.7,1.95,0.50,0.09,0.33,,,,,,,,
388,Massamba Ndiaye,sn SEN,GK,Clermont Foot,21,2001,4,4,360,4.0,0,0,0,0,0,0,0,0,0.00,0.00,0.00,0.00,0.00,Matches,Ligue 1,2023-24,0,0,,0.00,0.00,,,6,1.50,22,17,77.3,0,0.0,0.0
389,Rassoul Ndiaye,sn SEN,MF,Le Havre,21,2001,19,6,526,5.8,0,0,0,0,0,0,4,2,0.00,0.00,0.00,0.00,0.00,Matches,Ligue 1,2023-24,5,1,20.0,0.86,0.17,0.00,0.00,,,,,,,,
390,Cher Ndour,it ITA,MF,Paris Saint-Germain,19,2004,3,0,28,0.3,0,0,0,0,0,0,1,0,0.00,0.00,0.00,0.00,0.00,Matches,Ligue 1,2023-24,0,0,,0.00,0.00,,,,,,,,,,
391,Joseph Nduquidi,fr FRA,"MF,DF",Metz,18,2004,13,7,751,8.3,0,0,0,0,0,0,2,0,0.00,0.00,0.00,0.00,0.00,Matches,Ligue 1,2023-24,4,1,25.0,0.48,0.12,0.00,0.00,,,,,,,,
392,Loïc Nego,hu HUN,"MF,DF",Le Havre,32,1991,28,18,1561,17.3,0,3,3,0,0,0,3,0,0.00,0.17,0.17,0.00,0.17,Matches,Ligue 1,2023-24,18,4,22.2,1.04,0.23,0.00,0.00,,,,,,,,
393,Steve Ngoura,fr FRA,FW,Le Havre,18,2005,12,1,223,2.5,0,1,1,0,0,0,0,0,0.00,0.40,0.40,0.00,0.40,Matches,Ligue 1,2023-24,7,2,28.6,2.83,0.81,0.00,0.00,,,,,,,,
394,Shamar Nicholson,jm JAM,FW,Clermont Foot,26,1997,26,17,1484,16.5,4,3,7,3,1,2,2,0,0.24,0.18,0.42,0.18,0.36,Matches,Ligue 1,2023-24,40,20,50.0,2.43,1.21,0.08,0.15,,,,,,,,
395,Rasmus Nicolaisen,dk DEN,DF,Toulouse,26,1997,33,33,2925,32.5,2,0,2,2,0,0,6,1,0.06,0.00,0.06,0.06,0.06,Matches,Ligue 1,2023-24,19,5,26.3,0.58,0.15,0.11,0.40,,,,,,,,
396,Arnaud Nordin,fr FRA,"MF,FW",Montpellier,25,1998,20,15,1246,13.8,5,3,8,5,0,0,1,1,0.36,0.22,0.58,0.36,0.58,Matches,Ligue 1,2023-24,31,14,45.2,2.24,1.01,0.16,0.36,,,,,,,,
397,Ernest Nuamah,gh GHA,"FW,MF",Lyon,19,2003,29,21,1838,20.4,3,2,5,3,0,0,4,0,0.15,0.10,0.24,0.15,0.24,Matches,Ligue 1,2023-24,43,20,46.5,2.11,0.98,0.07,0.15,,,,,,,,
398,Gerzino Nyamsi,cm CMR,DF,Strasbourg,26,1997,13,13,1092,12.1,0,0,0,0,0,0,1,0,0.00,0.00,0.00,0.00,0.00,Matches,Ligue 1,2023-24,7,3,42.9,0.58,0.25,0.00,0.00,,,,,,,,
399,Rabby Nzingoula,fr FRA,MF,Strasbourg,17,2005,6,1,133,1.5,0,1,1,0,0,0,1,0,0.00,0.68,0.68,0.00,0.68,Matches,Ligue 1,2023-24,1,1,100.0,0.68,0.68,0.00,0.00,,,,,,,,
400,Jake O'Brien,ie IRL,DF,Lyon,22,2001,27,27,2369,26.3,4,2,6,4,0,0,4,1,0.15,0.08,0.23,0.15,0.23,Matches,Ligue 1,2023-24,18,8,44.4,0.68,0.30,0.22,0.50,,,,,,,,
401,Florent Ogier,fr FRA,DF,Clermont Foot,34,1989,14,9,943,10.5,1,1,2,1,0,0,1,0,0.10,0.10,0.19,0.10,0.19,Matches,Ligue 1,2023-24,7,2,28.6,0.67,0.19,0.14,0.50,,,,,,,,
402,Joseph Okumu,ke KEN,DF,Reims,26,1997,21,19,1743,19.4,1,0,1,1,0,0,3,0,0.05,0.00,0.05,0.05,0.05,Matches,Ligue 1,2023-24,11,3,27.3,0.57,0.15,0.09,0.33,,,,,,,,
403,Warmed Omari,km COM,DF,Rennes,23,2000,25,23,2071,23.0,1,0,1,1,0,0,5,1,0.04,0.00,0.04,0.04,0.04,Matches,Ligue 1,2023-24,4,1,25.0,0.17,0.04,0.25,1.00,,,,,,,,
404,Becir Omeragic,ch SUI,"DF,MF",Montpellier,21,2002,28,26,2312,25.7,0,0,0,0,0,0,4,0,0.00,0.00,0.00,0.00,0.00,Matches,Ligue 1,2023-24,9,3,33.3,0.35,0.12,0.00,0.00,,,,,,,,
405,Jean Onana,cm CMR,MF,Marseille,23,2000,13,5,566,6.3,1,0,1,1,0,0,1,0,0.16,0.00,0.16,0.16,0.16,Matches,Ligue 1,2023-24,8,3,37.5,1.27,0.48,0.13,0.33,,,,,,,,
406,Royce Openda,ga GAB,FW,Lorient,21,2002,1,0,16,0.2,0,0,0,0,0,0,0,0,0.00,0.00,0.00,0.00,0.00,Matches,Ligue 1,2023-24,0,0,,0.00,0.00,,,,,,,,,,
407,Christopher Operi,ci CIV,"DF,MF",Le Havre,26,1997,28,28,2445,27.2,3,4,7,3,0,0,6,0,0.11,0.15,0.26,0.11,0.26,Matches,Ligue 1,2023-24,23,10,43.5,0.85,0.37,0.13,0.30,,,,,,,,
408,Gift Orban,ng NGA,FW,Lyon,21,2002,13,5,474,5.3,1,0,1,1,0,0,2,0,0.19,0.00,0.19,0.19,0.19,Matches,Ligue 1,2023-24,8,2,25.0,1.52,0.38,0.13,0.50,,,,,,,,
409,Kassoum Ouattara,fr FRA,"DF,MF",Monaco,18,2004,14,7,636,7.1,1,0,1,1,0,0,2,0,0.14,0.00,0.14,0.14,0.14,Matches,Ligue 1,2023-24,8,5,62.5,1.13,0.71,0.13,0.20,,,,,,,,
410,Alexandre Oukidja,dz ALG,GK,Metz,35,1988,34,34,2987,33.2,0,0,0,0,0,0,3,0,0.00,0.00,0.00,0.00,0.00,Matches,Ligue 1,2023-24,0,0,,0.00,0.00,,,57,1.72,178,126,71.3,6,17.6,0.0
411,Azzedine Ounahi,ma MAR,MF,Marseille,23,2000,21,15,1209,13.4,2,0,2,2,0,0,3,0,0.15,0.00,0.15,0.15,0.15,Matches,Ligue 1,2023-24,16,4,25.0,1.19,0.30,0.13,0.50,,,,,,,,
412,Adam Ounas,dz ALG,MF,Lille,26,1996,17,3,418,4.6,1,0,1,1,0,0,0,0,0.22,0.00,0.22,0.22,0.22,Matches,Ligue 1,2023-24,9,4,44.4,1.94,0.86,0.11,0.25,,,,,,,,
413,Patrick Ouotro,ci CIV,FW,Strasbourg,17,2005,1,0,8,0.1,0,0,0,0,0,0,0,0,0.00,0.00,0.00,0.00,0.00,Matches,Ligue 1,2023-24,0,0,,0.00,0.00,,,,,,,,,,
414,Pablo Pagis,fr FRA,MF,Lorient,20,2002,3,3,165,1.8,0,0,0,0,0,0,1,0,0.00,0.00,0.00,0.00,0.00,Matches,Ligue 1,2023-24,3,1,33.3,1.64,0.55,0.00,0.00,,,,,,,,
415,Nicolas Pallois,fr FRA,DF,Nantes,35,1987,23,17,1589,17.7,0,1,1,0,0,0,5,0,0.00,0.06,0.06,0.00,0.06,Matches,Ligue 1,2023-24,4,1,25.0,0.23,0.06,0.00,0.00,,,,,,,,
416,Andy Pelmard,mg MAD,DF,Clermont Foot,23,2000,34,33,2989,33.2,0,0,0,0,0,0,1,0,0.00,0.00,0.00,0.00,0.00,Matches,Ligue 1,2023-24,2,1,50.0,0.06,0.03,0.00,0.00,,,,,,,,
417,Aurélien Pelon,fr FRA,DF,Lorient,19,2004,1,1,90,1.0,0,0,0,0,0,0,1,0,0.00,0.00,0.00,0.00,0.00,Matches,Ligue 1,2023-24,0,0,,0.00,0.00,,,,,,,,,,
418,Faris Pemi Moumbagna,cm CMR,FW,Marseille,23,2000,13,5,547,6.1,3,1,4,3,0,0,2,1,0.49,0.16,0.66,0.49,0.66,Matches,Ligue 1,2023-24,16,5,31.3,2.63,0.82,0.19,0.60,,,,,,,,
419,Danilo Pereira,pt POR,DF,Paris Saint-Germain,31,1991,26,22,1995,22.2,0,0,0,0,0,0,2,0,0.00,0.00,0.00,0.00,0.00,Matches,Ligue 1,2023-24,10,1,10.0,0.45,0.05,0.00,0.00,,,,,,,,
420,Mathias Pereira Lage,pt POR,"MF,FW",Brest,26,1996,30,12,1187,13.2,3,2,5,3,0,0,3,0,0.23,0.15,0.38,0.23,0.38,Matches,Ligue 1,2023-24,36,16,44.4,2.73,1.21,0.08,0.19,,,,,,,,
421,Romain Perraud,fr FRA,DF,Nice,25,1997,19,2,370,4.1,0,1,1,0,0,0,2,0,0.00,0.24,0.24,0.00,0.24,Matches,Ligue 1,2023-24,2,0,0.0,0.49,0.00,0.00,,,,,,,,,
422,Lucas Perrin,fr FRA,DF,Strasbourg,24,1998,31,30,2723,30.3,0,1,1,0,0,0,3,0,0.00,0.03,0.03,0.00,0.03,Matches,Ligue 1,2023-24,12,3,25.0,0.40,0.10,0.00,0.00,,,,,,,,
423,Denis Petrić,rs SRB,GK,Nantes,35,1988,1,0,24,0.3,0,0,0,0,0,0,0,0,0.00,0.00,0.00,0.00,0.00,Matches,Ligue 1,2023-24,0,0,,0.00,0.00,,,1,3.75,1,0,0.0,0,,
424,Ronaël Pierre-Gabriel,fr FRA,"DF,MF",Nantes,25,1998,12,6,598,6.6,0,0,0,0,0,0,3,0,0.00,0.00,0.00,0.00,0.00,Matches,Ligue 1,2023-24,7,0,0.0,1.05,0.00,0.00,,,,,,,,,
425,Julien Ponceau,fr FRA,MF,Lorient,22,2000,32,27,2244,24.9,3,2,5,3,0,0,5,0,0.12,0.08,0.20,0.12,0.20,Matches,Ligue 1,2023-24,33,13,39.4,1.32,0.52,0.09,0.23,,,,,,,,
426,Sanjin Prcić,ba BIH,MF,Strasbourg,29,1993,3,1,88,1.0,0,0,0,0,0,0,0,0,0.00,0.00,0.00,0.00,0.00,Matches,Ligue 1,2023-24,1,0,0.0,1.02,0.00,0.00,,,,,,,,,
427,Gonçalo Ramos,pt POR,FW,Paris Saint-Germain,22,2001,29,16,1419,15.8,11,1,12,10,1,1,1,0,0.70,0.06,0.76,0.63,0.70,Matches,Ligue 1,2023-24,55,21,38.2,3.49,1.33,0.18,0.48,,,,,,,,
428,Elba Rashani,xk KVX,"MF,FW",Clermont Foot,30,1993,24,14,1175,13.1,2,0,2,2,0,0,4,2,0.15,0.00,0.15,0.15,0.15,Matches,Ligue 1,2023-24,16,5,31.3,1.23,0.38,0.13,0.40,,,,,,,,
429,Guillaume Restes,fr FRA,GK,Toulouse,18,2005,34,34,3060,34.0,0,0,0,0,0,0,3,0,0.00,0.00,0.00,0.00,0.00,Matches,Ligue 1,2023-24,0,0,,0.00,0.00,,,46,1.35,138,96,69.6,6,17.6,0.0
430,Alexsandro Ribeiro,br BRA,DF,Lille,23,1999,29,24,2220,24.7,0,0,0,0,0,0,6,1,0.00,0.00,0.00,0.00,0.00,Matches,Ligue 1,2023-24,17,2,11.8,0.69,0.08,0.00,0.00,,,,,,,,
431,Amir Richardson,ma MAR,MF,Reims,21,2002,28,14,1352,15.0,3,1,4,3,0,0,4,0,0.20,0.07,0.27,0.20,0.27,Matches,Ligue 1,2023-24,17,8,47.1,1.13,0.53,0.18,0.38,,,,,,,,
432,Fabian Rieder,ch SUI,MF,Rennes,21,2002,15,2,365,4.1,1,0,1,1,0,0,0,0,0.25,0.00,0.25,0.25,0.25,Matches,Ligue 1,2023-24,5,2,40.0,1.23,0.49,0.20,0.50,,,,,,,,
433,Rémy Riou,fr FRA,GK,Lyon,35,1987,3,3,270,3.0,0,0,0,0,0,0,0,0,0.00,0.00,0.00,0.00,0.00,Matches,Ligue 1,2023-24,0,0,,0.00,0.00,,,6,2.00,14,8,57.1,1,33.3,
434,Valentin Rongier,fr FRA,MF,Marseille,28,1994,10,10,851,9.5,0,0,0,0,0,0,2,0,0.00,0.00,0.00,0.00,0.00,Matches,Ligue 1,2023-24,10,3,30.0,1.06,0.32,0.00,0.00,,,,,,,,
435,Pablo Rosario,do DOM,"MF,DF",Nice,26,1997,30,21,2009,22.3,0,0,0,0,0,0,4,0,0.00,0.00,0.00,0.00,0.00,Matches,Ligue 1,2023-24,16,3,18.8,0.72,0.13,0.00,0.00,,,,,,,,
436,Valentin Rosier,fr FRA,"DF,MF",Nice,26,1996,3,0,53,0.6,0,0,0,0,0,0,0,0,0.00,0.00,0.00,0.00,0.00,Matches,Ligue 1,2023-24,1,0,0.0,1.70,0.00,0.00,,,,,,,,,
437,Fabián Ruiz Peña,es ESP,MF,Paris Saint-Germain,27,1996,21,14,1197,13.3,1,3,4,1,0,0,3,0,0.08,0.23,0.30,0.08,0.30,Matches,Ligue 1,2023-24,19,6,31.6,1.43,0.45,0.05,0.17,,,,,,,,
438,Emmanuel Sabbi,us USA,"MF,FW",Le Havre,25,1997,30,18,1584,17.6,5,1,6,3,2,2,5,0,0.28,0.06,0.34,0.17,0.23,Matches,Ligue 1,2023-24,31,11,35.5,1.76,0.62,0.10,0.27,,,,,,,,
439,Falaye Sacko,ml MLI,DF,Montpellier,28,1995,19,15,1382,15.4,0,1,1,0,0,0,0,0,0.00,0.07,0.07,0.00,0.07,Matches,Ligue 1,2023-24,1,0,0.0,0.07,0.00,0.00,,,,,,,,,
440,Modibo Sagnan,ml MLI,DF,Montpellier,24,1999,13,12,1054,11.7,2,0,2,2,0,0,5,0,0.17,0.00,0.17,0.17,0.17,Matches,Ligue 1,2023-24,10,3,30.0,0.85,0.26,0.20,0.67,,,,,,,,
441,Moïse Sahi Dion,ci CIV,"MF,FW",Strasbourg,21,2001,18,7,628,7.0,3,1,4,3,0,0,0,0,0.43,0.14,0.57,0.43,0.57,Matches,Ligue 1,2023-24,24,7,29.2,3.44,1.00,0.13,0.43,,,,,,,,
442,Wesley Saïd,fr FRA,FW,Lens,28,1995,27,11,1020,11.3,7,1,8,7,0,0,1,0,0.62,0.09,0.71,0.62,0.71,Matches,Ligue 1,2023-24,45,19,42.2,3.97,1.68,0.16,0.37,,,,,,,,
443,Théo Sainte-Luce,fr FRA,DF,Montpellier,24,1998,6,3,346,3.8,0,0,0,0,0,0,1,0,0.00,0.00,0.00,0.00,0.00,Matches,Ligue 1,2023-24,3,1,33.3,0.78,0.26,0.00,0.00,,,,,,,,
444,Mamadou Sakho,fr FRA,DF,Montpellier,33,1990,1,0,7,0.1,0,0,0,0,0,0,0,0,0.00,0.00,0.00,0.00,0.00,Matches,Ligue 1,2023-24,0,0,,0.00,0.00,,,,,,,,,,
445,Ibrahim Salah,ma MAR,"MF,FW",Rennes,21,2001,23,4,524,5.8,4,1,5,4,0,0,3,0,0.69,0.17,0.86,0.69,0.86,Matches,Ligue 1,2023-24,17,9,52.9,2.92,1.55,0.24,0.44,,,,,,,,
446,Amine Salama,fr FRA,FW,Reims,23,2000,11,2,313,3.5,0,0,0,0,0,0,0,0,0.00,0.00,0.00,0.00,0.00,Matches,Ligue 1,2023-24,6,2,33.3,1.73,0.58,0.00,0.00,,,,,,,,
447,Mohammed Salisu,gh GHA,DF,Monaco,24,1999,12,11,1035,11.5,0,1,1,0,0,0,2,0,0.00,0.09,0.09,0.00,0.09,Matches,Ligue 1,2023-24,4,1,25.0,0.35,0.09,0.00,0.00,,,,,,,,
448,Yoann Salmier,gf GUF,DF,Le Havre,30,1992,20,18,1568,17.4,1,1,2,1,0,0,3,0,0.06,0.06,0.11,0.06,0.11,Matches,Ligue 1,2023-24,10,4,40.0,0.57,0.23,0.10,0.25,,,,,,,,
449,Mama Samba Baldé,gw GNB,FW,Lyon,27,1995,20,4,551,6.1,2,3,5,2,0,0,1,0,0.33,0.49,0.82,0.33,0.82,Matches,Ligue 1,2023-24,17,9,52.9,2.78,1.47,0.12,0.22,,,,,,,,
450,Brice Samba,fr FRA,GK,Lens,29,1994,33,33,2970,33.0,0,0,0,0,0,0,3,0,0.00,0.00,0.00,0.00,0.00,Matches,Ligue 1,2023-24,0,0,,0.00,0.00,,,35,1.06,131,102,77.9,13,39.4,14.3
451,Ibou Sané,sn SEN,FW,Metz,18,2005,9,0,128,1.4,1,0,1,1,0,0,1,0,0.70,0.00,0.70,0.70,0.70,Matches,Ligue 1,2023-24,2,1,50.0,1.41,0.70,0.50,1.00,,,,,,,,
452,Sadibou Sané,sn SEN,DF,Metz,19,2004,14,9,846,9.4,0,0,0,0,0,0,1,0,0.00,0.00,0.00,0.00,0.00,Matches,Ligue 1,2023-24,5,1,20.0,0.53,0.11,0.00,0.00,,,,,,,,
453,Arouna Sangante,sn SEN,DF,Le Havre,21,2002,30,30,2687,29.9,0,0,0,0,0,0,8,0,0.00,0.00,0.00,0.00,0.00,Matches,Ligue 1,2023-24,16,3,18.8,0.54,0.10,0.00,0.00,,,,,,,,
454,Morgan Sanson,fr FRA,MF,Nice,28,1994,29,24,1964,21.8,2,3,5,2,0,0,4,0,0.09,0.14,0.23,0.09,0.23,Matches,Ligue 1,2023-24,41,9,22.0,1.88,0.41,0.05,0.22,,,,,,,,
455,Baptiste Santamaria,fr FRA,MF,Rennes,28,1995,30,22,1926,21.4,0,1,1,0,0,0,3,0,0.00,0.05,0.05,0.00,0.05,Matches,Ligue 1,2023-24,28,9,32.1,1.31,0.42,0.00,0.00,,,,,,,,
456,Andrey Santos,br BRA,MF,Strasbourg,19,2004,11,9,831,9.2,1,0,1,1,0,0,4,0,0.11,0.00,0.11,0.11,0.11,Matches,Ligue 1,2023-24,12,4,33.3,1.30,0.43,0.08,0.25,,,,,,,,
457,Tiago Santos,pt POR,DF,Lille,21,2002,29,26,2365,26.3,1,2,3,1,0,0,6,0,0.04,0.08,0.11,0.04,0.11,Matches,Ligue 1,2023-24,33,7,21.2,1.26,0.27,0.03,0.14,,,,,,,,
458,Amin Sarr,se SWE,FW,Lyon,22,2001,3,1,98,1.1,0,0,0,0,0,0,0,0,0.00,0.00,0.00,0.00,0.00,Matches,Ligue 1,2023-24,5,2,40.0,4.59,1.84,0.00,0.00,,,,,,,,
459,Ismaila Sarr,sn SEN,"MF,FW",Marseille,25,1998,23,15,1447,16.1,3,4,7,3,0,0,1,0,0.19,0.25,0.44,0.19,0.44,Matches,Ligue 1,2023-24,25,10,40.0,1.55,0.62,0.12,0.30,,,,,,,,
460,Mamadou Sarr,sn SEN,DF,Lyon,17,2005,1,0,8,0.1,0,0,0,0,0,0,0,0,0.00,0.00,0.00,0.00,0.00,Matches,Ligue 1,2023-24,0,0,,0.00,0.00,,,,,,,,,,
461,Martin Satriano,uy URU,"FW,MF",Brest,22,2001,33,21,1864,20.7,4,4,8,4,0,0,4,0,0.19,0.19,0.39,0.19,0.39,Matches,Ligue 1,2023-24,63,20,31.7,3.04,0.97,0.06,0.20,,,,,,,,
462,Téji Savanier,fr FRA,MF,Montpellier,31,1991,32,32,2765,30.7,9,6,15,2,7,7,8,1,0.29,0.20,0.49,0.07,0.26,Matches,Ligue 1,2023-24,82,29,35.4,2.67,0.94,0.02,0.07,,,,,,,,
463,Niklas Schmidt,de GER,MF,Toulouse,25,1998,22,15,1269,14.1,1,1,2,1,0,0,4,0,0.07,0.07,0.14,0.07,0.14,Matches,Ligue 1,2023-24,20,13,65.0,1.42,0.92,0.05,0.08,,,,,,,,
464,Jérémy Sebas,mq MTQ,"MF,FW",Strasbourg,20,2003,14,2,399,4.4,2,0,2,2,0,0,0,0,0.45,0.00,0.45,0.45,0.45,Matches,Ligue 1,2023-24,7,4,57.1,1.58,0.90,0.29,0.50,,,,,,,,
465,Alidu Seidu,gh GHA,DF,Rennes,23,2000,11,7,593,6.6,0,0,0,0,0,0,3,0,0.00,0.00,0.00,0.00,0.00,Matches,Ligue 1,2023-24,2,0,0.0,0.30,0.00,0.00,,,,,,,,,
466,Alidu Seidu,gh GHA,DF,Clermont Foot,23,2000,14,13,1131,12.6,0,1,1,0,0,0,5,1,0.00,0.08,0.08,0.00,0.08,Matches,Ligue 1,2023-24,6,1,16.7,0.48,0.08,0.00,0.00,,,,,,,,
467,Matz Sels,be BEL,GK,Strasbourg,31,1992,19,19,1710,19.0,0,0,0,0,0,0,2,0,0.00,0.00,0.00,0.00,0.00,Matches,Ligue 1,2023-24,0,0,,0.00,0.00,,,24,1.26,64,41,64.1,3,15.8,0.0
468,Marvin Senaya,tg TOG,"DF,MF",Strasbourg,22,2001,32,23,2138,23.8,1,1,2,1,0,0,5,1,0.04,0.04,0.08,0.04,0.08,Matches,Ligue 1,2023-24,16,3,18.8,0.67,0.13,0.06,0.33,,,,,,,,
469,Sofiane Sidi Ali,fr FRA,FW,Marseille,28,1995,2,0,18,0.2,0,0,0,0,0,0,0,0,0.00,0.00,0.00,0.00,0.00,Matches,Ligue 1,2023-24,1,0,0.0,5.00,0.00,0.00,,,,,,,,,
470,Vincent Sierro,ch SUI,MF,Toulouse,27,1995,30,25,2261,25.1,6,2,8,2,4,5,8,0,0.24,0.08,0.32,0.08,0.16,Matches,Ligue 1,2023-24,36,11,30.6,1.43,0.44,0.06,0.18,,,,,,,,
471,Caio Henrique Oliveira Silva,br BRA,"MF,DF",Monaco,26,1997,9,7,623,6.9,0,5,5,0,0,0,0,0,0.00,0.72,0.72,0.00,0.72,Matches,Ligue 1,2023-24,6,1,16.7,0.87,0.14,0.00,0.00,,,,,,,,
472,Moses Simon,ng NGA,"MF,FW",Nantes,28,1995,22,21,1788,19.9,3,5,8,2,1,1,0,0,0.15,0.25,0.40,0.10,0.35,Matches,Ligue 1,2023-24,34,13,38.2,1.71,0.65,0.06,0.15,,,,,,,,
473,Wilfried Singo,ci CIV,DF,Monaco,22,2000,25,24,2187,24.3,1,1,2,1,0,0,8,1,0.04,0.04,0.08,0.04,0.08,Matches,Ligue 1,2023-24,19,7,36.8,0.78,0.29,0.05,0.14,,,,,,,,
474,Ayanda Sishuba,be BEL,MF,Lens,18,2005,7,0,62,0.7,0,0,0,0,0,0,0,0,0.00,0.00,0.00,0.00,0.00,Matches,Ligue 1,2023-24,12,2,16.7,17.42,2.90,0.00,0.00,,,,,,,,
475,Ibrahima Sissoko,ml MLI,MF,Strasbourg,25,1997,27,18,1642,18.2,0,1,1,0,0,0,7,0,0.00,0.05,0.05,0.00,0.05,Matches,Ligue 1,2023-24,14,3,21.4,0.77,0.16,0.00,0.00,,,,,,,,
476,Moussa Sissoko,fr FRA,MF,Nantes,33,1989,26,21,1821,20.2,0,0,0,0,0,0,7,0,0.00,0.00,0.00,0.00,0.00,Matches,Ligue 1,2023-24,10,3,30.0,0.49,0.15,0.00,0.00,,,,,,,,
477,Milan Škriniar,sk SVK,DF,Paris Saint-Germain,28,1995,24,17,1629,18.1,0,0,0,0,0,0,1,0,0.00,0.00,0.00,0.00,0.00,Matches,Ligue 1,2023-24,3,1,33.3,0.17,0.06,0.00,0.00,,,,,,,,
478,Naatan Skyttä,fi FIN,MF,Toulouse,21,2002,8,0,120,1.3,0,0,0,0,0,0,0,0,0.00,0.00,0.00,0.00,0.00,Matches,Ligue 1,2023-24,5,2,40.0,3.75,1.50,0.00,0.00,,,,,,,,
479,Eduard Sobol,ua UKR,"DF,MF",Strasbourg,28,1995,3,0,25,0.3,0,0,0,0,0,0,0,0,0.00,0.00,0.00,0.00,0.00,Matches,Ligue 1,2023-24,0,0,,0.00,0.00,,,,,,,,,,
480,Emran Soglo,fr FRA,MF,Marseille,18,2005,3,1,109,1.2,1,1,2,1,0,0,1,0,0.83,0.83,1.65,0.83,1.65,Matches,Ligue 1,2023-24,1,1,100.0,0.83,0.83,1.00,1.00,,,,,,,,
481,Carlos Soler,es ESP,"MF,DF",Paris Saint-Germain,26,1997,24,12,1090,12.1,2,2,4,2,0,0,1,0,0.17,0.17,0.33,0.17,0.33,Matches,Ligue 1,2023-24,14,5,35.7,1.16,0.41,0.14,0.40,,,,,,,,
482,Florian Sotoca,fr FRA,"MF,FW",Lens,32,1990,32,29,2598,28.9,7,6,13,3,4,4,4,1,0.24,0.21,0.45,0.10,0.31,Matches,Ligue 1,2023-24,69,22,31.9,2.39,0.76,0.04,0.14,,,,,,,,
483,Issa Soumaré,sn SEN,"FW,MF",Le Havre,22,2000,7,3,237,2.6,0,0,0,0,0,0,0,0,0.00,0.00,0.00,0.00,0.00,Matches,Ligue 1,2023-24,5,1,20.0,1.90,0.38,0.00,0.00,,,,,,,,
484,Saidou Sow,gn GUI,DF,Strasbourg,21,2002,10,8,719,8.0,0,1,1,0,0,0,2,0,0.00,0.13,0.13,0.00,0.13,Matches,Ligue 1,2023-24,3,2,66.7,0.38,0.25,0.00,0.00,,,,,,,,
485,Stijn Spierings,nl NED,MF,Toulouse,27,1996,22,16,1516,16.8,0,1,1,0,0,0,5,0,0.00,0.06,0.06,0.00,0.06,Matches,Ligue 1,2023-24,11,1,9.1,0.65,0.06,0.00,0.00,,,,,,,,
486,Stijn Spierings,nl NED,MF,Lens,27,1996,4,1,118,1.3,0,0,0,0,0,0,2,0,0.00,0.00,0.00,0.00,0.00,Matches,Ligue 1,2023-24,0,0,,0.00,0.00,,,,,,,,,,
487,Benjamin Stambouli,fr FRA,MF,Reims,32,1990,7,3,286,3.2,0,1,1,0,0,0,4,0,0.00,0.31,0.31,0.00,0.31,Matches,Ligue 1,2023-24,2,0,0.0,0.63,0.00,0.00,,,,,,,,,
488,Gabriel Suazo,cl CHI,"DF,MF",Toulouse,25,1997,31,27,2357,26.2,0,4,4,0,0,0,5,0,0.00,0.15,0.15,0.00,0.15,Matches,Ligue 1,2023-24,10,3,30.0,0.38,0.11,0.00,0.00,,,,,,,,
489,Abakar Sylla,ci CIV,DF,Strasbourg,20,2002,22,19,1792,19.9,2,0,2,2,0,0,4,0,0.10,0.00,0.10,0.10,0.10,Matches,Ligue 1,2023-24,11,5,45.5,0.55,0.25,0.18,0.40,,,,,,,,
490,Dembo Sylla,gn GUI,MF,Lorient,20,2002,1,0,45,0.5,0,0,0,0,0,0,0,0,0.00,0.00,0.00,0.00,0.00,Matches,Ligue 1,2023-24,1,0,0.0,2.00,0.00,0.00,,,,,,,,,
491,Issiaga Sylla,gn GUI,"DF,MF",Montpellier,29,1994,19,17,1455,16.2,1,2,3,1,0,0,3,0,0.06,0.12,0.19,0.06,0.19,Matches,Ligue 1,2023-24,12,5,41.7,0.74,0.31,0.08,0.20,,,,,,,,
492,Musa Al-Taamari,jo JOR,"MF,FW",Montpellier,26,1997,27,24,1928,21.4,5,2,7,5,0,0,0,0,0.23,0.09,0.33,0.23,0.33,Matches,Ligue 1,2023-24,47,20,42.6,2.19,0.93,0.11,0.25,,,,,,,,
493,Nicolás Tagliafico,ar ARG,"DF,MF",Lyon,30,1992,25,25,2123,23.6,3,1,4,3,0,0,7,1,0.13,0.04,0.17,0.13,0.17,Matches,Ligue 1,2023-24,15,6,40.0,0.64,0.25,0.20,0.50,,,,,,,,
494,Montassar Talbi,tn TUN,DF,Lorient,25,1998,25,25,2204,24.5,0,0,0,0,0,0,2,0,0.00,0.00,0.00,0.00,0.00,Matches,Ligue 1,2023-24,5,2,40.0,0.20,0.08,0.00,0.00,,,,,,,,
495,Oussama Targhalline,ma MAR,MF,Le Havre,21,2002,14,12,1025,11.4,0,0,0,0,0,0,4,1,0.00,0.00,0.00,0.00,0.00,Matches,Ligue 1,2023-24,6,0,0.0,0.53,0.00,0.00,,,,,,,,,
496,Enzo Tchato,cm CMR,DF,Montpellier,20,2002,17,11,1125,12.5,0,0,0,0,0,0,2,0,0.00,0.00,0.00,0.00,0.00,Matches,Ligue 1,2023-24,5,1,20.0,0.40,0.08,0.00,0.00,,,,,,,,
497,Arnau Tenas,es ESP,GK,Paris Saint-Germain,22,2001,6,5,529,5.9,0,1,1,0,0,0,0,0,0.00,0.17,0.17,0.00,0.17,Matches,Ligue 1,2023-24,0,0,,0.00,0.00,,,7,1.19,26,19,73.1,1,20.0,
498,Martin Terrier,fr FRA,"FW,MF",Rennes,26,1997,24,19,1527,17.0,7,3,10,7,0,0,2,1,0.41,0.18,0.59,0.41,0.59,Matches,Ligue 1,2023-24,38,16,42.1,2.24,0.94,0.18,0.44,,,,,,,,
499,Benjamin Tetteh,gh GHA,FW,Metz,26,1997,12,1,278,3.1,0,0,0,0,0,0,2,0,0.00,0.00,0.00,0.00,0.00,Matches,Ligue 1,2023-24,3,1,33.3,0.97,0.32,0.00,0.00,,,,,,,,
500,Teddy Teuma,mt MLT,MF,Reims,29,1993,28,25,2113,23.5,6,3,9,5,1,1,7,0,0.26,0.13,0.38,0.21,0.34,Matches,Ligue 1,2023-24,44,15,34.1,1.87,0.64,0.11,0.33,,,,,,,,
501,Arthur Theate,be BEL,DF,Rennes,23,2000,28,27,2296,25.5,2,0,2,2,0,0,4,0,0.08,0.00,0.08,0.08,0.08,Matches,Ligue 1,2023-24,22,5,22.7,0.86,0.20,0.09,0.40,,,,,,,,
502,Adrien Thomasson,fr FRA,MF,Lens,29,1993,29,13,1193,13.3,1,2,3,1,0,0,2,1,0.08,0.15,0.23,0.08,0.23,Matches,Ligue 1,2023-24,31,6,19.4,2.34,0.45,0.03,0.17,,,,,,,,
503,Khéphren Thuram,fr FRA,MF,Nice,22,2001,27,25,2108,23.4,1,1,2,1,0,0,7,0,0.04,0.04,0.09,0.04,0.09,Matches,Ligue 1,2023-24,39,11,28.2,1.67,0.47,0.03,0.09,,,,,,,,
504,Cheikh Tidiane Sabaly,sn SEN,"MF,FW",Metz,24,1999,29,17,1379,15.3,3,1,4,3,0,0,4,0,0.20,0.07,0.26,0.20,0.26,Matches,Ligue 1,2023-24,21,9,42.9,1.37,0.59,0.14,0.33,,,,,,,,
505,Jean-Clair Todibo,fr FRA,DF,Nice,23,1999,30,30,2651,29.5,0,2,2,0,0,0,2,1,0.00,0.07,0.07,0.00,0.07,Matches,Ligue 1,2023-24,9,1,11.1,0.31,0.03,0.00,0.00,,,,,,,,
506,Corentin Tolisso,fr FRA,MF,Lyon,28,1994,25,21,1741,19.3,3,1,4,2,1,1,5,0,0.16,0.05,0.21,0.10,0.16,Matches,Ligue 1,2023-24,39,14,35.9,2.02,0.72,0.05,0.14,,,,,,,,
507,Abdoulaye Touré,gn GUI,MF,Le Havre,29,1994,30,27,2284,25.4,2,0,2,0,2,2,4,0,0.08,0.00,0.08,0.00,0.00,Matches,Ligue 1,2023-24,33,10,30.3,1.30,0.39,0.00,0.00,,,,,,,,
508,Souleymane Touré,fr FRA,DF,Lorient,20,2003,24,23,2051,22.8,1,1,2,1,0,0,6,0,0.04,0.04,0.09,0.04,0.09,Matches,Ligue 1,2023-24,18,9,50.0,0.79,0.39,0.06,0.11,,,,,,,,
509,Bénie Traoré,ci CIV,FW,Nantes,20,2002,14,4,504,5.6,0,1,1,0,0,0,1,1,0.00,0.18,0.18,0.00,0.18,Matches,Ligue 1,2023-24,7,4,57.1,1.25,0.71,0.00,0.00,,,,,,,,
510,Daouda Traoré,fr FRA,MF,Nice,17,2006,1,0,16,0.2,0,0,0,0,0,0,0,0,0.00,0.00,0.00,0.00,0.00,Matches,Ligue 1,2023-24,1,0,0.0,5.63,0.00,0.00,,,,,,,,,
511,Ismaël Traoré,ci CIV,DF,Metz,36,1986,26,25,2220,24.7,2,0,2,2,0,0,2,0,0.08,0.00,0.08,0.08,0.08,Matches,Ligue 1,2023-24,10,4,40.0,0.41,0.16,0.20,0.50,,,,,,,,
512,Adrien Truffert,fr FRA,"DF,MF",Rennes,21,2001,30,24,2145,23.8,1,2,3,1,0,0,6,0,0.04,0.08,0.13,0.04,0.13,Matches,Ligue 1,2023-24,20,7,35.0,0.84,0.29,0.05,0.14,,,,,,,,
513,Matthieu Udol,fr FRA,DF,Metz,27,1996,30,30,2700,30.0,3,3,6,3,0,0,5,0,0.10,0.10,0.20,0.10,0.20,Matches,Ligue 1,2023-24,19,8,42.1,0.63,0.27,0.16,0.38,,,,,,,,
514,Manuel Ugarte,uy URU,MF,Paris Saint-Germain,22,2001,25,21,1932,21.5,0,2,2,0,0,0,5,0,0.00,0.09,0.09,0.00,0.09,Matches,Ligue 1,2023-24,10,1,10.0,0.47,0.05,0.00,0.00,,,,,,,,
515,Samuel Umtiti,fr FRA,DF,Lille,29,1993,6,2,185,2.1,0,0,0,0,0,0,0,0,0.00,0.00,0.00,0.00,0.00,Matches,Ligue 1,2023-24,0,0,,0.00,0.00,,,,,,,,,,
516,Kévin Van Den Kerkhof,dz ALG,"MF,FW",Metz,27,1996,29,21,1913,21.3,1,2,3,1,0,0,2,0,0.05,0.09,0.14,0.05,0.14,Matches,Ligue 1,2023-24,20,7,35.0,0.94,0.33,0.05,0.14,,,,,,,,
517,Vanderson,br BRA,"MF,DF",Monaco,22,2001,20,20,1641,18.2,3,1,4,3,0,0,6,1,0.16,0.05,0.22,0.16,0.22,Matches,Ligue 1,2023-24,30,10,33.3,1.65,0.55,0.10,0.30,,,,,,,,
518,Jordan Veretout,fr FRA,MF,Marseille,30,1993,29,24,2183,24.3,1,2,3,1,0,0,4,0,0.04,0.08,0.12,0.04,0.12,Matches,Ligue 1,2023-24,36,9,25.0,1.48,0.37,0.03,0.11,,,,,,,,
519,Alan Virginius,fr FRA,MF,Lille,20,2003,2,1,71,0.8,0,0,0,0,0,0,0,0,0.00,0.00,0.00,0.00,0.00,Matches,Ligue 1,2023-24,0,0,,0.00,0.00,,,,,,,,,,
520,Alan Virginius,fr FRA,"MF,FW",Clermont Foot,20,2003,14,12,934,10.4,0,2,2,0,0,0,0,0,0.00,0.19,0.19,0.00,0.19,Matches,Ligue 1,2023-24,10,6,60.0,0.96,0.58,0.00,0.00,,,,,,,,
521,Vitinha,pt POR,FW,Marseille,23,2000,18,10,923,10.3,3,2,5,3,0,0,1,0,0.29,0.20,0.49,0.29,0.49,Matches,Ligue 1,2023-24,37,9,24.3,3.61,0.88,0.08,0.33,,,,,,,,
522,Vitinha,pt POR,MF,Paris Saint-Germain,23,2000,28,23,2126,23.6,7,4,11,7,0,0,0,0,0.30,0.17,0.47,0.30,0.47,Matches,Ligue 1,2023-24,45,19,42.2,1.90,0.80,0.16,0.37,,,,,,,,
523,Elye Wahi,fr FRA,FW,Montpellier,20,2003,1,0,14,0.2,0,0,0,0,0,0,0,0,0.00,0.00,0.00,0.00,0.00,Matches,Ligue 1,2023-24,0,0,,0.00,0.00,,,,,,,,,,
524,Elye Wahi,fr FRA,FW,Lens,20,2003,27,20,1692,18.8,9,3,12,8,1,1,10,1,0.48,0.16,0.64,0.43,0.59,Matches,Ligue 1,2023-24,60,32,53.3,3.19,1.70,0.13,0.25,,,,,,,,
525,Mateusz Wieteska,pl POL,DF,Clermont Foot,26,1997,2,2,174,1.9,1,0,1,1,0,0,0,0,0.52,0.00,0.52,0.52,0.52,Matches,Ligue 1,2023-24,3,2,66.7,1.55,1.03,0.33,0.50,,,,,,,,
526,Josh Wilson-Esbrand,eng ENG,"DF,MF",Reims,20,2002,11,5,461,5.1,1,1,2,1,0,0,1,0,0.20,0.20,0.39,0.20,0.39,Matches,Ligue 1,2023-24,4,1,25.0,0.78,0.20,0.25,1.00,,,,,,,,
527,Christopher Wooh,cm CMR,DF,Rennes,21,2001,18,15,1388,15.4,1,0,1,1,0,0,3,1,0.06,0.00,0.06,0.06,0.06,Matches,Ligue 1,2023-24,10,2,20.0,0.65,0.13,0.10,0.50,,,,,,,,
528,Yusuf Yazıcı,tr TUR,"MF,FW",Lille,26,1997,27,16,1312,14.6,5,2,7,5,0,0,5,0,0.34,0.14,0.48,0.34,0.48,Matches,Ligue 1,2023-24,40,14,35.0,2.74,0.96,0.13,0.36,,,,,,,,
529,Kelvin Yeboah,it ITA,FW,Montpellier,23,2000,13,0,276,3.1,0,0,0,0,0,0,0,0,0.00,0.00,0.00,0.00,0.00,Matches,Ligue 1,2023-24,7,4,57.1,2.28,1.30,0.00,0.00,,,,,,,,
530,Bertuğ Yıldırım,tr TUR,FW,Rennes,21,2002,21,2,469,5.2,0,1,1,0,0,0,3,0,0.00,0.19,0.19,0.00,0.19,Matches,Ligue 1,2023-24,10,4,40.0,1.92,0.77,0.00,0.00,,,,,,,,
531,Darlin Yongwa,cm CMR,"MF,DF",Lorient,22,2000,22,11,1159,12.9,1,1,2,1,0,0,3,0,0.08,0.08,0.16,0.08,0.16,Matches,Ligue 1,2023-24,15,5,33.3,1.16,0.39,0.07,0.20,,,,,,,,
532,Leny Yoro,fr FRA,DF,Lille,17,2005,32,30,2673,29.7,2,0,2,2,0,0,5,0,0.07,0.00,0.07,0.07,0.07,Matches,Ligue 1,2023-24,14,8,57.1,0.47,0.27,0.14,0.25,,,,,,,,
533,Etienne Youte Kinkoue,fr FRA,DF,Le Havre,21,2002,22,22,1941,21.6,0,0,0,0,0,0,1,0,0.00,0.00,0.00,0.00,0.00,Matches,Ligue 1,2023-24,6,0,0.0,0.28,0.00,0.00,,,,,,,,,
534,Yoram Zague,fr FRA,DF,Paris Saint-Germain,17,2006,5,4,373,4.1,1,0,1,1,0,0,1,0,0.24,0.00,0.24,0.24,0.24,Matches,Ligue 1,2023-24,2,1,50.0,0.48,0.24,0.50,1.00,,,,,,,,
535,Warren Zaïre-Emery,fr FRA,"MF,DF",Paris Saint-Germain,17,2006,26,21,1962,21.8,2,3,5,2,0,0,4,0,0.09,0.14,0.23,0.09,0.23,Matches,Ligue 1,2023-24,14,4,28.6,0.64,0.18,0.14,0.50,,,,,,,,
536,Denis Zakaria,ch SUI,"MF,DF",Monaco,26,1996,25,24,2137,23.7,4,0,4,4,0,0,13,2,0.17,0.00,0.17,0.17,0.17,Matches,Ligue 1,2023-24,26,10,38.5,1.09,0.42,0.15,0.40,,,,,,,,
537,Mehdi Zeffane,dz ALG,"MF,DF",Clermont Foot,31,1992,23,15,1231,13.7,0,0,0,0,0,0,2,0,0.00,0.00,0.00,0.00,0.00,Matches,Ligue 1,2023-24,19,1,5.3,1.39,0.07,0.00,0.00,,,,,,,,
538,Nathan Zeze,fr FRA,DF,Nantes,18,2005,13,11,1022,11.4,0,0,0,0,0,0,1,0,0.00,0.00,0.00,0.00,0.00,Matches,Ligue 1,2023-24,3,0,0.0,0.26,0.00,0.00,,,,,,,,,
539,Edon Zhegrova,xk KVX,"MF,FW",Lille,24,1999,33,25,2288,25.4,6,6,12,6,0,0,3,1,0.24,0.24,0.47,0.24,0.47,Matches,Ligue 1,2023-24,82,29,35.4,3.23,1.14,0.07,0.21,,,,,,,,
540,Luck Zogbé,ci CIV,DF,Brest,18,2005,1,0,11,0.1,0,0,0,0,0,0,0,0,0.00,0.00,0.00,0.00,0.00,Matches,Ligue 1,2023-24,0,0,,0.00,0.00,,,,,,,,,,
