player,nationality,position,team,age,birth_year,minutes_90s,cards_yellow,cards_red,cards_yellow_red,fouls,fouled,offsides,crosses,interceptions,tackles_won,pens_won,pens_conceded,own_goals,matches
Abiama Dickson,ngNGA,4.0,Greuther Fürth,22,1998,8.1,3,0,0,17,11,15,3,5,7,,,0,Matches
Ache Ragnar,deGER,3.0,Eintracht Frankfurt,23,1998,2.9,0,0,0,5,8,6,6,0,0,,,0,Matches
Adams Tyler,usUSA,3.0,RB Leipzig,22,1999,15.0,5,0,0,19,15,0,2,17,9,,,0,Matches
Adamyan Sargis,amARM,3.4,Hoffenheim,28,1993,3.7,0,0,0,4,8,4,5,1,5,,,0,Matches
Adli Amine,maMAR,3.4,Leverkusen,21,2000,14.0,3,0,0,27,28,8,21,11,14,,,0,Matches
Ahamada Naouirou,frFRA,3.0,Stuttgart,19,2002,0.7,0,0,0,2,1,0,0,0,0,,,0,Matches
Akanji Manuel,chSUI,2.0,Dortmund,26,1995,25.1,3,0,0,19,24,1,2,36,23,,,1,Matches
Akpoguma Kevin,ngNGA,2.3,Hoffenheim,26,1995,17.0,5,0,0,25,23,4,31,21,21,,,0,Matches
Alario Lucas,arARG,4.0,Leverkusen,28,1992,7.3,2,0,0,8,8,7,1,1,5,,,0,Matches
Amiri Nadiem,deGER,3.0,Leverkusen,24,1996,4.1,0,0,0,2,11,0,9,5,4,,,0,Matches
Andersson Sebastian,seSWE,4.0,Köln,30,1991,14.0,3,0,0,22,18,6,8,2,7,,,0,Matches
Andrade Cedeño Andrés,paPAN,2.0,Arminia,22,1998,11.6,4,0,0,14,2,1,20,18,16,,,0,Matches
André Bjørkan Fredrik,noNOR,2.0,Hertha BSC,22,1998,3.9,1,0,0,3,3,0,5,6,11,,,0,Matches
Andrich Robert,deGER,3.0,Leverkusen,26,1994,20.2,5,1,0,40,15,2,6,31,16,,,0,Matches
Angeliño,esESP,2.4,RB Leipzig,24,1997,25.5,3,0,0,15,34,4,189,31,20,,,0,Matches
Anton Waldemar,deGER,2.0,Stuttgart,25,1996,28.8,6,1,0,29,16,1,11,32,27,,,0,Matches
Antwi-Adjei Christopher,ghGHA,3.5,Bochum,27,1994,12.6,2,0,0,14,28,11,29,1,17,,,0,Matches
Aránguiz Charles,clCHI,3.0,Leverkusen,32,1989,17.5,2,0,0,26,13,0,8,34,26,,,0,Matches
Arnold Maximilian,deGER,3.0,Wolfsburg,27,1994,33.3,4,0,0,48,57,1,182,38,20,,,0,Matches
Asano Takuma,jpJPN,3.5,Bochum,26,1994,17.9,1,0,0,17,27,18,33,9,6,,,0,Matches
Ascacíbar Santiago,arARG,3.0,Hertha BSC,24,1997,26.4,5,0,0,35,31,3,2,43,52,,,0,Matches
Asllani Fisnik,xkKVX,4.0,Hoffenheim,18,2002,0.1,0,0,0,0,0,0,0,0,0,,,0,Matches
Asta Simon,deGER,2.4,Greuther Fürth,20,2001,8.7,1,0,0,13,9,2,15,7,7,,,1,Matches
Awoniyi Taiwo,ngNGA,4.0,Union Berlin,23,1997,24.2,1,0,0,25,23,21,10,1,7,,,1,Matches
Azmoun Sardar,irIRN,3.4,Leverkusen,26,1995,4.0,0,0,0,8,4,0,2,0,1,,,0,Matches
Bakker Mitchel,nlNED,2.3,Leverkusen,21,2000,20.2,6,0,0,15,18,0,39,24,21,,,0,Matches
Baku Ridle,deGER,2.4,Wolfsburg,23,1998,27.2,4,0,0,28,37,10,72,24,39,,,0,Matches
Barkok Aymen,maMAR,3.0,Eintracht Frankfurt,23,1998,1.8,0,0,0,4,1,0,2,5,3,,,0,Matches
Barreiro Martins Leandro,luLUX,3.0,Mainz 05,21,2000,19.9,3,0,0,42,27,0,8,34,33,,,0,Matches
Barrett Laursen Jacob,dkDEN,2.3,Arminia,26,1994,18.1,1,0,0,12,6,1,54,29,12,,,1,Matches
Barry Abdourahmane,gnGUI,2.0,Greuther Fürth,21,2000,2.3,2,0,0,9,3,0,7,4,5,,,0,Matches
Bauer Maximilian,deGER,2.0,Greuther Fürth,21,2000,18.8,5,0,0,26,10,1,1,32,16,,,1,Matches
Baumann Oliver,deGER,1.0,Hoffenheim,31,1990,33.0,1,0,0,0,3,0,0,0,0,,,0,Matches
Baumgartl Timo,deGER,2.0,Union Berlin,25,1996,24.1,5,0,0,24,13,0,10,38,29,,,2,Matches
Baumgartlinger Julian,atAUT,3.0,Leverkusen,33,1988,1.0,1,0,0,2,0,0,1,2,1,,,0,Matches
Baumgartner Christoph,atAUT,3.0,Hoffenheim,21,1999,21.0,5,0,0,35,32,1,35,8,16,,,0,Matches
Bazee Noah Joel Sarenren,ngNGA,3.0,Augsburg,24,1996,2.7,1,0,0,6,3,0,10,1,2,,,0,Matches
Bebou Ihlas,tgTOG,3.5,Hoffenheim,27,1994,23.2,0,0,0,26,21,11,49,12,15,,,0,Matches
Becker Sheraldo,srSUR,3.5,Union Berlin,26,1995,19.5,4,0,0,26,25,9,125,2,6,,,0,Matches
Behrens Kevin,deGER,4.0,Union Berlin,30,1991,5.5,1,0,0,15,5,1,2,3,2,,,0,Matches
Belfodil Ishak,dzALG,4.0,Hertha BSC,29,1992,18.2,1,0,0,19,11,26,12,5,6,,,0,Matches
Bell Stefan,deGER,2.0,Mainz 05,29,1991,31.8,9,0,0,52,7,6,16,41,23,,,1,Matches
Bella Kotchap Armel,deGER,2.0,Bochum,19,2001,19.6,5,0,0,26,27,3,2,41,18,,,2,Matches
Bellarabi Karim,deGER,3.0,Leverkusen,31,1990,7.6,2,0,0,20,7,1,25,8,5,,,0,Matches
Bellingham Jude,engENG,3.0,Dortmund,18,2003,31.0,9,0,0,39,91,5,14,37,34,,,0,Matches
Bello George,usUSA,2.0,Arminia,19,2002,4.8,0,0,0,4,6,1,11,7,7,,,1,Matches
Bénes László,skSVK,3.0,Gladbach,23,1997,2.7,0,0,0,2,9,0,15,2,3,,,0,Matches
Bennetts Keanan,engENG,3.0,Gladbach,22,1999,0.6,1,0,0,2,0,0,2,0,0,,,0,Matches
Bensebaini Ramy,dzALG,2.3,Gladbach,26,1995,22.4,6,0,0,34,42,4,15,39,29,,,0,Matches
Beyer Jordan,deGER,2.0,Gladbach,21,2000,15.4,5,0,0,16,21,0,8,15,28,,,0,Matches
Białek Bartosz,plPOL,4.0,Wolfsburg,19,2001,2.0,1,0,0,6,2,0,0,0,0,,,0,Matches
Bičakčić Ermin,baBIH,2.0,Hoffenheim,31,1990,0.1,0,0,0,0,0,0,0,0,0,,,0,Matches
Bischof Tom,deGER,3.0,Hoffenheim,16,2005,0.2,0,0,0,1,0,0,1,0,0,,,0,Matches
Blum Danny,deGER,4.0,Bochum,30,1991,3.8,0,0,0,3,3,0,31,2,1,,,0,Matches
Boateng Kevin-Prince,ghGHA,3.4,Hertha BSC,34,1987,7.7,8,0,0,21,21,1,5,5,5,,,0,Matches
Bockhorn Herbert,ugUGA,2.3,Bochum,26,1995,9.4,1,0,0,7,21,0,27,14,14,,,0,Matches
Boëtius Jean-Paul,srSUR,3.0,Mainz 05,27,1994,20.0,3,0,0,20,40,1,50,30,23,,,0,Matches
Bonga Tarsis,deGER,3.5,Bochum,24,1997,0.2,0,0,0,0,0,0,1,0,0,,,0,Matches
Bonnah Solomon,nlNED,3.0,RB Leipzig,17,2003,0.1,0,0,0,0,0,0,0,1,0,,,0,Matches
Bornauw Sebastiaan,beBEL,2.0,Wolfsburg,22,1999,22.3,4,0,0,22,5,2,0,42,20,,,0,Matches
Borré Rafael,coCOL,4.0,Eintracht Frankfurt,25,1995,26.4,5,0,0,39,26,17,16,5,21,,,0,Matches
Boyata Dedryck,beBEL,2.0,Hertha BSC,30,1990,21.1,1,1,0,11,6,3,1,18,13,,,0,Matches
Brandt Julian,deGER,3.0,Dortmund,25,1996,23.1,3,0,0,12,17,2,127,25,20,,,0,Matches
Bravo Iker,esESP,4.0,Leverkusen,16,2005,0.1,0,0,0,0,0,0,0,0,1,,,0,Matches
Bredlow Fabian,deGER,1.0,Stuttgart,26,1995,4.0,0,0,0,0,1,0,0,0,0,,,0,Matches
Brekalo Josip,hrCRO,3.5,Wolfsburg,23,1998,0.2,0,0,0,0,0,0,2,0,0,,,0,Matches
Brobbey Brian,nlNED,4.0,RB Leipzig,19,2002,1.5,0,0,0,3,2,0,0,0,0,,,0,Matches
Brooks John,usUSA,2.0,Wolfsburg,28,1993,29.1,2,0,0,9,16,1,4,43,27,,,0,Matches
Brosinski Daniel,deGER,3.0,Mainz 05,33,1988,4.3,0,0,0,1,3,0,23,3,1,,,0,Matches
Brunner Cédric,chSUI,2.0,Arminia,27,1994,24.3,6,0,0,35,24,0,70,46,33,,,0,Matches
Bruun Larsen Jacob,dkDEN,3.4,Hoffenheim,22,1998,9.0,1,0,0,6,3,6,10,4,2,,,0,Matches
Burchert Sascha,deGER,1.0,Greuther Fürth,31,1989,14.0,0,0,0,0,2,0,0,0,1,,,0,Matches
Burgzorg Delano,srSUR,3.5,Mainz 05,22,1998,0.3,0,0,0,1,0,1,0,0,1,,,0,Matches
Burkardt Jonathan,deGER,3.5,Mainz 05,21,2000,29.0,0,0,0,23,42,10,36,8,8,,,0,Matches
Bürki Roman,chSUI,1.0,Dortmund,30,1990,1.0,0,0,0,0,0,0,0,0,0,,,0,Matches
Caligiuri Daniel,itITA,3.0,Augsburg,33,1988,22.3,4,0,0,32,43,0,108,17,28,,,0,Matches
Can Emre,deGER,2.3,Dortmund,27,1994,18.8,5,0,0,32,21,1,8,36,22,,,0,Matches
Casteels Koen,beBEL,1.0,Wolfsburg,29,1992,28.0,1,0,0,0,2,0,0,0,0,,,0,Matches
Castro Gonzalo,deGER,3.4,Arminia,34,1987,4.8,0,0,0,6,4,2,21,3,4,,,0,Matches
Chabot Julian,deGER,2.0,Köln,23,1998,2.3,1,0,0,5,7,0,0,4,5,,,0,Matches
Chandler Timothy,usUSA,3.0,Eintracht Frankfurt,31,1990,13.5,4,0,0,17,7,4,29,20,12,,,0,Matches
Che Justin,usUSA,2.0,Hoffenheim,17,2003,0.5,0,0,0,0,0,0,2,1,0,,,0,Matches
Christiansen Max,deGER,3.0,Greuther Fürth,24,1996,22.8,5,0,0,20,19,1,3,67,25,,,0,Matches
Coman Kingsley,frFRA,3.4,Bayern Munich,25,1996,15.1,1,1,0,9,22,5,81,8,8,,,0,Matches
Copado Lucas,deGER,4.0,Bayern Munich,17,2004,0.2,0,0,0,0,0,0,0,0,0,,,0,Matches
Córdova Sergio,veVEN,4.0,Augsburg,23,1997,3.6,2,0,0,5,11,5,3,0,3,,,0,Matches
Costa Danny,deGER,2.4,Eintracht Frankfurt,28,1993,8.1,2,0,0,8,2,0,22,11,2,,,0,Matches
Coulibaly Tanguy,frFRA,3.4,Stuttgart,20,2001,12.0,8,0,0,24,14,6,14,3,14,,,0,Matches
Cuisance Mickaël,frFRA,3.0,Bayern Munich,21,1999,0.1,0,0,0,0,0,0,0,0,1,,,0,Matches
Cunha Matheus,brBRA,4.0,Hertha BSC,22,1999,0.7,0,0,0,1,3,0,0,0,0,,,0,Matches
Czichos Rafael,deGER,2.3,Köln,31,1990,15.6,4,0,0,16,11,0,3,19,20,,,1,Matches
Czyborra Lennart-Marten,deGER,2.0,Arminia,22,1999,1.5,1,0,0,5,0,0,5,3,0,,,0,Matches
Dabbur Moanes,ilISR,3.5,Hoffenheim,29,1992,14.6,5,0,0,29,19,2,5,5,11,,,0,Matches
Dahmen Finn,deGER,1.0,Mainz 05,23,1998,2.0,0,0,0,0,0,0,0,0,0,,,0,Matches
Dahoud Mahmoud,deGER,2.4,Dortmund,25,1996,18.4,7,1,1,23,13,0,29,14,23,,,0,Matches
Dárdai Márton,huHUN,2.0,Hertha BSC,19,2002,8.4,2,0,0,10,6,0,9,19,5,,,0,Matches
Darida Vladimír,czCZE,3.0,Hertha BSC,30,1990,19.8,6,0,0,21,33,3,66,22,18,,,0,Matches
Davies Alphonso,caCAN,2.3,Bayern Munich,20,2000,19.3,3,0,0,15,27,3,44,21,16,,,0,Matches
Decarli Saulo,chSUI,2.0,Bochum,29,1992,0.1,0,0,0,0,0,0,0,0,0,,,0,Matches
Delaney Thomas,dkDEN,3.0,Dortmund,29,1991,0.2,0,0,0,0,0,0,0,0,0,,,0,Matches
Demirbay Kerem,deGER,3.0,Leverkusen,28,1993,22.8,10,0,0,34,29,3,153,32,31,,,0,Matches
Demirović Ermedin,baBIH,4.0,Freiburg,23,1998,9.7,4,0,0,27,6,12,6,1,6,,,0,Matches
der Hoorn Mike,nlNED,2.0,Arminia,28,1992,0.2,0,0,0,0,1,0,0,1,0,,,0,Matches
Diaby Moussa,frFRA,3.0,Leverkusen,22,1999,30.7,10,1,1,38,25,17,85,8,11,,,0,Matches
Didavi Daniel,deGER,3.4,Stuttgart,31,1990,3.1,1,0,0,3,7,2,9,1,2,,,0,Matches
Dilrosun Javairô,nlNED,3.0,Hertha BSC,23,1998,1.5,0,0,0,3,2,0,1,0,1,,,0,Matches
Dongjun Lee,krKOR,4.0,Hertha BSC,24,1997,1.3,0,0,0,3,3,1,2,2,1,,,0,Matches
Dorsch Niklas,deGER,3.0,Augsburg,23,1998,25.8,8,0,0,53,48,0,20,35,51,,,0,Matches
Duda Ondrej,skSVK,3.0,Köln,26,1994,17.9,5,0,0,41,34,0,28,18,15,,,0,Matches
Dudziak Jeremy,tnTUN,3.4,Greuther Fürth,25,1995,12.6,1,0,0,11,24,3,35,11,7,,,0,Matches
Durm Erik,deGER,2.3,Eintracht Frankfurt,29,1992,5.3,1,0,0,2,7,0,13,8,9,,,0,Matches
Eggestein Maximilian,deGER,3.0,Freiburg,24,1996,24.4,2,0,0,32,26,1,13,31,28,,,0,Matches
Egloff Lilian,deGER,3.0,Stuttgart,18,2002,0.3,0,0,0,2,0,0,0,0,1,,,0,Matches
Ehizibue Kingsley,nlNED,2.0,Köln,26,1995,7.6,2,0,0,15,16,0,17,9,19,,,0,Matches
Eitschberger Julian,deGER,2.0,Hertha BSC,17,2004,0.5,0,0,0,0,2,0,0,2,0,,,0,Matches
Ekkelenkamp Jurgen,nlNED,3.0,Hertha BSC,21,2000,8.0,1,0,0,12,5,0,3,5,2,,,0,Matches
Elvedi Nico,chSUI,2.0,Gladbach,24,1996,27.0,3,1,0,21,21,0,1,37,24,,,0,Matches
Embolo Breel,chSUI,3.5,Gladbach,24,1997,24.1,3,0,0,40,72,20,3,7,11,,,0,Matches
Endo Keita,jpJPN,3.5,Union Berlin,23,1997,0.6,0,0,0,0,2,1,3,0,1,,,0,Matches
Endo Wataru,jpJPN,3.0,Stuttgart,28,1993,32.2,4,0,0,30,61,1,7,30,39,,,0,Matches
Esser Michael,deGER,1.0,Bochum,33,1987,3.0,0,0,0,0,0,0,0,0,0,,,0,Matches
Faghir Wahid,dkDEN,4.0,Stuttgart,18,2003,1.4,0,0,0,0,3,2,0,0,0,,,0,Matches
Faruk Beyaz Ömer,trTUR,3.0,Stuttgart,17,2003,0.8,0,0,0,0,0,0,1,1,3,,,0,Matches
Fein Adrian,deGER,3.0,Greuther Fürth,22,1999,0.4,0,0,0,1,0,0,0,2,0,,,0,Matches
Felix Uduokhai Ohis,deGER,2.0,Augsburg,23,1997,8.7,1,0,0,6,7,0,4,9,6,,,0,Matches
Fernandes Edimilson,chSUI,3.0,Arminia,25,1996,3.1,0,0,0,3,1,0,14,2,0,,,0,Matches
Finnbogason Alfreð,isISL,3.5,Augsburg,32,1989,3.2,0,0,0,3,1,1,1,2,2,,,0,Matches
Flekken Mark,nlNED,1.0,Freiburg,28,1993,32.0,0,0,0,0,1,0,0,2,0,,,0,Matches
Forsberg Emil,seSWE,3.0,RB Leipzig,29,1991,19.0,2,0,0,11,22,4,37,2,14,,,0,Matches
Förster Philipp,deGER,3.4,Stuttgart,26,1995,10.7,4,0,0,15,9,2,8,5,13,,,0,Matches
Fosu-Mensah Timothy,nlNED,2.0,Leverkusen,23,1998,1.6,0,0,0,1,0,0,4,2,3,,,0,Matches
Framberger Raphael,deGER,2.3,Augsburg,25,1995,9.4,3,0,0,17,8,0,36,10,19,,,0,Matches
Friedrich Marvin,deGER,2.0,Gladbach,25,1995,6.7,1,0,0,4,2,1,0,7,9,,,0,Matches
Friedrich Marvin,deGER,2.0,Union Berlin,25,1995,13.0,4,1,1,12,2,0,5,24,6,,,1,Matches
Frimpong Jeremie,nlNED,2.0,Leverkusen,20,2000,22.8,6,0,0,17,45,1,59,20,16,,,1,Matches
Früchtl Christian,deGER,1.0,Bayern Munich,21,2000,0.1,0,0,0,0,0,0,0,0,0,,,0,Matches
Führich Chris,deGER,3.4,Stuttgart,23,1998,19.0,3,0,0,9,19,2,61,6,16,,,0,Matches
Funk Marius,deGER,1.0,Greuther Fürth,25,1996,8.0,0,0,0,1,1,0,0,0,0,,,0,Matches
Fürstner Stephan,deGER,3.0,Mainz 05,33,1987,0.1,0,0,0,0,0,0,0,0,0,,,0,Matches
Gaćinović Mijat,rsSRB,3.0,Hoffenheim,26,1995,1.2,1,0,0,4,1,0,0,1,3,,,0,Matches
Gamboa Cristian,crCRC,2.0,Bochum,31,1989,19.1,6,0,0,21,12,2,32,33,36,,,0,Matches
Ganvoula M'Boussy Silvère,cgCGO,4.0,Bochum,25,1996,1.7,0,0,0,3,1,6,0,0,0,,,0,Matches
Gechter Linus,deGER,2.3,Hertha BSC,17,2004,8.0,0,0,0,7,0,0,2,10,7,,,0,Matches
Geiger Dennis,deGER,3.0,Hoffenheim,23,1998,15.3,6,0,0,40,19,0,44,15,24,,,0,Matches
Gerhardt Yannick,deGER,2.4,Wolfsburg,27,1994,17.5,2,0,0,18,24,2,33,24,20,,,0,Matches
Ghaddioui Hamadi,maMAR,4.0,Stuttgart,30,1990,5.5,2,0,0,13,6,3,2,0,5,,,0,Matches
Gießelmann Niko,deGER,3.0,Union Berlin,29,1991,23.1,3,0,0,23,32,1,106,19,17,,,0,Matches
Gikiewicz Rafał,plPOL,1.0,Augsburg,33,1987,34.0,0,0,0,0,6,0,0,3,0,,,0,Matches
Ginczek Daniel,deGER,4.0,Wolfsburg,30,1991,0.1,0,0,0,0,0,0,0,0,0,,,0,Matches
Ginter Matthias,deGER,2.0,Gladbach,27,1994,26.2,2,0,0,9,29,2,20,32,22,,,0,Matches
Gittens Jamie,engENG,3.0,Dortmund,16,2004,1.5,0,0,0,2,6,0,0,1,1,,,0,Matches
Gnabry Serge,deGER,3.0,Bayern Munich,26,1995,24.3,0,0,0,11,21,15,79,15,34,,,0,Matches
Goretzka Leon,deGER,3.0,Bayern Munich,26,1995,15.5,0,0,0,15,10,1,9,17,16,,,0,Matches
Gouweleeuw Jeffrey,nlNED,2.0,Augsburg,30,1991,28.6,9,0,0,32,8,0,6,48,30,,,0,Matches
Grahl Jens,deGER,1.0,Eintracht Frankfurt,32,1988,1.0,0,0,0,0,0,0,0,0,0,,,0,Matches
Green Julian,usUSA,3.4,Greuther Fürth,26,1995,11.7,2,0,0,13,38,0,57,7,5,,,0,Matches
Gregoritsch Michael,atAUT,3.5,Augsburg,27,1994,15.5,3,0,0,17,13,5,10,6,8,,,0,Matches
Griesbeck Sebastian,deGER,2.3,Greuther Fürth,30,1990,27.1,7,0,0,33,16,0,1,47,36,,,2,Matches
Griesbeck Sebastian,deGER,2.3,Union Berlin,30,1990,0.1,0,0,0,0,0,0,0,0,1,,,0,Matches
Grifo Vincenzo,itITA,3.4,Freiburg,28,1993,30.8,0,0,0,11,28,1,169,15,15,,,0,Matches
Grill Lennart,deGER,1.0,Leverkusen,22,1999,1.0,0,0,0,0,0,0,0,0,0,,,0,Matches
Grillitsch Florian,atAUT,2.3,Hoffenheim,25,1995,16.6,7,0,0,11,24,0,11,28,21,,,0,Matches
Gruezo Carlos,ecECU,3.0,Augsburg,26,1995,10.8,7,0,0,28,4,0,4,9,11,,,0,Matches
Guerreiro Raphaël,ptPOR,2.3,Dortmund,27,1993,19.9,1,0,0,12,8,1,39,23,21,,,0,Matches
Guilavogui Josuha,frFRA,2.4,Wolfsburg,30,1990,10.5,4,0,0,20,6,2,0,26,12,,,0,Matches
Gulácsi Péter,huHUN,1.0,RB Leipzig,31,1990,33.0,1,0,0,0,1,0,0,1,0,,,0,Matches
Gulde Manuel,deGER,2.0,Freiburg,30,1991,13.6,2,0,0,17,9,0,3,19,10,,,0,Matches
Gumny Robert,plPOL,2.0,Augsburg,23,1998,25.2,3,0,0,26,27,0,27,28,32,,,0,Matches
Günter Christian,deGER,2.3,Freiburg,28,1993,34.0,2,0,0,37,13,4,216,16,19,,,0,Matches
Günther Lasse,deGER,3.0,Augsburg,18,2003,1.8,1,0,0,3,1,0,3,2,5,,,0,Matches
Gvardiol Joško,hrCRO,2.0,RB Leipzig,19,2002,26.8,7,0,0,41,34,1,8,54,30,,,1,Matches
Haaland Erling,noNOR,4.0,Dortmund,21,2000,21.2,3,0,0,17,13,14,8,1,0,,,0,Matches
Haberer Janik,deGER,3.0,Freiburg,27,1994,9.1,1,0,0,20,10,1,3,17,8,,,0,Matches
Hack Alexander,deGER,2.0,Mainz 05,27,1993,23.0,6,1,0,28,34,2,7,57,28,,,0,Matches
Hack Robin,deGER,3.4,Arminia,22,1998,15.2,2,0,0,17,21,4,35,4,10,,,0,Matches
Hahn André,deGER,3.4,Augsburg,30,1990,23.3,5,0,0,56,18,17,40,15,22,,,0,Matches
Haidara Amadou,mlMLI,3.0,RB Leipzig,23,1998,14.7,2,0,0,19,13,0,6,14,16,,,0,Matches
Halstenberg Marcel,deGER,2.3,RB Leipzig,29,1991,5.6,0,0,0,4,4,1,6,8,7,,,0,Matches
Haraguchi Genki,jpJPN,3.0,Union Berlin,30,1991,19.5,2,0,0,27,29,1,13,26,20,,,0,Matches
Hartwig Luis,deGER,4.0,Bochum,18,2002,0.0,0,0,0,0,0,0,0,0,0,,,0,Matches
Hasebe Makoto,jpJPN,2.0,Eintracht Frankfurt,37,1984,13.2,1,0,0,13,13,0,2,20,14,,,0,Matches
Hazard Thorgan,beBEL,3.4,Dortmund,28,1993,14.9,2,0,0,22,19,11,72,7,13,,,0,Matches
Hector Jonas,deGER,2.0,Köln,31,1990,28.4,3,0,0,28,54,1,71,54,40,,,0,Matches
Hee-chan Hwang,krKOR,3.5,RB Leipzig,25,1996,0.5,0,0,0,0,2,0,0,1,0,,,0,Matches
Heintz Dominique,deGER,2.0,Union Berlin,27,1993,5.2,0,0,0,6,2,1,1,6,5,,,0,Matches
Heintz Dominique,deGER,2.0,Freiburg,27,1993,0.3,0,0,0,0,0,0,0,1,0,,,0,Matches
Henrichs Benjamin,deGER,3.0,RB Leipzig,24,1997,12.7,3,0,0,13,14,1,25,19,19,,,0,Matches
Hernández Lucas,frFRA,2.0,Bayern Munich,25,1996,22.6,7,0,0,22,37,0,9,31,32,,,0,Matches
Herrmann Patrick,deGER,3.0,Gladbach,30,1991,8.4,1,0,0,7,8,4,62,6,8,,,0,Matches
Hincapié Piero,ecECU,2.0,Leverkusen,19,2002,19.5,5,0,0,23,15,3,20,32,22,,,0,Matches
Hinteregger Martin,atAUT,2.0,Eintracht Frankfurt,28,1992,24.7,6,0,0,28,30,0,0,45,28,,,0,Matches
Hitz Marwin,chSUI,1.0,Dortmund,33,1987,4.5,0,0,0,0,0,0,0,0,0,,,0,Matches
Höfler Nicolas,deGER,3.0,Freiburg,31,1990,28.9,5,0,0,48,38,0,8,46,41,,,0,Matches
Hofmann Jonas,deGER,3.0,Gladbach,29,1992,23.1,1,0,0,23,20,7,139,13,19,,,0,Matches
Höler Lucas,deGER,3.5,Freiburg,27,1994,28.7,2,0,0,36,62,14,24,18,28,,,0,Matches
Holtmann Gerrit,phPHI,3.5,Bochum,26,1995,20.4,0,0,0,22,13,5,59,7,7,,,0,Matches
Hoogma Justin,nlNED,2.4,Greuther Fürth,23,1998,3.0,1,0,0,4,0,0,0,4,6,,,0,Matches
Horn Jannes,deGER,2.0,Köln,24,1997,5.3,2,0,0,4,8,0,28,4,4,,,0,Matches
Horn Timo,deGER,1.0,Köln,28,1993,13.0,0,0,0,0,1,0,0,0,0,,,0,Matches
Hrádecký Lukáš,fiFIN,1.0,Leverkusen,31,1989,32.0,1,0,0,0,2,0,0,0,1,,,0,Matches
Hrgota Branimir,seSWE,3.5,Greuther Fürth,28,1993,30.9,4,0,0,57,64,12,64,12,31,,,0,Matches
Hrustic Ajdin,auAUS,3.0,Eintracht Frankfurt,25,1996,10.7,2,0,0,14,7,0,26,10,12,,,0,Matches
Hübers Timo,deGER,2.0,Köln,25,1996,19.3,7,0,0,26,24,0,0,54,30,,,1,Matches
Hübner Benjamin,deGER,2.0,Hoffenheim,32,1989,4.2,2,0,0,8,2,0,0,9,6,,,0,Matches
Hummels Mats,deGER,2.0,Dortmund,32,1988,19.6,4,0,0,16,12,1,1,33,21,,,0,Matches
Iago,brBRA,2.3,Augsburg,24,1997,24.2,3,0,0,19,16,4,91,26,27,,,1,Matches
Ilsanker Stefan,atAUT,2.3,Eintracht Frankfurt,32,1989,3.0,1,0,0,5,1,1,0,6,8,,,0,Matches
İnce Burak,trTUR,4.0,Arminia,17,2004,1.5,0,0,0,2,4,1,3,0,1,,,0,Matches
Ingvartsen Marcus,dkDEN,3.0,Union Berlin,25,1996,1.4,0,0,0,2,1,0,1,2,0,,,0,Matches
Ingvartsen Marcus,dkDEN,3.4,Mainz 05,25,1996,7.6,2,0,0,16,14,4,12,6,2,,,0,Matches
Ito Hiroki,jpJPN,2.0,Stuttgart,22,1999,26.1,2,0,0,21,9,0,22,52,31,,,1,Matches
Itten Cedric,chSUI,4.0,Greuther Fürth,24,1996,7.1,1,0,0,20,6,3,5,2,2,,,0,Matches
Itter Gian-Luca,deGER,2.3,Greuther Fürth,22,1999,16.2,3,0,0,18,5,0,49,13,30,,,0,Matches
Jae-sung Lee,krKOR,3.4,Mainz 05,28,1992,16.0,3,0,0,19,13,2,28,20,12,,,0,Matches
Jaeckel Paul,deGER,2.0,Union Berlin,23,1998,22.7,5,0,0,28,14,0,4,56,28,,,0,Matches
Jakić Kristijan,hrCRO,3.0,Eintracht Frankfurt,24,1997,20.9,6,0,0,31,19,1,8,18,22,,,0,Matches
Jantschke Tony,deGER,2.0,Gladbach,31,1990,2.5,0,0,0,0,3,0,1,4,5,,,0,Matches
Jastrzembski Dennis,plPOL,3.0,Hertha BSC,21,2000,2.5,1,0,0,3,2,0,8,5,1,,,0,Matches
Jensen Fredrik,fiFIN,3.0,Augsburg,23,1997,4.6,0,0,0,2,3,0,18,2,4,,,0,Matches
John Marco,deGER,3.0,Hoffenheim,19,2002,0.5,0,0,0,0,0,0,0,1,0,,,0,Matches
Jovetić Stevan,meMNE,3.5,Hertha BSC,31,1989,11.3,3,0,0,8,17,7,9,1,2,,,0,Matches
Jung Gideon,deGER,2.0,Greuther Fürth,26,1994,1.6,0,0,0,0,4,0,0,2,1,,,0,Matches
Kade Anton,deGER,3.0,Hertha BSC,17,2004,0.9,0,0,0,2,2,0,2,3,2,,,0,Matches
Kadeřábek Pavel,czCZE,2.4,Hoffenheim,29,1992,13.3,5,0,0,16,8,2,47,14,11,,,0,Matches
Kainz Florian,atAUT,3.0,Köln,28,1992,25.8,3,1,1,37,45,1,237,32,28,,,0,Matches
Kalajdzic Sasa,atAUT,4.0,Stuttgart,24,1997,13.6,2,0,0,11,18,2,2,2,6,,,0,Matches
Kamada Daichi,jpJPN,3.0,Eintracht Frankfurt,24,1996,23.8,0,0,0,24,25,6,25,9,20,,,0,Matches
Kampl Kevin,siSVN,3.0,RB Leipzig,30,1990,21.1,4,0,0,36,12,0,9,23,19,,,0,Matches
Kapino Stefanos,grGRE,1.0,Arminia,27,1994,1.0,0,0,0,0,0,0,0,0,0,,,0,Matches
Karazor Atakan,trTUR,3.0,Stuttgart,24,1996,21.1,9,1,1,39,39,0,4,35,24,,,0,Matches
Katompa Silas,cdCOD,3.4,Stuttgart,22,1998,3.1,0,0,0,3,7,3,7,4,2,,,0,Matches
Katterbach Noah,deGER,2.3,Köln,20,2001,0.2,0,0,0,0,1,0,1,0,1,,,0,Matches
Keitel Yannik,deGER,3.0,Freiburg,21,2000,5.6,1,0,0,13,5,0,2,2,4,,,1,Matches
Kempf Marc-Oliver,deGER,2.0,Hertha BSC,26,1995,11.7,1,1,0,15,12,0,2,25,9,,,0,Matches
Kempf Marc-Oliver,deGER,2.0,Stuttgart,26,1995,9.3,2,0,0,13,8,0,2,15,9,,,0,Matches
Khedira Rani,deGER,3.0,Union Berlin,27,1994,30.6,6,0,0,55,35,0,22,50,39,,,0,Matches
Kilian Luca,deGER,2.0,Mainz 05,21,1999,0.0,0,0,0,1,0,0,0,0,0,,,0,Matches
Kilian Luca,deGER,2.0,Köln,21,1999,25.3,3,0,0,7,11,0,4,49,26,,,0,Matches
Kimmich Joshua,deGER,2.4,Bayern Munich,26,1995,27.5,4,0,0,20,45,1,178,55,21,,,0,Matches
Klement Philipp,deGER,3.0,Stuttgart,28,1992,3.8,0,0,0,2,1,1,11,1,3,,,0,Matches
Klimowicz Mateo,deGER,3.4,Stuttgart,21,2000,6.7,2,0,0,8,9,1,2,4,6,,,0,Matches
Klos Fabian,deGER,4.0,Arminia,33,1987,15.8,2,1,0,30,18,3,12,0,6,,,0,Matches
Klostermann Lukas,deGER,2.3,RB Leipzig,25,1996,18.3,1,0,0,9,4,0,3,28,17,,,0,Matches
Klünter Lukas,deGER,2.4,Hertha BSC,25,1996,2.2,1,0,0,5,2,0,4,1,1,,,0,Matches
Knauff Ansgar,deGER,3.0,Dortmund,19,2002,1.3,0,0,0,4,1,1,0,0,1,,,0,Matches
Knauff Ansgar,deGER,3.0,Eintracht Frankfurt,19,2002,8.4,0,0,0,11,8,1,21,8,13,,,0,Matches
Knoche Robin,deGER,2.0,Union Berlin,29,1992,33.0,6,0,0,26,13,1,0,50,24,,,0,Matches
Kobel Gregor,chSUI,1.0,Dortmund,23,1997,28.5,0,0,0,1,6,0,0,1,0,,,0,Matches
Kohr Dominik,deGER,3.0,Mainz 05,27,1994,17.9,10,2,2,46,20,0,2,38,20,,,0,Matches
Koné Manu,frFRA,3.0,Gladbach,20,2001,24.3,10,0,0,39,60,1,1,34,39,,,0,Matches
Kossounou Odilon,ciCIV,2.0,Leverkusen,20,2001,19.9,3,0,0,15,7,0,6,25,17,,,0,Matches
Kostić Filip,rsSRB,3.0,Eintracht Frankfurt,28,1992,28.0,2,0,0,16,22,3,360,16,16,,,0,Matches
Kramarić Andrej,hrCRO,3.5,Hoffenheim,30,1991,30.1,2,0,0,11,28,8,63,12,4,,,0,Matches
Kramer Christoph,deGER,3.0,Gladbach,30,1991,8.3,1,0,0,11,5,0,4,12,12,,,0,Matches
Krüger Florian,deGER,3.4,Arminia,22,1999,12.5,0,0,0,9,8,5,20,3,1,,,0,Matches
Kruse Max,deGER,3.4,Wolfsburg,33,1988,12.5,0,0,0,2,12,5,28,4,3,,,0,Matches
Kruse Max,deGER,3.5,Union Berlin,33,1988,14.1,1,0,0,5,6,1,50,2,1,,,0,Matches
Kübler Lukas,deGER,2.3,Freiburg,28,1992,25.9,2,0,0,24,20,3,49,40,34,,,0,Matches
Kunze Fabian,deGER,3.0,Arminia,23,1998,14.0,9,0,0,38,21,0,12,19,21,,,0,Matches
Lacroix Maxence,frFRA,2.0,Wolfsburg,21,2000,27.7,5,3,1,36,25,1,7,59,33,,,1,Matches
Laimer Konrad,atAUT,3.0,RB Leipzig,24,1997,13.8,2,0,0,37,8,0,14,4,24,,,0,Matches
Lainer Stefan,atAUT,2.4,Gladbach,28,1992,16.3,2,0,0,8,13,3,27,14,12,,,0,Matches
Lambropoulos Vassilis,grGRE,2.0,Bochum,31,1990,13.0,1,0,0,6,3,0,1,18,12,,,1,Matches
Lammers Sam,nlNED,4.0,Eintracht Frankfurt,24,1997,5.7,1,0,0,7,1,1,0,2,4,,,0,Matches
Lasme Bryan,frFRA,3.5,Arminia,22,1998,9.7,2,0,0,15,12,9,16,2,5,,,0,Matches
Leitsch Maxim,deGER,2.0,Bochum,23,1998,17.1,2,0,0,9,0,1,5,33,10,,,0,Matches
Lemperle Tim,deGER,4.0,Köln,19,2002,1.7,0,0,0,4,3,0,1,2,1,,,0,Matches
Lenz Christopher,deGER,2.4,Eintracht Frankfurt,26,1994,7.4,6,0,0,15,5,0,41,7,18,,,0,Matches
Lewandowski Robert,plPOL,4.0,Bayern Munich,32,1988,32.7,2,0,0,22,37,20,28,6,2,,,0,Matches
Leweling Jamie,deGER,3.5,Greuther Fürth,20,2001,21.8,3,0,0,17,49,17,40,11,9,,,0,Matches
Lienhart Philipp,atAUT,2.0,Freiburg,25,1996,31.9,2,0,0,15,28,1,7,48,14,,,0,Matches
Linde Andreas,seSWE,1.0,Greuther Fürth,28,1993,12.0,0,0,0,0,1,0,0,2,0,,,0,Matches
Lindstrøm Jesper,dkDEN,3.4,Eintracht Frankfurt,21,2000,22.0,0,0,0,23,16,3,53,23,14,,,0,Matches
Ljubicic Dejan,atAUT,3.0,Köln,23,1997,21.9,4,0,0,28,21,3,58,15,20,,,0,Matches
Locadia Jürgen,cwCUW,4.0,Bochum,27,1993,4.9,0,0,0,10,9,4,0,1,2,,,0,Matches
Losilla Anthony,frFRA,3.0,Bochum,35,1986,32.6,5,0,0,47,21,2,10,72,42,,,0,Matches
Lotka Marcel,plPOL,1.0,Hertha BSC,20,2001,9.8,1,0,0,0,4,1,0,1,0,,,0,Matches
Löwen Eduard,deGER,3.0,Bochum,24,1997,15.7,0,0,0,20,11,1,108,8,24,,,0,Matches
Lucoqui Anderson,aoANG,2.4,Mainz 05,24,1997,8.3,2,0,0,17,16,0,12,12,11,,,0,Matches
Lukebakio Dodi,beBEL,3.0,Hertha BSC,23,1997,2.0,0,0,0,4,5,1,1,2,1,,,0,Matches
Lukebakio Dodi,beBEL,3.4,Wolfsburg,23,1997,9.8,2,0,0,15,13,11,17,13,5,,,0,Matches
Lunyov Andrey,ruRUS,1.0,Leverkusen,29,1991,1.0,0,0,0,0,0,0,0,0,0,,,0,Matches
Luthe Andreas,deGER,1.0,Union Berlin,34,1987,27.0,3,0,0,1,3,0,0,0,0,,,0,Matches
Maglica Matej,hrCRO,2.0,Stuttgart,22,1998,0.1,0,0,0,0,0,0,0,0,0,,,0,Matches
Maier Arne,deGER,3.0,Augsburg,22,1999,20.7,0,0,0,11,14,1,98,14,13,,,0,Matches
Malen Donyell,nlNED,4.0,Dortmund,22,1999,18.7,2,0,0,10,31,9,27,10,9,,,0,Matches
Maloney Lennard,usUSA,2.3,Dortmund,21,1999,0.1,0,0,0,0,0,0,1,0,0,,,0,Matches
Mangala Orel,beBEL,3.0,Stuttgart,23,1998,20.6,4,0,0,25,27,0,9,12,12,,,0,Matches
Maolida Myziane,kmCOM,3.4,Hertha BSC,22,1999,8.6,0,0,0,10,6,3,7,1,4,,,0,Matches
Marmoush Omar,egEGY,3.5,Wolfsburg,22,1999,0.3,0,0,0,0,0,0,0,0,0,,,0,Matches
Marmoush Omar,egEGY,3.5,Stuttgart,22,1999,17.5,3,0,0,31,56,7,43,10,17,,,0,Matches
Martín Aarón,esESP,3.0,Mainz 05,24,1997,25.5,7,0,0,31,18,0,178,20,33,,,0,Matches
Martinez Josep,esESP,1.0,RB Leipzig,23,1998,1.0,0,0,0,0,0,0,0,0,0,,,0,Matches
Mašović Erhan,rsSRB,2.0,Bochum,22,1998,17.2,7,0,0,16,7,0,0,30,19,,,1,Matches
Massimo Roberto,deGER,3.0,Stuttgart,20,2000,9.7,0,0,0,8,4,4,18,4,5,,,0,Matches
Mavropanos Konstantinos,grGRE,2.0,Stuttgart,23,1997,30.1,3,0,0,22,20,2,7,64,40,,,0,Matches
Maxim Choupo-Moting Eric,cmCMR,3.0,Bayern Munich,32,1989,4.2,0,0,0,7,7,2,3,5,9,,,0,Matches
Mbabu Kevin,chSUI,2.3,Wolfsburg,26,1995,15.5,4,0,0,24,21,2,66,32,21,,,0,Matches
Medina Nathan,beBEL,2.0,Arminia,23,1997,8.6,2,0,0,13,9,0,5,10,10,,,0,Matches
Mehmedi Admir,chSUI,3.5,Wolfsburg,30,1991,0.0,0,0,0,0,0,0,0,0,0,,,0,Matches
Meré Jorge,esESP,2.0,Köln,24,1997,5.4,2,0,0,3,1,0,1,11,6,,,0,Matches
Meunier Thomas,beBEL,2.3,Dortmund,29,1991,15.6,4,0,0,27,7,1,46,12,19,,,0,Matches
Meyerhöfer Marco,deGER,2.3,Greuther Fürth,25,1995,25.3,0,0,0,16,25,1,42,43,33,,,1,Matches
Michel Sven,deGER,4.0,Union Berlin,31,1990,3.8,2,0,0,12,4,3,8,1,6,,,0,Matches
Millot Enzo,frFRA,3.0,Stuttgart,19,2002,0.6,0,0,0,2,1,0,3,1,0,,,0,Matches
Mittelstädt Maximilian,deGER,2.3,Hertha BSC,24,1997,16.6,3,0,0,20,36,1,86,43,35,,,0,Matches
Modeste Anthony,frFRA,4.0,Köln,33,1988,29.0,4,0,0,36,33,35,13,4,6,,,0,Matches
Möhwald Kevin,deGER,3.0,Union Berlin,28,1993,3.9,2,0,0,6,4,2,7,3,2,,,0,Matches
Mola Clinton,engENG,2.0,Stuttgart,20,2001,1.3,0,0,0,0,0,0,1,2,1,,,0,Matches
Morávek Jan,czCZE,3.0,Augsburg,31,1989,5.2,1,0,0,5,2,0,2,6,6,,,0,Matches
Moriba Ilaix,gnGUI,3.0,RB Leipzig,18,2003,0.4,0,0,0,1,3,0,0,1,0,,,0,Matches
Moukoko Youssoufa,deGER,4.0,Dortmund,16,2004,2.5,1,0,0,5,5,5,0,2,0,,,0,Matches
Mukiele Nordi,frFRA,2.4,RB Leipzig,23,1997,20.5,3,0,0,19,25,8,33,29,24,,,0,Matches
Müller Florian,deGER,1.0,Stuttgart,23,1997,30.0,0,0,0,0,2,0,0,0,0,,,0,Matches
Müller Thomas,deGER,3.0,Bayern Munich,31,1989,28.4,0,0,0,11,22,12,90,14,20,,,1,Matches
Müsel Torben,deGER,3.5,Gladbach,22,1999,0.1,0,0,0,0,0,0,0,0,0,,,0,Matches
Musiala Jamal,deGER,3.0,Bayern Munich,18,2003,16.3,2,0,0,17,20,3,5,19,26,,,0,Matches
N'Dicka Obite,ciCIV,2.0,Eintracht Frankfurt,21,1999,31.7,3,0,0,42,14,4,13,47,37,,,1,Matches
Nartey Nikolas,dkDEN,3.0,Stuttgart,21,2000,4.5,1,0,0,11,5,1,6,6,3,,,0,Matches
Nebel Paul,deGER,3.0,Mainz 05,18,2002,2.5,3,0,0,9,3,1,10,0,5,,,0,Matches
Nemeth David,atAUT,2.0,Mainz 05,20,2001,3.5,0,0,0,1,1,0,0,6,2,,,0,Matches
Netz Luca,deGER,2.4,Gladbach,18,2003,15.5,1,0,0,7,11,2,36,13,10,,,0,Matches
Neuer Manuel,deGER,1.0,Bayern Munich,35,1986,27.9,0,0,0,0,1,0,0,0,2,,,0,Matches
Neuhaus Florian,deGER,3.0,Gladbach,24,1997,23.6,2,0,0,18,32,0,14,33,28,,,0,Matches
Ngankam Jessic,deGER,4.0,Greuther Fürth,21,2000,3.8,0,0,0,11,5,1,0,0,2,,,0,Matches
Niakhate Moussa,snSEN,2.0,Mainz 05,25,1996,28.5,1,0,0,30,23,3,16,52,24,,,0,Matches
Nianzou Tanguy,frFRA,2.0,Bayern Munich,19,2002,6.5,4,0,0,13,8,0,1,7,7,,,0,Matches
Niederlechner Florian,deGER,4.0,Augsburg,30,1990,12.9,1,0,0,14,25,9,5,5,5,,,1,Matches
Nielsen Håvard,noNOR,3.5,Greuther Fürth,28,1993,15.2,2,0,0,26,24,9,3,8,11,,,0,Matches
Nilsson Joakim,seSWE,2.0,Arminia,27,1994,30.4,5,0,0,32,16,2,3,61,20,,,0,Matches
Nkunku Christopher,frFRA,3.4,RB Leipzig,23,1997,30.3,2,0,0,31,62,13,63,14,8,,,0,Matches
Nmecha Felix,deGER,3.0,Wolfsburg,20,2000,3.6,2,0,0,7,9,0,3,7,1,,,0,Matches
Nmecha Lukas,deGER,3.5,Wolfsburg,22,1998,18.1,5,0,0,31,29,6,20,4,6,,,0,Matches
Nordtveit Håvard,noNOR,2.0,Hoffenheim,31,1990,3.4,1,0,0,3,4,0,1,9,7,,,0,Matches
Noß Connor,ieIRL,3.0,Gladbach,20,2001,0.6,0,0,0,0,0,0,0,0,0,,,0,Matches
Novoa Hugo,esESP,3.0,RB Leipzig,18,2003,1.5,0,0,0,1,4,1,2,1,4,,,0,Matches
Novothny Soma,huHUN,4.0,Bochum,27,1994,0.9,0,0,0,2,2,0,0,0,1,,,0,Matches
Nuhu Kasim,ghGHA,2.0,Hoffenheim,26,1995,0.1,0,0,0,0,0,0,0,0,0,,,0,Matches
Nunoo Sarpei Hans,ghGHA,2.0,Greuther Fürth,22,1998,7.1,2,0,0,7,16,0,0,13,11,,,0,Matches
Oczipka Bastian,deGER,2.4,Union Berlin,32,1989,10.4,1,0,0,10,13,1,61,11,14,,,0,Matches
Okugawa Masaya,jpJPN,3.4,Arminia,25,1996,28.1,0,0,0,24,22,11,14,18,26,,,0,Matches
Olesen Mathias,luLUX,3.0,Köln,20,2001,0.2,0,0,0,0,0,0,0,1,0,,,0,Matches
Olmo Dani,esESP,3.4,RB Leipzig,23,1998,8.3,2,0,0,4,22,1,9,4,8,,,0,Matches
Onisiwo Karim,atAUT,4.0,Mainz 05,29,1992,26.2,0,0,0,45,32,27,50,7,9,,,0,Matches
Orban Willi,huHUN,2.0,RB Leipzig,28,1992,29.4,1,0,0,13,29,3,3,47,21,,,0,Matches
Ortega Stefan,deGER,1.0,Arminia,28,1992,33.0,1,0,0,0,3,0,0,0,0,,,0,Matches
Osterhage Patrick,deGER,3.0,Bochum,21,2000,6.7,2,0,0,5,7,0,9,13,6,,,0,Matches
Ostrák Tomáš,czCZE,3.0,Köln,21,2000,0.3,0,0,0,1,1,0,3,1,0,,,0,Matches
Otávio Paulo,brBRA,2.4,Wolfsburg,26,1994,4.0,0,0,0,3,4,1,25,4,10,,,0,Matches
Oxford Reece,engENG,2.0,Augsburg,22,1998,29.9,9,0,0,28,21,1,0,71,15,,,0,Matches
Özcan Salih,trTUR,3.0,Köln,23,1998,25.7,5,0,0,38,52,1,18,54,30,,,0,Matches
Öztunalı Levin,deGER,3.0,Union Berlin,25,1996,6.4,0,0,0,15,8,3,12,4,11,,,0,Matches
Paciência Gonçalo,ptPOR,4.0,Eintracht Frankfurt,26,1994,5.7,3,0,0,9,12,3,7,1,2,,,0,Matches
Palacios Exequiel,arARG,3.0,Leverkusen,22,1998,12.2,2,0,0,11,17,1,10,27,22,,,0,Matches
Pantović Miloš,rsSRB,3.4,Bochum,25,1996,17.0,2,0,0,25,31,8,61,19,13,,,0,Matches
Papadopoulos Antonios,deGER,2.3,Dortmund,21,1999,0.2,1,0,0,1,0,0,0,0,0,,,0,Matches
Papela Merveille,deGER,3.0,Mainz 05,20,2001,0.9,0,0,0,1,0,0,0,3,2,,,0,Matches
Paredes Kevin,usUSA,3.0,Wolfsburg,18,2003,0.2,0,0,0,1,0,0,1,0,0,,,0,Matches
Passlack Felix,deGER,2.0,Dortmund,23,1998,5.2,0,0,0,5,8,1,13,4,9,,,1,Matches
Paulinho,brBRA,3.0,Leverkusen,21,2000,13.5,1,0,0,10,17,3,20,6,14,,,0,Matches
Pavard Benjamin,frFRA,2.3,Bayern Munich,25,1996,23.1,2,1,0,17,10,2,38,37,21,,,0,Matches
Pedersen Mads,dkDEN,2.4,Augsburg,24,1996,15.5,5,0,0,24,30,3,48,15,22,,,0,Matches
Pekarík Peter,skSVK,2.0,Hertha BSC,34,1986,24.8,1,0,0,25,19,1,59,29,30,,,0,Matches
Pentke Philipp,deGER,1.0,Hoffenheim,36,1985,1.0,0,0,0,0,0,0,0,0,0,,,0,Matches
Pepi Ricardo,usUSA,3.5,Augsburg,18,2003,5.3,0,0,0,1,4,3,2,2,2,,,0,Matches
Pervan Pavao,atAUT,1.0,Wolfsburg,33,1987,6.0,0,0,0,0,0,0,0,0,0,,,0,Matches
Petersen Nils,deGER,4.0,Freiburg,32,1988,6.4,0,0,0,1,3,0,3,2,3,,,0,Matches
Petter Hauge Jens,noNOR,3.4,Eintracht Frankfurt,21,1999,11.6,4,0,0,16,9,1,5,3,6,,,0,Matches
Pherai Immanuel,srSUR,3.5,Dortmund,20,2001,0.0,0,0,0,0,0,0,0,0,0,,,0,Matches
Philipp Maximilian,deGER,3.0,Wolfsburg,27,1994,10.7,2,0,0,9,17,2,39,4,12,,,0,Matches
Piątek Krzysztof,plPOL,4.0,Hertha BSC,26,1995,3.9,0,0,0,10,6,6,3,0,2,,,0,Matches
Pieper Amos,deGER,2.0,Arminia,23,1998,26.4,2,0,0,12,15,0,3,50,31,,,0,Matches
Plattenhardt Marvin,deGER,2.3,Hertha BSC,29,1992,18.2,3,0,0,14,21,0,124,17,8,,,0,Matches
Pléa Alassane,frFRA,3.4,Gladbach,28,1993,23.0,4,0,0,20,25,13,31,4,13,,,0,Matches
Pohjanpalo Joel,fiFIN,4.0,Leverkusen,26,1994,0.1,0,0,0,1,0,1,0,0,0,,,0,Matches
Polter Sebastian,deGER,4.0,Bochum,30,1991,26.0,2,0,0,75,36,7,7,2,4,,,0,Matches
Pongračić Marin,hrCRO,2.0,Dortmund,23,1997,9.2,3,0,0,12,0,0,0,17,11,,,0,Matches
Posch Stefan,atAUT,2.0,Hoffenheim,24,1997,24.4,5,0,0,36,14,1,11,27,28,,,0,Matches
Poulsen Yussuf,dkDEN,3.5,RB Leipzig,27,1994,12.0,2,0,0,22,31,7,9,3,7,,,0,Matches
Prietl Manuel,atAUT,2.4,Arminia,29,1991,23.6,3,0,0,39,10,0,7,40,30,,,0,Matches
Prömel Grischa,deGER,3.0,Union Berlin,26,1995,26.9,4,0,0,37,58,2,6,21,23,,,0,Matches
Proschwitz Nick,deGER,4.0,Hoffenheim,34,1986,0.3,0,0,0,0,0,0,0,0,0,,,0,Matches
Pululu Afimico,cdCOD,3.5,Greuther Fürth,22,1999,0.8,0,0,0,4,8,1,1,0,0,,,0,Matches
Raebiger Sidney,deGER,3.0,RB Leipzig,16,2005,0.0,0,0,0,0,0,0,0,0,0,,,0,Matches
Ramaj Diant,deGER,1.0,Eintracht Frankfurt,19,2001,1.0,0,0,0,0,0,0,0,0,0,,,0,Matches
Ramos Guilherme,ptPOR,2.0,Arminia,23,1997,10.1,1,0,0,16,5,1,5,29,15,,,0,Matches
Raschl Tobias,deGER,3.0,Greuther Fürth,21,2000,6.6,0,0,0,7,8,1,1,1,9,,,0,Matches
Raum David,deGER,2.4,Hoffenheim,23,1998,30.6,5,0,0,27,33,7,311,25,31,,,1,Matches
Reinier,brBRA,3.0,Dortmund,19,2002,1.8,0,0,0,2,2,0,0,0,3,,,0,Matches
Retsos Panagiotis,grGRE,2.0,Leverkusen,22,1998,0.4,0,0,0,0,1,0,0,1,0,,,0,Matches
Reus Marco,deGER,3.4,Dortmund,32,1989,27.8,2,0,0,22,44,10,40,10,28,,,0,Matches
Rexhbeçaj Elvis,xkKVX,3.0,Bochum,23,1997,28.2,5,0,0,34,60,2,40,28,20,,,0,Matches
Reyna Gio,usUSA,3.4,Dortmund,18,2002,4.9,0,0,0,7,11,1,19,0,5,,,0,Matches
Richards Chris,usUSA,2.0,Hoffenheim,21,2000,14.5,1,0,0,8,2,0,0,21,14,,,0,Matches
Richards Chris,usUSA,2.0,Bayern Munich,21,2000,0.0,0,0,0,0,0,0,0,0,0,,,0,Matches
Richards Omar,engENG,2.3,Bayern Munich,23,1998,4.9,1,0,0,15,21,0,8,4,12,,,0,Matches
Richter Marco,deGER,3.4,Hertha BSC,23,1997,18.9,6,0,0,31,45,4,57,17,15,,,0,Matches
Riemann Manuel,deGER,1.0,Bochum,32,1988,31.0,2,0,0,0,3,0,0,1,1,,,0,Matches
Roca Marc,esESP,3.0,Bayern Munich,24,1996,4.2,0,0,0,10,4,0,5,6,7,,,0,Matches
Röcker Cimo,deGER,2.0,Hertha BSC,27,1994,0.2,0,0,0,0,0,0,0,1,0,,,0,Matches
Rode Sebastian,deGER,3.0,Eintracht Frankfurt,30,1990,8.4,1,0,0,6,9,0,3,12,9,,,0,Matches
Rösch Romario,deGER,3.0,Mainz 05,22,1999,0.0,0,0,0,0,0,0,0,0,0,,,0,Matches
Rothe Tom,deGER,3.0,Dortmund,16,2004,1.0,1,0,0,3,1,3,5,2,3,,,0,Matches
Roussillon Jérôme,frFRA,2.4,Wolfsburg,28,1993,19.7,5,0,0,10,24,5,50,14,9,,,0,Matches
Rudy Sebastian,deGER,3.0,Hoffenheim,31,1990,8.6,5,0,0,12,6,0,14,11,13,,,0,Matches
Rutter Georginio,frFRA,3.5,Hoffenheim,19,2002,17.9,2,0,0,38,37,21,19,5,11,,,0,Matches
Ryerson Julian,noNOR,2.4,Union Berlin,23,1997,15.9,3,0,0,12,14,0,50,14,16,,,0,Matches
Rønnow Frederik,dkDEN,1.0,Union Berlin,28,1992,7.0,1,0,0,0,1,0,0,0,0,,,0,Matches
Sabitzer Marcel,atAUT,2.4,Bayern Munich,27,1994,10.1,0,0,0,16,15,0,16,10,8,,,0,Matches
Sabitzer Marcel,atAUT,3.5,RB Leipzig,27,1994,0.5,1,0,0,1,0,0,2,2,1,,,0,Matches
Sallai Roland,huHUN,3.4,Freiburg,24,1997,17.2,1,0,0,29,42,4,58,9,16,,,0,Matches
Samassékou Diadie,mlMLI,3.0,Hoffenheim,25,1996,18.4,7,0,0,30,25,0,8,28,30,,,0,Matches
Sané Leroy,deGER,3.0,Bayern Munich,25,1996,22.0,3,0,0,25,24,7,39,10,16,,,0,Matches
Sankoh Mohamed,nlNED,4.0,Stuttgart,17,2003,0.0,0,0,0,0,0,0,0,0,0,,,0,Matches
Santamaria Baptiste,frFRA,3.0,Freiburg,26,1995,0.2,0,0,0,0,0,0,0,1,0,,,0,Matches
Sarr Bouna,snSEN,2.3,Bayern Munich,29,1992,0.7,0,0,0,0,0,0,3,6,4,,,0,Matches
Scally Joe,usUSA,2.4,Gladbach,18,2002,21.2,4,0,0,27,36,2,35,22,31,,,0,Matches
Schade Kevin,deGER,3.4,Freiburg,19,2001,9.2,2,0,0,22,26,4,14,5,7,,,0,Matches
Schäfer András,huHUN,3.0,Union Berlin,22,1999,2.7,2,0,0,6,2,0,1,2,1,,,0,Matches
Schaub Louis,atAUT,3.0,Köln,26,1994,7.3,0,0,0,8,8,3,34,3,9,,,0,Matches
Schick Patrik,czCZE,4.0,Leverkusen,25,1996,23.1,0,0,0,13,22,6,3,3,3,,,0,Matches
Schindler Kingsley,ghGHA,2.0,Köln,28,1993,3.9,1,0,0,2,5,1,23,6,0,,,0,Matches
Schlager Xaver,atAUT,3.0,Wolfsburg,23,1997,11.6,2,0,0,23,10,1,6,9,22,,,0,Matches
Schlotterbeck Keven,deGER,2.0,Freiburg,24,1997,3.5,1,0,0,9,2,0,0,12,5,,,0,Matches
Schlotterbeck Nico,deGER,2.0,Freiburg,21,1999,30.9,5,0,0,32,35,1,9,55,44,,,0,Matches
Schmid Jonathan,frFRA,2.4,Freiburg,31,1990,6.5,0,0,0,4,3,0,15,6,6,,,0,Matches
Schmitz Benno,deGER,2.0,Köln,26,1994,26.9,5,0,0,31,25,1,96,41,38,,,0,Matches
Schöpf Alessandro,atAUT,3.4,Arminia,27,1994,26.6,3,1,1,28,41,1,57,32,22,,,0,Matches
Schulz Nico,deGER,2.0,Dortmund,28,1993,9.3,2,0,0,13,5,0,13,10,9,,,0,Matches
Schwäbe Marvin,deGER,1.0,Köln,26,1995,21.0,1,0,0,0,1,0,0,0,1,,,0,Matches
Schwolow Alexander,deGER,1.0,Hertha BSC,29,1992,24.2,1,0,0,2,1,0,0,2,0,,,0,Matches
Seguin Paul,deGER,3.0,Greuther Fürth,26,1995,23.4,9,0,0,42,26,0,41,20,29,,,0,Matches
Selke Davie,deGER,4.0,Hertha BSC,26,1995,11.2,2,0,0,31,21,5,6,1,4,,,0,Matches
Semić Lion,deGER,2.0,Dortmund,17,2003,0.0,0,0,0,0,0,0,0,0,0,,,0,Matches
Serdar Suat,deGER,3.0,Hertha BSC,24,1997,24.6,6,0,0,37,46,2,6,17,27,,,0,Matches
Serra Janni,deGER,4.0,Arminia,23,1998,12.4,1,0,0,16,15,5,1,5,3,,,0,Matches
Sertdemir Zidan,dkDEN,3.0,Leverkusen,16,2005,0.2,0,0,0,0,0,0,3,0,2,,,0,Matches
Seufert Nils,deGER,3.0,Greuther Fürth,24,1997,1.1,0,0,0,0,1,0,0,0,1,,,0,Matches
Sildillia Kiliann,frFRA,3.0,Freiburg,19,2002,1.9,1,0,0,1,1,0,5,2,3,,,0,Matches
Silva André,ptPOR,4.0,RB Leipzig,25,1995,23.1,1,0,0,20,28,16,7,4,9,,,0,Matches
Simakan Mohamed,frFRA,2.0,RB Leipzig,21,2000,22.3,5,0,0,25,34,0,6,40,28,,,0,Matches
Sinkgraven Daley,nlNED,2.0,Leverkusen,26,1995,3.9,0,0,0,0,3,0,7,3,2,,,0,Matches
Sippel Tobias,deGER,1.0,Gladbach,33,1988,1.0,0,0,0,0,0,0,0,0,0,,,0,Matches
Siquet Hugo,beBEL,2.3,Freiburg,19,2002,0.2,0,0,0,1,0,0,1,0,0,,,0,Matches
Skhiri Ellyes,tnTUN,2.4,Köln,26,1995,20.2,3,0,0,19,21,2,7,39,33,,,0,Matches
Skov Robert,dkDEN,3.0,Hoffenheim,25,1996,4.1,1,0,0,6,5,0,18,3,2,,,0,Matches
Soares Danilo,brBRA,2.0,Bochum,29,1991,28.5,4,0,0,34,42,0,66,66,72,,,0,Matches
Sommer Yann,chSUI,1.0,Gladbach,32,1988,33.0,2,0,0,0,6,0,0,3,0,,,1,Matches
Sosa Borna,hrCRO,2.4,Stuttgart,23,1998,27.8,4,0,0,13,26,0,246,26,12,,,0,Matches
Sow Djibril,chSUI,3.0,Eintracht Frankfurt,24,1997,26.8,5,0,0,41,38,0,9,51,36,,,0,Matches
St. Juste Jerry,nlNED,2.0,Mainz 05,24,1996,6.7,0,0,0,13,8,0,6,14,10,,,0,Matches
Stach Anton,deGER,3.0,Mainz 05,22,1998,20.7,6,0,0,35,43,0,53,51,16,,,0,Matches
Stafylidis Kostas,grGRE,2.3,Bochum,27,1993,15.4,3,1,0,12,19,1,64,29,28,,,0,Matches
Stanišić Josip,hrCRO,2.3,Bayern Munich,21,2000,7.2,1,0,0,4,1,0,11,12,10,,,0,Matches
Stark Niklas,deGER,2.0,Hertha BSC,26,1995,22.6,3,0,0,19,20,1,0,39,18,,,0,Matches
Steffen Renato,chSUI,3.0,Wolfsburg,29,1991,10.7,6,0,0,19,15,0,26,13,16,,,0,Matches
Stenzel Pascal,deGER,2.0,Stuttgart,25,1996,10.0,1,0,0,13,4,0,18,10,12,,,0,Matches
Stiller Angelo,deGER,3.0,Hoffenheim,20,2001,18.8,1,0,0,26,13,1,18,10,19,,,0,Matches
Stindl Lars,deGER,3.4,Gladbach,32,1988,18.1,10,0,0,30,16,5,15,9,15,,,0,Matches
Stöger Kevin,atAUT,3.0,Mainz 05,27,1993,4.7,3,0,0,9,10,0,31,6,6,,,0,Matches
Strobl Tobias,deGER,3.0,Augsburg,31,1990,3.6,1,0,0,6,2,0,2,8,2,,,0,Matches
Süle Niklas,deGER,2.3,Bayern Munich,25,1995,20.4,2,0,0,10,1,1,6,29,24,,,0,Matches
Szalai Ádám,huHUN,4.0,Mainz 05,33,1987,2.9,1,0,0,10,4,5,0,0,2,,,0,Matches
Szoboszlai Dominik,huHUN,3.0,RB Leipzig,20,2000,17.1,2,0,0,15,23,6,90,9,12,,,0,Matches
Tah Jonathan,deGER,2.0,Leverkusen,25,1996,32.0,4,0,0,19,10,1,2,42,19,,,0,Matches
Tapsoba Edmond,bfBFA,2.0,Leverkusen,22,1999,20.2,1,0,0,19,6,1,0,29,19,,,0,Matches
Tauer Niklas,deGER,2.4,Mainz 05,20,2001,5.4,1,1,0,8,4,0,1,9,10,,,0,Matches
Tesche Robert,deGER,3.0,Bochum,34,1987,3.9,2,1,0,5,1,1,2,6,4,,,0,Matches
Teuchert Cedric,deGER,3.5,Union Berlin,24,1997,1.2,0,0,0,1,1,1,1,0,2,,,0,Matches
Thielmann Jan,deGER,3.4,Köln,19,2002,13.2,6,0,0,13,12,2,58,12,16,,,0,Matches
Thommy Erik,deGER,3.0,Stuttgart,26,1994,3.0,0,0,0,2,6,2,23,4,1,,,0,Matches
Thuram Marcus,frFRA,3.5,Gladbach,23,1997,10.9,2,0,0,12,25,8,6,5,4,,,0,Matches
Tibidi Alexis,frFRA,3.0,Stuttgart,17,2003,4.3,1,0,0,11,12,4,3,2,2,,,0,Matches
Tigges Steffen,deGER,4.0,Dortmund,23,1998,1.2,0,0,0,1,1,1,1,0,3,,,0,Matches
Tillman Malik,usUSA,3.0,Bayern Munich,19,2002,1.2,0,0,0,4,1,0,0,2,1,,,0,Matches
Tillman Timmy,usUSA,3.0,Greuther Fürth,22,1999,22.3,3,0,0,36,42,2,67,12,24,,,0,Matches
Tohumcu Umut,deGER,3.0,Hoffenheim,16,2004,0.1,0,0,0,0,1,0,0,0,0,,,0,Matches
Tolisso Corentin,frFRA,2.4,Bayern Munich,26,1994,7.8,0,0,0,13,6,3,6,9,4,,,0,Matches
Tomás Tiago,ptPOR,4.0,Stuttgart,19,2002,11.9,2,0,0,7,25,7,18,4,4,,,0,Matches
Torunarigha Jordan,deGER,2.0,Hertha BSC,23,1997,5.4,1,0,0,4,5,1,1,16,1,,,0,Matches
Touré Almamy,mlMLI,2.4,Eintracht Frankfurt,25,1996,5.6,2,0,0,8,2,1,12,7,10,,,0,Matches
Tousart Lucas,frFRA,3.0,Hertha BSC,24,1997,21.8,3,0,0,32,24,1,16,33,28,,,0,Matches
Trapp Kevin,deGER,1.0,Eintracht Frankfurt,31,1990,32.0,2,0,0,0,2,0,0,1,0,,,0,Matches
Trimmel Christopher,atAUT,3.0,Union Berlin,34,1987,22.1,5,0,0,29,6,0,145,35,30,,,0,Matches
Tschauner Philipp,deGER,1.0,RB Leipzig,35,1985,0.0,0,0,0,0,0,0,0,0,0,,,0,Matches
Tuta,brBRA,2.0,Eintracht Frankfurt,22,1999,24.3,4,1,1,37,12,1,4,44,31,,,0,Matches
Ujah Anthony,ngNGA,4.0,Union Berlin,30,1990,0.4,0,0,0,4,1,0,1,0,0,,,0,Matches
Ulreich Sven,deGER,1.0,Bayern Munich,32,1988,6.0,0,0,0,0,1,0,0,0,0,,,0,Matches
Upamecano Dayot,frFRA,2.0,Bayern Munich,22,1998,24.6,4,0,0,28,12,1,2,28,42,,,0,Matches
Uphoff Benjamin,deGER,1.0,Freiburg,27,1993,2.0,0,0,0,0,0,0,0,0,0,,,0,Matches
Uth Mark,deGER,3.4,Köln,29,1991,22.5,3,0,0,34,45,11,125,14,21,,,0,Matches
Vargas Ruben,chSUI,3.4,Augsburg,22,1998,22.0,4,0,0,33,27,12,43,18,22,,,0,Matches
Vasiliadis Sebastian,grGRE,3.0,Arminia,23,1997,13.3,3,0,0,14,5,2,5,27,17,,,0,Matches
Ven Micky van,nlNED,2.0,Wolfsburg,20,2001,2.1,0,0,0,0,1,0,3,3,4,,,0,Matches
Vermeij Vincent,nlNED,4.0,Freiburg,26,1994,0.0,0,0,0,0,0,0,0,0,0,,,0,Matches
Vidovic Gabriel,hrCRO,3.0,Bayern Munich,17,2003,0.4,0,0,0,0,0,0,0,0,0,,,0,Matches
Viergever Nick,nlNED,2.0,Greuther Fürth,31,1989,23.7,2,0,0,14,6,0,1,36,23,,,0,Matches
Voglsammer Andreas,deGER,4.0,Union Berlin,29,1992,9.8,1,0,0,16,16,14,23,2,10,,,0,Matches
Vogt Kevin,deGER,2.0,Hoffenheim,29,1991,28.5,7,0,0,27,17,1,4,15,11,,,0,Matches
Vranckx Aster,beBEL,3.0,Wolfsburg,18,2002,12.7,2,0,0,39,16,1,25,13,14,,,0,Matches
Waldschmidt Luca,deGER,3.0,Wolfsburg,25,1996,8.0,2,0,0,10,8,0,7,8,1,,,0,Matches
Wanner Paul,deGER,3.0,Bayern Munich,15,2005,0.4,0,0,0,1,1,0,1,0,1,,,0,Matches
Weghorst Wout,nlNED,4.0,Wolfsburg,28,1992,17.3,2,0,0,17,31,14,2,2,5,,,0,Matches
Weißhaupt Noah,deGER,3.5,Freiburg,19,2001,1.1,0,0,0,3,2,0,3,1,1,,,0,Matches
Widmer Silvan,chSUI,2.4,Mainz 05,28,1993,32.4,1,0,0,36,20,1,62,39,30,,,0,Matches
Willems Jetro,nlNED,2.3,Greuther Fürth,27,1994,17.8,5,0,0,14,11,0,41,14,16,,,0,Matches
Wimmer Patrick,atAUT,3.4,Arminia,20,2001,22.8,7,0,0,49,38,5,96,26,31,,,0,Matches
Wind Jonas,dkDEN,3.5,Wolfsburg,22,1999,13.1,0,0,0,13,31,7,5,7,6,,,0,Matches
Winkler Marten,deGER,3.0,Hertha BSC,18,2002,0.3,0,0,0,0,1,0,1,0,0,,,0,Matches
Winther Frederik,dkDEN,2.0,Augsburg,20,2001,3.6,1,0,0,1,0,0,1,8,2,,,0,Matches
Wirtz Florian,deGER,3.0,Leverkusen,18,2003,20.6,2,0,0,15,25,10,60,11,12,,,0,Matches
Witsel Axel,beBEL,2.4,Dortmund,32,1989,21.6,4,0,0,26,30,1,0,28,27,,,0,Matches
Wolf Hannes,atAUT,3.0,Gladbach,22,1999,3.4,2,0,0,10,5,0,2,2,12,,,0,Matches
Wolf Marius,deGER,2.4,Dortmund,26,1995,14.7,4,0,0,17,17,4,25,15,15,,,0,Matches
Wollschläger Luca,deGER,4.0,Hertha BSC,18,2003,0.2,0,0,0,0,0,0,0,0,1,,,0,Matches
Woo-yeong Jeong,krKOR,3.4,Freiburg,21,1999,19.8,1,0,0,10,15,12,31,6,10,,,0,Matches
Wosz Joscha,deGER,3.0,RB Leipzig,19,2002,0.1,0,0,0,1,0,0,0,0,0,,,0,Matches
Zagadou Dan-Axel,frFRA,2.0,Dortmund,22,1999,10.6,2,0,0,12,5,0,2,16,8,,,0,Matches
Zakaria Denis,chSUI,2.4,Gladbach,24,1996,15.5,4,0,0,19,10,1,5,18,11,,,0,Matches
Zeefuik Deyovaisio,nlNED,2.3,Hertha BSC,23,1998,6.3,1,0,0,4,8,1,10,10,11,,,0,Matches
Zentner Robin,deGER,1.0,Mainz 05,26,1994,32.0,1,0,0,1,2,0,0,3,2,,,0,Matches
Zeqiri Andi,chSUI,4.0,Augsburg,22,1999,11.3,2,0,0,20,15,12,6,2,7,,,0,Matches
Zoller Simon,deGER,3.5,Bochum,30,1991,6.6,3,0,0,11,5,3,9,4,3,,,0,Matches
