Unnamed: 0_level_0_Rk,Unnamed: 1_level_0_Player,Unnamed: 2_level_0_Nation,Unnamed: 3_level_0_Pos,Unnamed: 4_level_0_Squad,Unnamed: 5_level_0_Age,Unnamed: 6_level_0_Born,Playing Time_MP,Playing Time_Starts,Playing Time_Min,Playing Time_90s,Performance_Gls,Performance_Ast,Performance_G+A,Performance_G-PK,Performance_PK,Performance_PKatt,Performance_CrdY,Performance_CrdR,Per 90 Minutes_Gls,Per 90 Minutes_Ast,Per 90 Minutes_G+A,Per 90 Minutes_G-PK,Per 90 Minutes_G+A-PK,Unnamed: 24_level_0_Matches,league_tag,season_tag,Unnamed: 0_level_0_Rk_k,Unnamed: 2_level_0_Nation_k,Unnamed: 3_level_0_Pos_k,Unnamed: 4_level_0_Squad_k,Unnamed: 5_level_0_Age_k,Unnamed: 6_level_0_Born_k,Playing Time_MP_k,Playing Time_Starts_k,Playing Time_Min_k,Playing Time_90s_k,Performance_GA,Performance_GA90,Performance_SoTA,Performance_Saves,Performance_Save%,Performance_W,Performance_D,Performance_L,Performance_CS,Performance_CS%,Penalty Kicks_PKatt,Penalty Kicks_PKA,Penalty Kicks_PKsv,Penalty Kicks_PKm,Penalty Kicks_Save%,Unnamed: 26_level_0_Matches,league_tag_k,season_tag_k
1,Liel Abada,il ISR,FW,Celtic,21,2001,9,5,438,4.9,1,1,2,1,0,0,0,0,0.21,0.21,0.41,0.21,0.41,Matches,Scottish Premiership,2023-24,,,,,,,,,,,,,,,,,,,,,,,,,,,,
2,Rudi Allan-Molotnikov,sct SCO,MF,Hibernian,17,2006,3,0,47,0.5,0,0,0,0,0,0,1,0,0.00,0.00,0.00,0.00,0.00,Matches,Scottish Premiership,2023-24,,,,,,,,,,,,,,,,,,,,,,,,,,,,
3,Scott Allardice,sct SCO,MF,Ross County,25,1998,13,10,908,10.1,0,0,0,0,0,0,3,0,0.00,0.00,0.00,0.00,0.00,Matches,Scottish Premiership,2023-24,,,,,,,,,,,,,,,,,,,,,,,,,,,,
4,Luke Amos,eng ENG,MF,Hibernian,26,1997,7,0,133,1.5,0,0,0,0,0,0,0,0,0.00,0.00,0.00,0.00,0.00,Matches,Scottish Premiership,2023-24,,,,,,,,,,,,,,,,,,,,,,,,,,,,
5,Bruce Anderson,sct SCO,FW,Livingston,24,1998,34,17,1930,21.4,7,0,7,7,0,1,2,0,0.33,0.00,0.33,0.33,0.33,Matches,Scottish Premiership,2023-24,,,,,,,,,,,,,,,,,,,,,,,,,,,,
6,Juan Antonio Portales,mx MEX,DF,Dundee,27,1996,22,21,1821,20.2,2,1,3,2,0,0,2,0,0.10,0.05,0.15,0.10,0.15,Matches,Scottish Premiership,2023-24,,,,,,,,,,,,,,,,,,,,,,,,,,,,
7,Daniel Armstrong,sct SCO,MF,Kilmarnock,25,1997,38,37,3053,33.9,6,10,16,2,4,5,9,0,0.18,0.29,0.47,0.06,0.35,Matches,Scottish Premiership,2023-24,,,,,,,,,,,,,,,,,,,,,,,,,,,,
8,Lee Ashcroft,sct SCO,DF,Dundee,29,1993,8,7,607,6.7,1,0,1,1,0,0,2,0,0.15,0.00,0.15,0.15,0.15,Matches,Scottish Premiership,2023-24,,,,,,,,,,,,,,,,,,,,,,,,,,,,
9,Ryan Astley,wls WAL,DF,Dundee,21,2001,3,2,204,2.3,0,0,0,0,0,0,0,0,0.00,0.00,0.00,0.00,0.00,Matches,Scottish Premiership,2023-24,,,,,,,,,,,,,,,,,,,,,,,,,,,,
10,Nathaniel Atkinson,au AUS,"MF,DF",Hearts,24,1999,19,14,1226,13.6,0,0,0,0,0,0,5,0,0.00,0.00,0.00,0.00,0.00,Matches,Scottish Premiership,2023-24,,,,,,,,,,,,,,,,,,,,,,,,,,,,
11,Loick Ayina,cg CGO,DF,Ross County,20,2003,12,11,1035,11.5,0,0,0,0,0,0,2,0,0.00,0.00,0.00,0.00,0.00,Matches,Scottish Premiership,2023-24,,,,,,,,,,,,,,,,,,,,,,,,,,,,
12,Jonah Ayunga,ke KEN,FW,St Mirren,26,1997,17,8,748,8.3,2,0,2,2,0,0,1,0,0.24,0.00,0.24,0.24,0.24,Matches,Scottish Premiership,2023-24,,,,,,,,,,,,,,,,,,,,,,,,,,,,
13,Keanu Baccus,au AUS,MF,St Mirren,25,1998,31,17,1846,20.5,1,1,2,1,0,0,9,0,0.05,0.05,0.10,0.05,0.10,Matches,Scottish Premiership,2023-24,,,,,,,,,,,,,,,,,,,,,,,,,,,,
14,Scott Bain,sct SCO,GK,Celtic,31,1991,3,1,154,1.7,0,0,0,0,0,0,0,0,0.00,0.00,0.00,0.00,0.00,Matches,Scottish Premiership,2023-24,1.0,sct SCO,GK,Celtic,31.0,1991.0,3.0,1.0,154.0,1.7,1.0,0.58,6.0,5.0,83.3,1.0,0.0,0.0,1.0,100.0,0.0,0.0,0.0,0.0,,Matches,Scottish Premiership,2023-24
15,Theo Bair,ca CAN,FW,Motherwell,23,1999,38,31,2646,29.4,15,6,21,12,3,5,1,0,0.51,0.20,0.71,0.41,0.61,Matches,Scottish Premiership,2023-24,,,,,,,,,,,,,,,,,,,,,,,,,,,,
16,Amadou Bakayoko,sl SLE,FW,Dundee,27,1996,37,34,2833,31.5,6,5,11,6,0,0,7,0,0.19,0.16,0.35,0.19,0.35,Matches,Scottish Premiership,2023-24,,,,,,,,,,,,,,,,,,,,,,,,,,,,
17,James Balagizi,eng ENG,MF,Kilmarnock,19,2003,5,0,72,0.8,0,0,0,0,0,0,0,0,0.00,0.00,0.00,0.00,0.00,Matches,Scottish Premiership,2023-24,,,,,,,,,,,,,,,,,,,,,,,,,,,,
18,Jack Baldwin,eng ENG,DF,Ross County,30,1993,30,30,2699,30.0,0,1,1,0,0,0,7,1,0.00,0.03,0.03,0.00,0.03,Matches,Scottish Premiership,2023-24,,,,,,,,,,,,,,,,,,,,,,,,,,,,
19,Cammy Ballantyne,sct SCO,MF,St Johnstone,23,2000,2,2,147,1.6,0,0,0,0,0,0,0,0,0.00,0.00,0.00,0.00,0.00,Matches,Scottish Premiership,2023-24,,,,,,,,,,,,,,,,,,,,,,,,,,,,
20,Leon Balogun,ng NGA,DF,Rangers,35,1988,14,13,1037,11.5,0,0,0,0,0,0,1,1,0.00,0.00,0.00,0.00,0.00,Matches,Scottish Premiership,2023-24,,,,,,,,,,,,,,,,,,,,,,,,,,,,
21,Beni Baningime,cd COD,MF,Hearts,24,1998,29,25,2108,23.4,0,1,1,0,0,0,3,0,0.00,0.04,0.04,0.00,0.04,Matches,Scottish Premiership,2023-24,,,,,,,,,,,,,,,,,,,,,,,,,,,,
22,Borna Barišić,hr CRO,DF,Rangers,30,1992,20,18,1382,15.4,0,3,3,0,0,0,3,0,0.00,0.20,0.20,0.00,0.20,Matches,Scottish Premiership,2023-24,,,,,,,,,,,,,,,,,,,,,,,,,,,,
23,Connor Barron,sct SCO,MF,Aberdeen,20,2002,29,24,1996,22.2,1,3,4,1,0,0,2,0,0.05,0.14,0.18,0.05,0.18,Matches,Scottish Premiership,2023-24,,,,,,,,,,,,,,,,,,,,,,,,,,,,
24,Owen Beck,wls WAL,"DF,MF",Dundee,20,2002,25,25,2231,24.8,2,4,6,2,0,0,8,0,0.08,0.16,0.24,0.08,0.24,Matches,Scottish Premiership,2023-24,,,,,,,,,,,,,,,,,,,,,,,,,,,,
25,Alexandro Bernabei,ar ARG,DF,Celtic,22,2000,8,3,343,3.8,0,0,0,0,0,0,1,0,0.00,0.00,0.00,0.00,0.00,Matches,Scottish Premiership,2023-24,,,,,,,,,,,,,,,,,,,,,,,,,,,,
26,Paulo Bernardo,pt POR,MF,Celtic,21,2002,22,11,910,10.1,3,3,6,3,0,0,2,0,0.30,0.30,0.59,0.30,0.59,Matches,Scottish Premiership,2023-24,,,,,,,,,,,,,,,,,,,,,,,,,,,,
27,Mika Biereth,dk DEN,"FW,MF",Motherwell,20,2003,14,11,1017,11.3,6,5,11,5,1,1,2,0,0.53,0.44,0.97,0.44,0.88,Matches,Scottish Premiership,2023-24,,,,,,,,,,,,,,,,,,,,,,,,,,,,
28,Shane Blaney,ie IRL,DF,Motherwell,24,1999,24,20,1701,18.9,2,0,2,2,0,0,1,0,0.11,0.00,0.11,0.11,0.11,Matches,Scottish Premiership,2023-24,,,,,,,,,,,,,,,,,,,,,,,,,,,,
29,Malachi Boateng,eng ENG,MF,Dundee,21,2002,32,25,2318,25.8,0,1,1,0,0,0,5,0,0.00,0.04,0.04,0.00,0.04,Matches,Scottish Premiership,2023-24,,,,,,,,,,,,,,,,,,,,,,,,,,,,
30,James Bolton,eng ENG,DF,St Mirren,28,1994,23,14,1256,14.0,1,0,1,1,0,0,1,1,0.07,0.00,0.07,0.07,0.07,Matches,Scottish Premiership,2023-24,,,,,,,,,,,,,,,,,,,,,,,,,,,,
31,Cameron Borthwick-Jackson,eng ENG,DF,Ross County,26,1997,4,4,303,3.4,0,0,0,0,0,0,1,0,0.00,0.00,0.00,0.00,0.00,Matches,Scottish Premiership,2023-24,,,,,,,,,,,,,,,,,,,,,,,,,,,,
32,Maksymilian Boruc,pl POL,GK,Hibernian,20,2002,2,0,58,0.6,0,0,0,0,0,0,0,0,0.00,0.00,0.00,0.00,0.00,Matches,Scottish Premiership,2023-24,2.0,pl POL,GK,Hibernian,20.0,2002.0,2.0,0.0,58.0,0.6,2.0,3.1,3.0,1.0,33.3,0.0,0.0,0.0,0.0,,0.0,0.0,0.0,0.0,,Matches,Scottish Premiership,2023-24
33,Liam Boyce,nir NIR,"FW,MF",Hearts,32,1991,15,7,668,7.4,1,3,4,1,0,0,2,0,0.13,0.40,0.54,0.13,0.54,Matches,Scottish Premiership,2023-24,,,,,,,,,,,,,,,,,,,,,,,,,,,,
34,Fletcher Boyd,sct SCO,MF,Aberdeen,15,2008,2,0,20,0.2,2,0,2,2,0,0,0,0,9.00,0.00,9.00,9.00,9.00,Matches,Scottish Premiership,2023-24,,,,,,,,,,,,,,,,,,,,,,,,,,,,
35,Caolan Boyd-Munce,nir NIR,MF,St Mirren,23,2000,35,26,2215,24.6,0,4,4,0,0,0,3,0,0.00,0.16,0.16,0.00,0.16,Matches,Scottish Premiership,2023-24,,,,,,,,,,,,,,,,,,,,,,,,,,,,
36,Morgan Boyes,wls WAL,DF,Livingston,22,2001,1,0,1,0.0,0,0,0,0,0,0,0,0,0.00,0.00,0.00,0.00,0.00,Matches,Scottish Premiership,2023-24,,,,,,,,,,,,,,,,,,,,,,,,,,,,
37,Martin Boyle,au AUS,"MF,FW",Hibernian,30,1993,31,28,2489,27.7,5,3,8,5,0,1,6,0,0.18,0.11,0.29,0.18,0.29,Matches,Scottish Premiership,2023-24,,,,,,,,,,,,,,,,,,,,,,,,,,,,
38,Steven Bradley,sct SCO,MF,Livingston,21,2002,17,9,682,7.6,0,1,1,0,0,0,1,0,0.00,0.13,0.13,0.00,0.13,Matches,Scottish Premiership,2023-24,,,,,,,,,,,,,,,,,,,,,,,,,,,,
39,Jamie Brandon,sct SCO,"MF,DF",Livingston,25,1998,32,25,2124,23.6,0,0,0,0,0,0,7,0,0.00,0.00,0.00,0.00,0.00,Matches,Scottish Premiership,2023-24,,,,,,,,,,,,,,,,,,,,,,,,,,,,
40,Eamonn Brophy,sct SCO,FW,Ross County,27,1996,25,11,1131,12.6,3,2,5,3,0,0,1,0,0.24,0.16,0.40,0.24,0.40,Matches,Scottish Premiership,2023-24,,,,,,,,,,,,,,,,,,,,,,,,,,,,
41,Aaron Brown,sct SCO,FW,Kilmarnock,18,2005,1,0,2,0.0,0,0,0,0,0,0,0,0,0.00,0.00,0.00,0.00,0.00,Matches,Scottish Premiership,2023-24,,,,,,,,,,,,,,,,,,,,,,,,,,,,
42,Jaden Brown,eng ENG,MF,St Mirren,24,1999,7,1,165,1.8,0,0,0,0,0,0,0,0,0.00,0.00,0.00,0.00,0.00,Matches,Scottish Premiership,2023-24,,,,,,,,,,,,,,,,,,,,,,,,,,,,
43,James Brown,ie IRL,"MF,DF",Ross County,25,1998,31,26,2262,25.1,1,2,3,1,0,0,6,1,0.04,0.08,0.12,0.04,0.12,Matches,Scottish Premiership,2023-24,,,,,,,,,,,,,,,,,,,,,,,,,,,,
44,James Brown,mt MLT,"MF,DF",St Johnstone,25,1998,11,8,749,8.3,0,0,0,0,0,0,1,0,0.00,0.00,0.00,0.00,0.00,Matches,Scottish Premiership,2023-24,,,,,,,,,,,,,,,,,,,,,,,,,,,,
45,Rocky Bushiri,cd COD,DF,Hibernian,23,1999,27,25,2231,24.8,0,0,0,0,0,0,7,0,0.00,0.00,0.00,0.00,0.00,Matches,Scottish Premiership,2023-24,,,,,,,,,,,,,,,,,,,,,,,,,,,,
46,Calum Butcher,eng ENG,"DF,MF",Motherwell,32,1991,17,9,902,10.0,0,0,0,0,0,0,8,0,0.00,0.00,0.00,0.00,0.00,Matches,Scottish Premiership,2023-24,,,,,,,,,,,,,,,,,,,,,,,,,,,,
47,Jack Butland,eng ENG,GK,Rangers,30,1993,38,38,3420,38.0,0,0,0,0,0,0,1,0,0.00,0.00,0.00,0.00,0.00,Matches,Scottish Premiership,2023-24,3.0,eng ENG,GK,Rangers,30.0,1993.0,38.0,38.0,3420.0,38.0,32.0,0.84,107.0,78.0,72.9,27.0,4.0,7.0,18.0,47.4,4.0,3.0,1.0,0.0,25.0,Matches,Scottish Premiership,2023-24
48,Elvis Bwomono,ug UGA,MF,St Mirren,24,1998,13,10,788,8.8,0,0,0,0,0,0,0,0,0.00,0.00,0.00,0.00,0.00,Matches,Scottish Premiership,2023-24,,,,,,,,,,,,,,,,,,,,,,,,,,,,
49,Chris Cadden,sct SCO,DF,Hibernian,26,1996,11,9,839,9.3,1,0,1,1,0,0,0,0,0.11,0.00,0.11,0.11,0.11,Matches,Scottish Premiership,2023-24,,,,,,,,,,,,,,,,,,,,,,,,,,,,
50,Innes Cameron,sct SCO,FW,Kilmarnock,22,2000,10,1,209,2.3,1,0,1,1,0,0,1,0,0.43,0.00,0.43,0.43,0.43,Matches,Scottish Premiership,2023-24,,,,,,,,,,,,,,,,,,,,,,,,,,,,
51,Lyall Cameron,sct SCO,MF,Dundee,20,2002,32,28,2279,25.3,5,0,5,5,0,0,2,0,0.20,0.00,0.20,0.20,0.20,Matches,Scottish Premiership,2023-24,,,,,,,,,,,,,,,,,,,,,,,,,,,,
52,Josh Campbell,sct SCO,MF,Hibernian,23,2000,19,10,881,9.8,3,1,4,3,0,0,2,0,0.31,0.10,0.41,0.31,0.41,Matches,Scottish Premiership,2023-24,,,,,,,,,,,,,,,,,,,,,,,,,,,,
53,Todd Cantwell,eng ENG,MF,Rangers,25,1998,30,24,1926,21.4,7,5,12,7,0,0,5,0,0.33,0.23,0.56,0.33,0.56,Matches,Scottish Premiership,2023-24,,,,,,,,,,,,,,,,,,,,,,,,,,,,
54,Graham Carey,ie IRL,"MF,FW",St Johnstone,34,1989,36,29,2720,30.2,2,9,11,2,0,0,4,0,0.07,0.30,0.36,0.07,0.36,Matches,Scottish Premiership,2023-24,,,,,,,,,,,,,,,,,,,,,,,,,,,,
55,David Carson,eng ENG,MF,Livingston,27,1995,10,7,589,6.5,0,0,0,0,0,0,2,0,0.00,0.00,0.00,0.00,0.00,Matches,Scottish Premiership,2023-24,,,,,,,,,,,,,,,,,,,,,,,,,,,,
56,Trevor Carson,nir NIR,GK,Dundee,35,1988,25,25,2250,25.0,0,0,0,0,0,0,1,0,0.00,0.00,0.00,0.00,0.00,Matches,Scottish Premiership,2023-24,4.0,nir NIR,GK,Dundee,35.0,1988.0,25.0,25.0,2250.0,25.0,46.0,1.84,114.0,75.0,65.8,7.0,7.0,11.0,8.0,32.0,8.0,7.0,1.0,0.0,12.5,Matches,Scottish Premiership,2023-24
57,Cameron Carter-Vickers,us USA,DF,Celtic,25,1997,25,24,1971,21.9,1,1,2,1,0,0,0,0,0.05,0.05,0.09,0.05,0.09,Matches,Scottish Premiership,2023-24,,,,,,,,,,,,,,,,,,,,,,,,,,,,
58,Dan Casey,ie IRL,DF,Motherwell,25,1997,28,28,2481,27.6,3,2,5,3,0,0,8,0,0.11,0.07,0.18,0.11,0.18,Matches,Scottish Premiership,2023-24,,,,,,,,,,,,,,,,,,,,,,,,,,,,
59,José Cifuentes,ec ECU,MF,Rangers,24,1999,9,6,559,6.2,0,1,1,0,0,0,0,1,0.00,0.16,0.16,0.00,0.16,Matches,Scottish Premiership,2023-24,,,,,,,,,,,,,,,,,,,,,,,,,,,,
60,Nicky Clark,sct SCO,"FW,MF",St Johnstone,32,1991,21,16,1364,15.2,7,0,7,6,1,1,0,0,0.46,0.00,0.46,0.40,0.40,Matches,Scottish Premiership,2023-24,,,,,,,,,,,,,,,,,,,,,,,,,,,,
61,Zander Clark,sct SCO,GK,Hearts,31,1992,35,35,3150,35.0,0,0,0,0,0,0,0,0,0.00,0.00,0.00,0.00,0.00,Matches,Scottish Premiership,2023-24,5.0,sct SCO,GK,Hearts,31.0,1992.0,35.0,35.0,3150.0,35.0,38.0,1.09,133.0,101.0,74.4,18.0,7.0,10.0,13.0,37.1,8.0,4.0,2.0,2.0,33.3,Matches,Scottish Premiership,2023-24
62,Leighton Clarkson,eng ENG,MF,Aberdeen,21,2001,36,29,2647,29.4,3,3,6,3,0,0,2,0,0.10,0.10,0.20,0.10,0.20,Matches,Scottish Premiership,2023-24,,,,,,,,,,,,,,,,,,,,,,,,,,,,
63,Alex Cochrane,eng ENG,"MF,DF",Hearts,23,2000,31,31,2649,29.4,0,4,4,0,0,0,7,0,0.00,0.14,0.14,0.00,0.14,Matches,Scottish Premiership,2023-24,,,,,,,,,,,,,,,,,,,,,,,,,,,,
64,Andrew Considine,sct SCO,DF,St Johnstone,36,1987,29,25,2293,25.5,1,0,1,1,0,0,2,0,0.04,0.00,0.04,0.04,0.04,Matches,Scottish Premiership,2023-24,,,,,,,,,,,,,,,,,,,,,,,,,,,,
65,Oscar Cortés,co COL,MF,Rangers,19,2003,6,3,317,3.5,1,1,2,1,0,0,0,0,0.28,0.28,0.57,0.28,0.57,Matches,Scottish Premiership,2023-24,,,,,,,,,,,,,,,,,,,,,,,,,,,,
66,Dara Costelloe,ie IRL,"MF,FW",Dundee,20,2002,16,8,779,8.7,0,2,2,0,0,0,4,0,0.00,0.23,0.23,0.00,0.23,Matches,Scottish Premiership,2023-24,,,,,,,,,,,,,,,,,,,,,,,,,,,,
67,Dara Costelloe,ie IRL,"MF,FW",St Johnstone,20,2002,12,9,788,8.8,1,0,1,1,0,0,1,1,0.11,0.00,0.11,0.11,0.11,Matches,Scottish Premiership,2023-24,,,,,,,,,,,,,,,,,,,,,,,,,,,,
68,Andrew Dallas,sct SCO,"FW,MF",Kilmarnock,24,1999,14,0,229,2.5,0,1,1,0,0,0,0,0,0.00,0.39,0.39,0.00,0.39,Matches,Scottish Premiership,2023-24,,,,,,,,,,,,,,,,,,,,,,,,,,,,
69,Danilo,br BRA,FW,Rangers,24,1999,12,5,533,5.9,4,1,5,4,0,0,0,0,0.68,0.17,0.84,0.68,0.84,Matches,Scottish Premiership,2023-24,,,,,,,,,,,,,,,,,,,,,,,,,,,,
70,Ben Davies,eng ENG,DF,Rangers,27,1995,8,7,656,7.3,1,0,1,1,0,0,1,0,0.14,0.00,0.14,0.14,0.14,Matches,Scottish Premiership,2023-24,,,,,,,,,,,,,,,,,,,,,,,,,,,,
71,Thomas Davies,wls WAL,"MF,DF",Kilmarnock,19,2003,6,3,250,2.8,0,0,0,0,0,0,0,0,0.00,0.00,0.00,0.00,0.00,Matches,Scottish Premiership,2023-24,,,,,,,,,,,,,,,,,,,,,,,,,,,,
72,Robbie Deas,sct SCO,DF,Kilmarnock,23,2000,30,25,2176,24.2,1,0,1,1,0,0,11,1,0.04,0.00,0.04,0.04,0.04,Matches,Scottish Premiership,2023-24,,,,,,,,,,,,,,,,,,,,,,,,,,,,
73,Allan Delferriere,be BEL,"MF,DF",Hibernian,21,2002,3,2,115,1.3,0,0,0,0,0,0,0,0,0.00,0.00,0.00,0.00,0.00,Matches,Scottish Premiership,2023-24,,,,,,,,,,,,,,,,,,,,,,,,,,,,
74,Aidan Denholm,sct SCO,"MF,FW",Hearts,19,2003,17,9,633,7.0,0,1,1,0,0,0,1,0,0.00,0.14,0.14,0.00,0.14,Matches,Scottish Premiership,2023-24,,,,,,,,,,,,,,,,,,,,,,,,,,,,
75,Will Dennis,eng ENG,GK,Kilmarnock,23,2000,36,36,3193,35.5,0,0,0,0,0,0,2,0,0.00,0.00,0.00,0.00,0.00,Matches,Scottish Premiership,2023-24,6.0,eng ENG,GK,Kilmarnock,23.0,2000.0,36.0,36.0,3193.0,35.5,36.0,1.01,144.0,110.0,76.4,14.0,13.0,9.0,12.0,33.3,6.0,2.0,2.0,2.0,50.0,Matches,Scottish Premiership,2023-24
76,Cyriel Dessers,ng NGA,FW,Rangers,28,1994,35,27,2274,25.3,16,4,20,16,0,0,0,0,0.63,0.16,0.79,0.63,0.79,Matches,Scottish Premiership,2023-24,,,,,,,,,,,,,,,,,,,,,,,,,,,,
77,Adam Devine,sct SCO,MF,Motherwell,20,2003,10,6,496,5.5,1,0,1,1,0,0,0,0,0.18,0.00,0.18,0.18,0.18,Matches,Scottish Premiership,2023-24,,,,,,,,,,,,,,,,,,,,,,,,,,,,
78,Cammy Devlin,au AUS,MF,Hearts,25,1998,24,16,1343,14.9,1,1,2,1,0,0,7,0,0.07,0.07,0.13,0.07,0.13,Matches,Scottish Premiership,2023-24,,,,,,,,,,,,,,,,,,,,,,,,,,,,
79,Michael Devlin,sct SCO,DF,Livingston,29,1993,29,26,2371,26.3,0,1,1,0,0,0,11,0,0.00,0.04,0.04,0.00,0.04,Matches,Scottish Premiership,2023-24,,,,,,,,,,,,,,,,,,,,,,,,,,,,
80,Nicky Devlin,sct SCO,"DF,MF",Aberdeen,29,1993,37,37,3201,35.6,2,1,3,2,0,0,6,0,0.06,0.03,0.08,0.06,0.08,Matches,Scottish Premiership,2023-24,,,,,,,,,,,,,,,,,,,,,,,,,,,,
81,Yan Dhanda,eng ENG,MF,Ross County,24,1998,35,32,2500,27.8,5,4,9,4,1,1,6,0,0.18,0.14,0.32,0.14,0.29,Matches,Scottish Premiership,2023-24,,,,,,,,,,,,,,,,,,,,,,,,,,,,
82,Mohamed Diomandé,ci CIV,MF,Rangers,21,2001,13,11,935,10.4,2,0,2,2,0,0,1,0,0.19,0.00,0.19,0.19,0.19,Matches,Scottish Premiership,2023-24,,,,,,,,,,,,,,,,,,,,,,,,,,,,
83,Owen Dodgson,eng ENG,"DF,MF",Dundee,20,2003,16,13,1184,13.2,0,2,2,0,0,0,4,0,0.00,0.15,0.15,0.00,0.15,Matches,Scottish Premiership,2023-24,,,,,,,,,,,,,,,,,,,,,,,,,,,,
84,Christian Doidge,wls WAL,FW,Hibernian,30,1992,18,6,651,7.2,3,2,5,3,0,0,2,0,0.41,0.28,0.69,0.41,0.69,Matches,Scottish Premiership,2023-24,,,,,,,,,,,,,,,,,,,,,,,,,,,,
85,Shaun Donnellan,ie IRL,DF,Livingston,26,1996,3,3,218,2.4,0,0,0,0,0,0,0,0,0.00,0.00,0.00,0.00,0.00,Matches,Scottish Premiership,2023-24,,,,,,,,,,,,,,,,,,,,,,,,,,,,
86,Aaron Donnelly,nir NIR,DF,Dundee,20,2003,21,18,1639,18.2,0,3,3,0,0,0,4,0,0.00,0.16,0.16,0.00,0.16,Matches,Scottish Premiership,2023-24,,,,,,,,,,,,,,,,,,,,,,,,,,,,
87,Liam Donnelly,nir NIR,MF,Kilmarnock,27,1996,27,20,1683,18.7,0,0,0,0,0,0,8,0,0.00,0.00,0.00,0.00,0.00,Matches,Scottish Premiership,2023-24,,,,,,,,,,,,,,,,,,,,,,,,,,,,
88,Ross Doohan,sct SCO,GK,Aberdeen,25,1998,1,1,90,1.0,0,0,0,0,0,0,0,0,0.00,0.00,0.00,0.00,0.00,Matches,Scottish Premiership,2023-24,7.0,sct SCO,GK,Aberdeen,25.0,1998.0,1.0,1.0,90.0,1.0,1.0,1.0,1.0,1.0,100.0,1.0,0.0,0.0,0.0,0.0,1.0,1.0,0.0,0.0,0.0,Matches,Scottish Premiership,2023-24
89,Kieran Dowell,eng ENG,MF,Rangers,25,1997,12,5,494,5.5,2,2,4,2,0,0,1,0,0.36,0.36,0.73,0.36,0.73,Matches,Scottish Premiership,2023-24,,,,,,,,,,,,,,,,,,,,,,,,,,,,
90,Jake Doyle-Hayes,ie IRL,MF,Hibernian,24,1998,1,1,80,0.9,0,0,0,0,0,0,1,0,0.00,0.00,0.00,0.00,0.00,Matches,Scottish Premiership,2023-24,,,,,,,,,,,,,,,,,,,,,,,,,,,,
91,Duk,cv CPV,"FW,MF",Aberdeen,23,2000,34,16,1642,18.2,4,5,9,4,0,0,4,0,0.22,0.27,0.49,0.22,0.49,Matches,Scottish Premiership,2023-24,,,,,,,,,,,,,,,,,,,,,,,,,,,,
92,Ryan Duncan,sct SCO,"MF,DF",Aberdeen,19,2004,9,2,310,3.4,0,1,1,0,0,0,0,0,0.00,0.29,0.29,0.00,0.29,Matches,Scottish Premiership,2023-24,,,,,,,,,,,,,,,,,,,,,,,,,,,,
93,Charles Dunne,ie IRL,DF,St Mirren,30,1993,21,5,766,8.5,1,0,1,1,0,0,0,0,0.12,0.00,0.12,0.12,0.12,Matches,Scottish Premiership,2023-24,,,,,,,,,,,,,,,,,,,,,,,,,,,,
94,Moses Ebiye,ng NGA,FW,Motherwell,26,1997,6,0,87,1.0,2,0,2,2,0,0,0,0,2.07,0.00,2.07,2.07,2.07,Matches,Scottish Premiership,2023-24,,,,,,,,,,,,,,,,,,,,,,,,,,,,
95,Michee Efete,cg CGO,"MF,DF",Ross County,24,1999,16,14,1236,13.7,0,0,0,0,0,0,2,0,0.00,0.00,0.00,0.00,0.00,Matches,Scottish Premiership,2023-24,,,,,,,,,,,,,,,,,,,,,,,,,,,,
96,Joe Efford,us USA,FW,Motherwell,26,1996,2,1,48,0.5,0,0,0,0,0,0,0,0,0.00,0.00,0.00,0.00,0.00,Matches,Scottish Premiership,2023-24,,,,,,,,,,,,,,,,,,,,,,,,,,,,
97,Luis Enrique Palma,hn HON,FW,Celtic,23,2000,28,18,1483,16.5,7,9,16,5,2,4,2,0,0.42,0.55,0.97,0.30,0.85,Matches,Scottish Premiership,2023-24,,,,,,,,,,,,,,,,,,,,,,,,,,,,
98,Mark Ferrie,sct SCO,FW,Motherwell,17,2005,5,0,46,0.5,0,0,0,0,0,0,0,0,0.00,0.00,0.00,0.00,0.00,Matches,Scottish Premiership,2023-24,,,,,,,,,,,,,,,,,,,,,,,,,,,,
99,Stuart Findlay,sct SCO,DF,Kilmarnock,27,1995,37,37,3330,37.0,0,0,0,0,0,0,5,0,0.00,0.00,0.00,0.00,0.00,Matches,Scottish Premiership,2023-24,,,,,,,,,,,,,,,,,,,,,,,,,,,,
100,Will Fish,eng ENG,DF,Hibernian,20,2003,34,34,2943,32.7,1,1,2,1,0,0,6,0,0.03,0.03,0.06,0.03,0.06,Matches,Scottish Premiership,2023-24,,,,,,,,,,,,,,,,,,,,,,,,,,,,
101,Ryan Flynn,sct SCO,MF,St Mirren,34,1988,11,5,394,4.4,0,0,0,0,0,0,1,0,0.00,0.00,0.00,0.00,0.00,Matches,Scottish Premiership,2023-24,,,,,,,,,,,,,,,,,,,,,,,,,,,,
102,Alan Forrest,sct SCO,"MF,FW",Hearts,26,1996,33,20,1936,21.5,4,5,9,4,0,0,3,0,0.19,0.23,0.42,0.19,0.42,Matches,Scottish Premiership,2023-24,,,,,,,,,,,,,,,,,,,,,,,,,,,,
103,James Forrest,sct SCO,FW,Celtic,32,1991,22,6,665,7.4,6,1,7,6,0,0,0,0,0.81,0.14,0.95,0.81,0.95,Matches,Scottish Premiership,2023-24,,,,,,,,,,,,,,,,,,,,,,,,,,,,
104,Fran Franczak,,"MF,DF",St Johnstone,,,8,6,397,4.4,0,0,0,0,0,0,1,0,0.00,0.00,0.00,0.00,0.00,Matches,Scottish Premiership,2023-24,,,,,,,,,,,,,,,,,,,,,,,,,,,,
105,Marcus Fraser,sct SCO,DF,St Mirren,29,1994,38,37,3324,36.9,1,0,1,1,0,0,2,0,0.03,0.00,0.03,0.03,0.03,Matches,Scottish Premiership,2023-24,,,,,,,,,,,,,,,,,,,,,,,,,,,,
106,Robbie Fraser,sct SCO,DF,Rangers,20,2003,2,1,89,1.0,0,0,0,0,0,0,0,0,0.00,0.00,0.00,0.00,0.00,Matches,Scottish Premiership,2023-24,,,,,,,,,,,,,,,,,,,,,,,,,,,,
107,Scott Fraser,sct SCO,MF,Hearts,28,1995,11,4,423,4.7,0,1,1,0,0,0,0,0,0.00,0.21,0.21,0.00,0.21,Matches,Scottish Premiership,2023-24,,,,,,,,,,,,,,,,,,,,,,,,,,,,
108,Kyogo Furuhashi,jp JPN,FW,Celtic,28,1995,38,31,2481,27.6,14,5,19,14,0,0,2,0,0.51,0.18,0.69,0.51,0.69,Matches,Scottish Premiership,2023-24,,,,,,,,,,,,,,,,,,,,,,,,,,,,
109,Tony Gallacher,sct SCO,"MF,DF",St Johnstone,24,1999,17,12,1132,12.6,1,0,1,1,0,0,1,0,0.08,0.00,0.08,0.08,0.08,Matches,Scottish Premiership,2023-24,,,,,,,,,,,,,,,,,,,,,,,,,,,,
110,Stefan Gartenmann,ch SUI,DF,Aberdeen,26,1997,33,33,2950,32.8,3,0,3,3,0,0,6,0,0.09,0.00,0.09,0.09,0.09,Matches,Scottish Premiership,2023-24,,,,,,,,,,,,,,,,,,,,,,,,,,,,
111,Georgie Gent,eng ENG,MF,Motherwell,19,2003,29,19,1877,20.9,1,5,6,1,0,0,5,0,0.05,0.24,0.29,0.05,0.29,Matches,Scottish Premiership,2023-24,,,,,,,,,,,,,,,,,,,,,,,,,,,,
112,Shamal George,eng ENG,GK,Livingston,25,1998,32,32,2812,31.2,0,0,0,0,0,0,2,0,0.00,0.00,0.00,0.00,0.00,Matches,Scottish Premiership,2023-24,8.0,eng ENG,GK,Livingston,25.0,1998.0,32.0,32.0,2812.0,31.2,56.0,1.79,140.0,89.0,62.9,5.0,9.0,18.0,5.0,15.6,6.0,4.0,1.0,1.0,20.0,Matches,Scottish Premiership,2023-24
113,Brodie Gilmore,nir NIR,"MF,DF",Motherwell,19,2004,18,17,1495,16.6,0,1,1,0,0,0,7,0,0.00,0.06,0.06,0.00,0.06,Matches,Scottish Premiership,2023-24,,,,,,,,,,,,,,,,,,,,,,,,,,,,
114,Alex Gogić,cy CYP,DF,St Mirren,29,1994,38,38,3420,38.0,2,1,3,2,0,0,7,0,0.05,0.03,0.08,0.05,0.08,Matches,Scottish Premiership,2023-24,,,,,,,,,,,,,,,,,,,,,,,,,,,,
115,Connor Goldson,eng ENG,DF,Rangers,30,1992,30,30,2694,29.9,0,1,1,0,0,0,7,0,0.00,0.03,0.03,0.00,0.03,Matches,Scottish Premiership,2023-24,,,,,,,,,,,,,,,,,,,,,,,,,,,,
116,Craig Gordon,sct SCO,GK,Hearts,40,1982,3,3,270,3.0,0,0,0,0,0,0,0,0,0.00,0.00,0.00,0.00,0.00,Matches,Scottish Premiership,2023-24,9.0,sct SCO,GK,Hearts,40.0,1982.0,3.0,3.0,270.0,3.0,4.0,1.33,12.0,8.0,66.7,2.0,1.0,0.0,0.0,0.0,0.0,0.0,0.0,0.0,,Matches,Scottish Premiership,2023-24
117,Liam Gordon,sct SCO,DF,St Johnstone,27,1996,32,31,2647,29.4,0,0,0,0,0,0,3,1,0.00,0.00,0.00,0.00,0.00,Matches,Scottish Premiership,2023-24,,,,,,,,,,,,,,,,,,,,,,,,,,,,
118,Jorge Grant,eng ENG,MF,Hearts,28,1994,27,15,1372,15.2,4,4,8,1,3,3,0,0,0.26,0.26,0.52,0.07,0.33,Matches,Scottish Premiership,2023-24,,,,,,,,,,,,,,,,,,,,,,,,,,,,
119,Alex Greive,nz NZL,FW,St Mirren,24,1999,18,2,447,5.0,2,0,2,2,0,0,0,0,0.40,0.00,0.40,0.40,0.40,Matches,Scottish Premiership,2023-24,,,,,,,,,,,,,,,,,,,,,,,,,,,,
120,Kurtis Guthrie,eng ENG,FW,Livingston,30,1993,26,11,1153,12.8,1,1,2,1,0,0,2,0,0.08,0.08,0.16,0.08,0.16,Matches,Scottish Premiership,2023-24,,,,,,,,,,,,,,,,,,,,,,,,,,,,
121,Pape Habib Guèye,sn SEN,FW,Aberdeen,23,1999,4,0,79,0.9,0,0,0,0,0,0,0,0,0.00,0.00,0.00,0.00,0.00,Matches,Scottish Premiership,2023-24,,,,,,,,,,,,,,,,,,,,,,,,,,,,
122,Sead Haksabanović,me MNE,"FW,MF",Celtic,24,1999,1,0,31,0.3,0,0,0,0,0,0,0,0,0.00,0.00,0.00,0.00,0.00,Matches,Scottish Premiership,2023-24,,,,,,,,,,,,,,,,,,,,,,,,,,,,
123,Craig Halkett,sct SCO,DF,Hearts,28,1995,9,4,370,4.1,0,0,0,0,0,0,1,0,0.00,0.00,0.00,0.00,0.00,Matches,Scottish Premiership,2023-24,,,,,,,,,,,,,,,,,,,,,,,,,,,,
124,Andy Halliday,sct SCO,"DF,MF",Hearts,31,1991,3,0,31,0.3,0,0,0,0,0,0,1,0,0.00,0.00,0.00,0.00,0.00,Matches,Scottish Premiership,2023-24,,,,,,,,,,,,,,,,,,,,,,,,,,,,
125,Andy Halliday,sct SCO,MF,Motherwell,31,1991,12,8,598,6.6,1,1,2,1,0,0,1,0,0.15,0.15,0.30,0.15,0.30,Matches,Scottish Premiership,2023-24,,,,,,,,,,,,,,,,,,,,,,,,,,,,
126,Jack Hamilton,sct SCO,GK,Livingston,29,1994,4,4,360,4.0,0,0,0,0,0,0,0,0,0.00,0.00,0.00,0.00,0.00,Matches,Scottish Premiership,2023-24,10.0,sct SCO,GK,Livingston,29.0,1994.0,4.0,4.0,360.0,4.0,6.0,1.5,23.0,18.0,73.9,0.0,0.0,4.0,0.0,0.0,1.0,0.0,1.0,0.0,100.0,Matches,Scottish Premiership,2023-24
127,Paul Hanlon,sct SCO,DF,Hibernian,33,1990,21,13,1278,14.2,1,1,2,1,0,0,1,0,0.07,0.07,0.14,0.07,0.14,Matches,Scottish Premiership,2023-24,,,,,,,,,,,,,,,,,,,,,,,,,,,,
128,Riley Harbottle,eng ENG,DF,Hibernian,22,2000,1,1,64,0.7,0,0,0,0,0,0,0,0,0.00,0.00,0.00,0.00,0.00,Matches,Scottish Premiership,2023-24,,,,,,,,,,,,,,,,,,,,,,,,,,,,
129,Peter Haring,at AUT,MF,Hearts,30,1993,6,5,420,4.7,0,0,0,0,0,0,2,0,0.00,0.00,0.00,0.00,0.00,Matches,Scottish Premiership,2023-24,,,,,,,,,,,,,,,,,,,,,,,,,,,,
130,George Harmon,eng ENG,"DF,MF",Ross County,22,2000,29,11,1130,12.6,1,3,4,1,0,0,3,0,0.08,0.24,0.32,0.08,0.32,Matches,Scottish Premiership,2023-24,,,,,,,,,,,,,,,,,,,,,,,,,,,,
131,Joe Hart,eng ENG,GK,Celtic,36,1987,37,37,3264,36.3,0,0,0,0,0,0,1,1,0.00,0.00,0.00,0.00,0.00,Matches,Scottish Premiership,2023-24,11.0,eng ENG,GK,Celtic,36.0,1987.0,37.0,37.0,3264.0,36.3,29.0,0.8,87.0,61.0,70.1,28.0,6.0,3.0,13.0,35.1,3.0,3.0,0.0,0.0,0.0,Matches,Scottish Premiership,2023-24
132,Reo Hatate,jp JPN,MF,Celtic,25,1997,16,12,980,10.9,3,4,7,2,1,2,1,0,0.28,0.37,0.64,0.18,0.55,Matches,Scottish Premiership,2023-24,,,,,,,,,,,,,,,,,,,,,,,,,,,,
133,Jonny Hayes,ie IRL,MF,Aberdeen,36,1987,14,8,749,8.3,1,0,1,1,0,0,3,0,0.12,0.00,0.12,0.12,0.12,Matches,Scottish Premiership,2023-24,,,,,,,,,,,,,,,,,,,,,,,,,,,,
134,Zachary Hemming,eng ENG,GK,St Mirren,23,2000,38,38,3420,38.0,0,0,0,0,0,0,3,0,0.00,0.00,0.00,0.00,0.00,Matches,Scottish Premiership,2023-24,12.0,eng ENG,GK,St Mirren,23.0,2000.0,38.0,38.0,3420.0,38.0,52.0,1.37,147.0,102.0,68.0,13.0,8.0,17.0,9.0,23.7,8.0,5.0,2.0,1.0,28.6,Matches,Scottish Premiership,2023-24
135,Ewan Henderson,sct SCO,MF,Hibernian,23,2000,1,0,20,0.2,0,0,0,0,0,0,0,0,0.00,0.00,0.00,0.00,0.00,Matches,Scottish Premiership,2023-24,,,,,,,,,,,,,,,,,,,,,,,,,,,,
136,Jay Henderson,sct SCO,"FW,MF",Ross County,21,2002,8,0,126,1.4,0,0,0,0,0,0,1,0,0.00,0.00,0.00,0.00,0.00,Matches,Scottish Premiership,2023-24,,,,,,,,,,,,,,,,,,,,,,,,,,,,
137,Scott High,sct SCO,MF,Ross County,22,2001,2,0,27,0.3,0,0,0,0,0,0,0,0,0.00,0.00,0.00,0.00,0.00,Matches,Scottish Premiership,2023-24,,,,,,,,,,,,,,,,,,,,,,,,,,,,
138,Elias Hoff Melkersen,no NOR,FW,Hibernian,20,2002,1,0,5,0.1,0,0,0,0,0,0,0,0,0.00,0.00,0.00,0.00,0.00,Matches,Scottish Premiership,2023-24,,,,,,,,,,,,,,,,,,,,,,,,,,,,
139,Junior Hoilett,ca CAN,MF,Aberdeen,33,1990,13,10,828,9.2,2,7,9,2,0,0,3,0,0.22,0.76,0.98,0.22,0.98,Matches,Scottish Premiership,2023-24,,,,,,,,,,,,,,,,,,,,,,,,,,,,
140,Jason Holt,sct SCO,MF,Livingston,30,1993,35,33,2868,31.9,0,1,1,0,0,0,6,0,0.00,0.03,0.03,0.00,0.03,Matches,Scottish Premiership,2023-24,,,,,,,,,,,,,,,,,,,,,,,,,,,,
141,Ryan Howley,wls WAL,MF,Dundee,19,2003,13,2,294,3.3,0,0,0,0,0,0,0,0,0.00,0.00,0.00,0.00,0.00,Matches,Scottish Premiership,2023-24,,,,,,,,,,,,,,,,,,,,,,,,,,,,
142,Kwon Hyeokkyu,kr KOR,MF,St Mirren,22,2001,8,8,546,6.1,0,0,0,0,0,0,0,0,0.00,0.00,0.00,0.00,0.00,Matches,Scottish Premiership,2023-24,,,,,,,,,,,,,,,,,,,,,,,,,,,,
143,Oh Hyeon-gyu,kr KOR,FW,Celtic,22,2001,20,3,625,6.9,5,0,5,5,0,0,1,0,0.72,0.00,0.72,0.72,0.72,Matches,Scottish Premiership,2023-24,,,,,,,,,,,,,,,,,,,,,,,,,,,,
144,Yang Hyunjun,kr KOR,FW,Celtic,21,2002,24,10,958,10.6,1,3,4,1,0,0,1,1,0.09,0.28,0.38,0.09,0.38,Matches,Scottish Premiership,2023-24,,,,,,,,,,,,,,,,,,,,,,,,,,,,
145,Adam Idah,ie IRL,FW,Celtic,22,2001,15,5,614,6.8,8,2,10,6,2,3,1,0,1.17,0.29,1.47,0.88,1.17,Matches,Scottish Premiership,2023-24,,,,,,,,,,,,,,,,,,,,,,,,,,,,
146,Tomoki Iwata,jp JPN,MF,Celtic,26,1997,19,9,933,10.4,1,1,2,1,0,0,1,0,0.10,0.10,0.19,0.10,0.19,Matches,Scottish Premiership,2023-24,,,,,,,,,,,,,,,,,,,,,,,,,,,,
147,Ryan Jack,sct SCO,MF,Rangers,31,1992,11,5,448,5.0,1,0,1,1,0,0,0,0,0.20,0.00,0.20,0.20,0.20,Matches,Scottish Premiership,2023-24,,,,,,,,,,,,,,,,,,,,,,,,,,,,
148,Diallang Jaiyesimi,eng ENG,"FW,MF",St Johnstone,25,1998,16,9,719,8.0,1,1,2,1,0,0,1,1,0.13,0.13,0.25,0.13,0.25,Matches,Scottish Premiership,2023-24,,,,,,,,,,,,,,,,,,,,,,,,,,,,
149,Lewis Jamieson,sct SCO,"FW,MF",St Mirren,21,2002,19,6,702,7.8,1,0,1,1,0,0,0,0,0.13,0.00,0.13,0.13,0.13,Matches,Scottish Premiership,2023-24,,,,,,,,,,,,,,,,,,,,,,,,,,,,
150,James Jeggo,au AUS,MF,Hibernian,31,1992,20,11,1074,11.9,0,0,0,0,0,0,2,0,0.00,0.00,0.00,0.00,0.00,Matches,Scottish Premiership,2023-24,,,,,,,,,,,,,,,,,,,,,,,,,,,,
151,Teddy Jenks,eng ENG,MF,Ross County,21,2002,6,5,460,5.1,0,0,0,0,0,0,1,0,0.00,0.00,0.00,0.00,0.00,Matches,Scottish Premiership,2023-24,,,,,,,,,,,,,,,,,,,,,,,,,,,,
152,Richard Jensen,fi FIN,DF,Aberdeen,27,1996,28,24,2120,23.6,0,1,1,0,0,0,4,0,0.00,0.04,0.04,0.00,0.04,Matches,Scottish Premiership,2023-24,,,,,,,,,,,,,,,,,,,,,,,,,,,,
153,Luke Jephcott,wls WAL,FW,St Johnstone,23,2000,8,3,290,3.2,0,0,0,0,0,0,0,0,0.00,0.00,0.00,0.00,0.00,Matches,Scottish Premiership,2023-24,,,,,,,,,,,,,,,,,,,,,,,,,,,,
154,Alistair Johnston,ca CAN,DF,Celtic,24,1998,32,32,2614,29.0,1,5,6,1,0,0,5,0,0.03,0.17,0.21,0.03,0.21,Matches,Scottish Premiership,2023-24,,,,,,,,,,,,,,,,,,,,,,,,,,,,
155,Michael Johnston,ie IRL,FW,Celtic,24,1999,9,3,306,3.4,2,0,2,2,0,0,0,0,0.59,0.00,0.59,0.59,0.59,Matches,Scottish Premiership,2023-24,,,,,,,,,,,,,,,,,,,,,,,,,,,,
156,Chris Kane,sct SCO,FW,St Johnstone,28,1994,15,7,790,8.8,1,0,1,1,0,1,3,0,0.11,0.00,0.11,0.11,0.11,Matches,Scottish Premiership,2023-24,,,,,,,,,,,,,,,,,,,,,,,,,,,,
157,Daniel Kelly,sct SCO,MF,Celtic,17,2005,4,0,89,1.0,1,0,1,1,0,0,1,0,1.01,0.00,1.01,1.01,1.01,Matches,Scottish Premiership,2023-24,,,,,,,,,,,,,,,,,,,,,,,,,,,,
158,Liam Kelly,sct SCO,GK,Motherwell,27,1996,38,38,3420,38.0,0,0,0,0,0,0,3,0,0.00,0.00,0.00,0.00,0.00,Matches,Scottish Premiership,2023-24,13.0,sct SCO,GK,Motherwell,27.0,1996.0,38.0,38.0,3420.0,38.0,59.0,1.55,145.0,94.0,63.4,10.0,13.0,15.0,3.0,7.9,8.0,6.0,2.0,0.0,25.0,Matches,Scottish Premiership,2023-24
159,Sean Kelly,sct SCO,"DF,MF",Livingston,29,1993,23,21,1856,20.6,4,0,4,0,4,4,1,0,0.19,0.00,0.19,0.00,0.00,Matches,Scottish Premiership,2023-24,,,,,,,,,,,,,,,,,,,,,,,,,,,,
160,Stephen Kelly,sct SCO,"MF,FW",Livingston,23,2000,28,17,1510,16.8,2,2,4,2,0,0,1,0,0.12,0.12,0.24,0.12,0.24,Matches,Scottish Premiership,2023-24,,,,,,,,,,,,,,,,,,,,,,,,,,,,
161,David Keltjens,il ISR,"DF,MF",St Johnstone,28,1995,14,14,1143,12.7,1,0,1,1,0,0,4,0,0.08,0.00,0.08,0.08,0.08,Matches,Scottish Premiership,2023-24,,,,,,,,,,,,,,,,,,,,,,,,,,,,
162,Matty Kennedy,nir NIR,"MF,FW",Kilmarnock,28,1994,35,30,2747,30.5,3,3,6,3,0,0,3,0,0.10,0.10,0.20,0.10,0.20,Matches,Scottish Premiership,2023-24,,,,,,,,,,,,,,,,,,,,,,,,,,,,
163,Frankie Kent,eng ENG,DF,Hearts,27,1995,35,35,3150,35.0,0,4,4,0,0,0,4,0,0.00,0.11,0.11,0.00,0.11,Matches,Scottish Premiership,2023-24,,,,,,,,,,,,,,,,,,,,,,,,,,,,
164,Cammy Kerr,sct SCO,"DF,MF",Dundee,27,1995,10,4,502,5.6,0,0,0,0,0,0,1,0,0.00,0.00,0.00,0.00,0.00,Matches,Scottish Premiership,2023-24,,,,,,,,,,,,,,,,,,,,,,,,,,,,
165,Brandon Khela,eng ENG,MF,Ross County,18,2005,14,3,355,3.9,0,0,0,0,0,0,0,0,0.00,0.00,0.00,0.00,0.00,Matches,Scottish Premiership,2023-24,,,,,,,,,,,,,,,,,,,,,,,,,,,,
166,Greg Kiltie,sct SCO,"FW,MF",St Mirren,26,1997,34,34,2645,29.4,4,5,9,1,3,3,1,0,0.14,0.17,0.31,0.03,0.20,Matches,Scottish Premiership,2023-24,,,,,,,,,,,,,,,,,,,,,,,,,,,,
167,Eli King,wls WAL,MF,Ross County,20,2002,15,14,1171,13.0,0,2,2,0,0,0,1,0,0.00,0.15,0.15,0.00,0.15,Matches,Scottish Premiership,2023-24,,,,,,,,,,,,,,,,,,,,,,,,,,,,
168,Leon King,sct SCO,DF,Rangers,19,2004,5,2,177,2.0,0,1,1,0,0,0,0,0,0.00,0.51,0.51,0.00,0.51,Matches,Scottish Premiership,2023-24,,,,,,,,,,,,,,,,,,,,,,,,,,,,
169,Stephen Kingsley,sct SCO,DF,Hearts,29,1994,33,30,2636,29.3,1,0,1,1,0,0,0,0,0.03,0.00,0.03,0.03,0.03,Matches,Scottish Premiership,2023-24,,,,,,,,,,,,,,,,,,,,,,,,,,,,
170,Maksym Kucheriavyi,ua UKR,MF,St Johnstone,21,2002,28,17,1522,16.9,2,0,2,2,0,0,6,0,0.12,0.00,0.12,0.12,0.12,Matches,Scottish Premiership,2023-24,,,,,,,,,,,,,,,,,,,,,,,,,,,,
171,Nicolas-Gerrit Kühn,de GER,FW,Celtic,23,2000,14,9,780,8.7,2,2,4,2,0,0,1,0,0.23,0.23,0.46,0.23,0.46,Matches,Scottish Premiership,2023-24,,,,,,,,,,,,,,,,,,,,,,,,,,,,
172,Gustaf Lagerbielke,se SWE,DF,Celtic,23,2000,7,4,409,4.5,0,0,0,0,0,0,0,0,0.00,0.00,0.00,0.00,0.00,Matches,Scottish Premiership,2023-24,,,,,,,,,,,,,,,,,,,,,,,,,,,,
173,Ross Laidlaw,sct SCO,GK,Ross County,31,1992,25,25,2250,25.0,0,0,0,0,0,0,0,0,0.00,0.00,0.00,0.00,0.00,Matches,Scottish Premiership,2023-24,14.0,sct SCO,GK,Ross County,31.0,1992.0,25.0,25.0,2250.0,25.0,42.0,1.68,126.0,89.0,69.8,6.0,8.0,11.0,5.0,20.0,5.0,4.0,1.0,0.0,20.0,Matches,Scottish Premiership,2023-24
174,Ricki Lamie,sct SCO,DF,Dundee,30,1993,21,15,1346,15.0,1,1,2,1,0,0,2,0,0.07,0.07,0.13,0.07,0.13,Matches,Scottish Premiership,2023-24,,,,,,,,,,,,,,,,,,,,,,,,,,,,
175,Sam Lammers,nl NED,"MF,FW",Rangers,26,1997,17,10,844,9.4,2,2,4,2,0,0,1,0,0.21,0.21,0.43,0.21,0.43,Matches,Scottish Premiership,2023-24,,,,,,,,,,,,,,,,,,,,,,,,,,,,
176,Josh Landers,sct SCO,FW,Hibernian,16,2007,2,0,10,0.1,0,0,0,0,0,0,0,0,0.00,0.00,0.00,0.00,0.00,Matches,Scottish Premiership,2023-24,,,,,,,,,,,,,,,,,,,,,,,,,,,,
177,Samson Lawal,ng NGA,MF,Livingston,19,2004,2,0,25,0.3,0,0,0,0,0,0,1,0,0.00,0.00,0.00,0.00,0.00,Matches,Scottish Premiership,2023-24,,,,,,,,,,,,,,,,,,,,,,,,,,,,
178,Tom Lawrence,wls WAL,MF,Rangers,29,1994,23,12,1177,13.1,2,3,5,2,0,0,1,0,0.15,0.23,0.38,0.15,0.38,Matches,Scottish Premiership,2023-24,,,,,,,,,,,,,,,,,,,,,,,,,,,,
179,Adam le Fondre,eng ENG,FW,Hibernian,36,1986,24,8,986,11.0,5,1,6,4,1,1,1,0,0.46,0.09,0.55,0.37,0.46,Matches,Scottish Premiership,2023-24,,,,,,,,,,,,,,,,,,,,,,,,,,,,
180,Ryan Leak,wls WAL,DF,Ross County,25,1998,33,33,2868,31.9,0,0,0,0,0,0,8,0,0.00,0.00,0.00,0.00,0.00,Matches,Scottish Premiership,2023-24,,,,,,,,,,,,,,,,,,,,,,,,,,,,
181,Dexter Lembikisa,jm JAM,"MF,DF",Hearts,19,2003,14,12,986,11.0,2,0,2,2,0,0,1,0,0.18,0.00,0.18,0.18,0.18,Matches,Scottish Premiership,2023-24,,,,,,,,,,,,,,,,,,,,,,,,,,,,
182,Dylan Levitt,wls WAL,MF,Hibernian,22,2000,28,17,1398,15.5,2,2,4,2,0,0,6,0,0.13,0.13,0.26,0.13,0.26,Matches,Scottish Premiership,2023-24,,,,,,,,,,,,,,,,,,,,,,,,,,,,
183,Danny Lloyd,eng ENG,MF,Livingston,31,1991,4,1,83,0.9,0,0,0,0,0,0,1,0,0.00,0.00,0.00,0.00,0.00,Matches,Scottish Premiership,2023-24,,,,,,,,,,,,,,,,,,,,,,,,,,,,
184,Victor Loturi,ca CAN,MF,Ross County,22,2001,28,21,1768,19.6,1,0,1,1,0,0,8,0,0.05,0.00,0.05,0.05,0.05,Matches,Scottish Premiership,2023-24,,,,,,,,,,,,,,,,,,,,,,,,,,,,
185,Zak Lovelace,eng ENG,FW,Rangers,17,2006,2,1,47,0.5,0,0,0,0,0,0,1,0,0.00,0.00,0.00,0.00,0.00,Matches,Scottish Premiership,2023-24,,,,,,,,,,,,,,,,,,,,,,,,,,,,
186,Alexander lowry,sct SCO,MF,Hearts,20,2003,12,10,725,8.1,0,1,1,0,0,0,1,0,0.00,0.12,0.12,0.00,0.12,Matches,Scottish Premiership,2023-24,,,,,,,,,,,,,,,,,,,,,,,,,,,,
187,Luiyi de Lucas,do DOM,DF,Livingston,28,1994,12,11,997,11.1,1,0,1,1,0,0,1,0,0.09,0.00,0.09,0.09,0.09,Matches,Scottish Premiership,2023-24,,,,,,,,,,,,,,,,,,,,,,,,,,,,
188,John Lundstram,eng ENG,MF,Rangers,29,1994,34,33,2842,31.6,0,5,5,0,0,0,3,1,0.00,0.16,0.16,0.00,0.16,Matches,Scottish Premiership,2023-24,,,,,,,,,,,,,,,,,,,,,,,,,,,,
189,Brad Lyons,nir NIR,MF,Kilmarnock,26,1997,23,20,1690,18.8,2,0,2,2,0,0,7,0,0.11,0.00,0.11,0.11,0.11,Matches,Scottish Premiership,2023-24,,,,,,,,,,,,,,,,,,,,,,,,,,,,
190,Angus MacDonald,eng ENG,DF,Aberdeen,30,1992,21,15,1425,15.8,0,0,0,0,0,0,1,1,0.00,0.00,0.00,0.00,0.00,Matches,Scottish Premiership,2023-24,,,,,,,,,,,,,,,,,,,,,,,,,,,,
191,Jacob MacIntyre,sct SCO,MF,Hibernian,17,2006,1,0,13,0.1,0,0,0,0,0,0,0,0,0.00,0.00,0.00,0.00,0.00,Matches,Scottish Premiership,2023-24,,,,,,,,,,,,,,,,,,,,,,,,,,,,
192,Daniel Mackay,sct SCO,MF,Livingston,22,2001,24,11,1078,12.0,1,1,2,1,0,0,1,0,0.08,0.08,0.17,0.08,0.17,Matches,Scottish Premiership,2023-24,,,,,,,,,,,,,,,,,,,,,,,,,,,,
193,Gary Mackay-Steven,sct SCO,MF,Kilmarnock,32,1990,9,1,147,1.6,1,0,1,1,0,0,0,0,0.61,0.00,0.61,0.61,0.61,Matches,Scottish Premiership,2023-24,,,,,,,,,,,,,,,,,,,,,,,,,,,,
194,Jack MacKenzie,sct SCO,DF,Aberdeen,23,2000,27,25,2158,24.0,1,1,2,1,0,0,0,0,0.04,0.04,0.08,0.04,0.08,Matches,Scottish Premiership,2023-24,,,,,,,,,,,,,,,,,,,,,,,,,,,,
195,Cameron MacPherson,sct SCO,MF,St Johnstone,24,1998,12,4,485,5.4,0,0,0,0,0,0,3,0,0.00,0.00,0.00,0.00,0.00,Matches,Scottish Premiership,2023-24,,,,,,,,,,,,,,,,,,,,,,,,,,,,
196,Daizen Maeda,jp JPN,FW,Celtic,25,1997,28,25,2049,22.8,6,3,9,6,0,0,4,0,0.26,0.13,0.40,0.26,0.40,Matches,Scottish Premiership,2023-24,,,,,,,,,,,,,,,,,,,,,,,,,,,,
197,Kyle Magennis,sct SCO,MF,Kilmarnock,24,1998,8,7,560,6.2,0,0,0,0,0,0,1,0,0.00,0.00,0.00,0.00,0.00,Matches,Scottish Premiership,2023-24,,,,,,,,,,,,,,,,,,,,,,,,,,,,
198,Curtis Main,eng ENG,FW,Dundee,31,1992,14,4,474,5.3,0,0,0,0,0,0,3,0,0.00,0.00,0.00,0.00,0.00,Matches,Scottish Premiership,2023-24,,,,,,,,,,,,,,,,,,,,,,,,,,,,
199,Mikael Mandron,fr FRA,FW,St Mirren,28,1994,35,23,2023,22.5,8,3,11,8,0,1,2,0,0.36,0.13,0.49,0.36,0.49,Matches,Scottish Premiership,2023-24,,,,,,,,,,,,,,,,,,,,,,,,,,,,
200,Myziane Maolida,km COM,"MF,FW",Hibernian,24,1999,18,16,1381,15.3,10,2,12,8,2,2,1,0,0.65,0.13,0.78,0.52,0.65,Matches,Scottish Premiership,2023-24,,,,,,,,,,,,,,,,,,,,,,,,,,,,
201,Emiliano Marcondes,dk DEN,MF,Hibernian,28,1995,15,13,1171,13.0,3,0,3,3,0,0,2,0,0.23,0.00,0.23,0.23,0.23,Matches,Scottish Premiership,2023-24,,,,,,,,,,,,,,,,,,,,,,,,,,,,
202,David Marshall,sct SCO,GK,Hibernian,38,1985,33,33,2858,31.8,0,0,0,0,0,0,0,0,0.00,0.00,0.00,0.00,0.00,Matches,Scottish Premiership,2023-24,15.0,sct SCO,GK,Hibernian,38.0,1985.0,33.0,33.0,2858.0,31.8,48.0,1.51,124.0,85.0,66.9,10.0,11.0,12.0,9.0,27.3,10.0,7.0,2.0,1.0,22.2,Matches,Scottish Premiership,2023-24
203,Rabbi Matondo,wls WAL,"MF,FW",Rangers,22,2000,19,7,628,7.0,5,3,8,5,0,0,1,0,0.72,0.43,1.15,0.72,1.15,Matches,Scottish Premiership,2023-24,,,,,,,,,,,,,,,,,,,,,,,,,,,,
204,Stevie May,sct SCO,"FW,MF",St Johnstone,30,1992,28,8,887,9.9,0,2,2,0,0,0,4,0,0.00,0.20,0.20,0.00,0.20,Matches,Scottish Premiership,2023-24,,,,,,,,,,,,,,,,,,,,,,,,,,,,
205,Eliezer Mayenda,es ESP,FW,Hibernian,18,2005,2,0,58,0.6,0,0,0,0,0,0,0,0,0.00,0.00,0.00,0.00,0.00,Matches,Scottish Premiership,2023-24,,,,,,,,,,,,,,,,,,,,,,,,,,,,
206,Lewis Mayo,sct SCO,DF,Kilmarnock,23,2000,36,36,3207,35.6,1,0,1,1,0,0,5,1,0.03,0.00,0.03,0.03,0.03,Matches,Scottish Premiership,2023-24,,,,,,,,,,,,,,,,,,,,,,,,,,,,
207,Benjamin Mbunga-Kimpioka,se SWE,FW,St Johnstone,23,2000,17,7,671,7.5,3,0,3,3,0,0,1,0,0.40,0.00,0.40,0.40,0.40,Matches,Scottish Premiership,2023-24,,,,,,,,,,,,,,,,,,,,,,,,,,,,
208,Ross McCausland,nir NIR,"MF,FW",Rangers,20,2003,29,15,1534,17.0,3,4,7,3,0,0,0,0,0.18,0.23,0.41,0.18,0.41,Matches,Scottish Premiership,2023-24,,,,,,,,,,,,,,,,,,,,,,,,,,,,
209,Sam McClelland,nir NIR,DF,St Johnstone,21,2002,7,5,527,5.9,0,0,0,0,0,0,3,0,0.00,0.00,0.00,0.00,0.00,Matches,Scottish Premiership,2023-24,,,,,,,,,,,,,,,,,,,,,,,,,,,,
210,Luke McCowan,sct SCO,MF,Dundee,25,1997,37,37,3260,36.2,10,5,15,7,3,4,9,1,0.28,0.14,0.41,0.19,0.33,Matches,Scottish Premiership,2023-24,,,,,,,,,,,,,,,,,,,,,,,,,,,,
211,Jon McCracken,sct SCO,GK,Dundee,23,2000,12,12,1080,12.0,0,0,0,0,0,0,0,0,0.00,0.00,0.00,0.00,0.00,Matches,Scottish Premiership,2023-24,16.0,sct SCO,GK,Dundee,23.0,2000.0,12.0,12.0,1080.0,12.0,21.0,1.75,65.0,45.0,67.7,2.0,5.0,5.0,3.0,25.0,1.0,0.0,1.0,0.0,100.0,Matches,Scottish Premiership,2023-24
212,James McGarry,nz NZL,"MF,DF",Aberdeen,25,1998,13,7,579,6.4,0,0,0,0,0,0,1,0,0.00,0.00,0.00,0.00,0.00,Matches,Scottish Premiership,2023-24,,,,,,,,,,,,,,,,,,,,,,,,,,,,
213,Jordan McGhee,sct SCO,"DF,MF",Dundee,27,1996,33,32,2734,30.4,5,0,5,5,0,0,5,0,0.16,0.00,0.16,0.16,0.16,Matches,Scottish Premiership,2023-24,,,,,,,,,,,,,,,,,,,,,,,,,,,,
214,Nathan McGinley,eng ENG,DF,Motherwell,26,1996,2,0,19,0.2,0,0,0,0,0,0,1,0,0.00,0.00,0.00,0.00,0.00,Matches,Scottish Premiership,2023-24,,,,,,,,,,,,,,,,,,,,,,,,,,,,
215,Paul McGinn,sct SCO,"DF,MF",Motherwell,32,1990,31,29,2608,29.0,1,0,1,1,0,0,4,1,0.03,0.00,0.03,0.03,0.03,Matches,Scottish Premiership,2023-24,,,,,,,,,,,,,,,,,,,,,,,,,,,,
216,Michael McGovern,nir NIR,GK,Livingston,39,1984,3,2,214,2.4,0,0,0,0,0,0,0,0,0.00,0.00,0.00,0.00,0.00,Matches,Scottish Premiership,2023-24,17.0,nir NIR,GK,Livingston,39.0,1984.0,3.0,2.0,214.0,2.4,8.0,3.36,11.0,3.0,27.3,0.0,1.0,1.0,0.0,0.0,0.0,0.0,0.0,0.0,,Matches,Scottish Premiership,2023-24
217,Ryan McGowan,au AUS,DF,St Johnstone,33,1989,29,27,2461,27.3,1,0,1,1,0,0,7,0,0.04,0.00,0.04,0.04,0.04,Matches,Scottish Premiership,2023-24,,,,,,,,,,,,,,,,,,,,,,,,,,,,
218,Jamie McGrath,ie IRL,MF,Aberdeen,26,1996,34,31,2653,29.5,9,1,10,9,0,0,5,0,0.31,0.03,0.34,0.31,0.34,Matches,Scottish Premiership,2023-24,,,,,,,,,,,,,,,,,,,,,,,,,,,,
219,Callum McGregor,sct SCO,MF,Celtic,30,1993,35,33,2871,31.9,2,6,8,2,0,0,5,0,0.06,0.19,0.25,0.06,0.25,Matches,Scottish Premiership,2023-24,,,,,,,,,,,,,,,,,,,,,,,,,,,,
220,Barrie McKay,sct SCO,"MF,FW",Hearts,28,1994,11,4,405,4.5,0,2,2,0,0,0,0,0,0.00,0.44,0.44,0.00,0.44,Matches,Scottish Premiership,2023-24,,,,,,,,,,,,,,,,,,,,,,,,,,,,
221,Rory McKenzie,sct SCO,MF,Kilmarnock,29,1993,28,4,654,7.3,1,0,1,1,0,0,4,0,0.14,0.00,0.14,0.14,0.14,Matches,Scottish Premiership,2023-24,,,,,,,,,,,,,,,,,,,,,,,,,,,,
222,Cole McKinnon,sct SCO,MF,Rangers,20,2003,1,0,15,0.2,0,0,0,0,0,0,0,0,0.00,0.00,0.00,0.00,0.00,Matches,Scottish Premiership,2023-24,,,,,,,,,,,,,,,,,,,,,,,,,,,,
223,Harry McKirdy,eng ENG,"FW,MF",Hibernian,26,1997,2,0,22,0.2,0,1,1,0,0,0,0,0,0.00,4.09,4.09,0.00,4.09,Matches,Scottish Premiership,2023-24,,,,,,,,,,,,,,,,,,,,,,,,,,,,
224,Conor McMenamin,nir NIR,"FW,MF",St Mirren,27,1995,27,21,1759,19.5,1,1,2,1,0,0,4,0,0.05,0.05,0.10,0.05,0.10,Matches,Scottish Premiership,2023-24,,,,,,,,,,,,,,,,,,,,,,,,,,,,
225,Kanayochukwu Megwa,eng ENG,DF,Hibernian,19,2004,4,2,163,1.8,0,0,0,0,0,0,0,0,0.00,0.00,0.00,0.00,0.00,Matches,Scottish Premiership,2023-24,,,,,,,,,,,,,,,,,,,,,,,,,,,,
226,Michael Mellon,sct SCO,FW,Dundee,19,2003,14,3,456,5.1,3,2,5,3,0,0,3,0,0.59,0.39,0.99,0.59,0.99,Matches,Scottish Premiership,2023-24,,,,,,,,,,,,,,,,,,,,,,,,,,,,
227,Lennon Miller,sct SCO,MF,Motherwell,16,2006,25,20,1762,19.6,0,2,2,0,0,0,3,1,0.00,0.10,0.10,0.00,0.10,Matches,Scottish Premiership,2023-24,,,,,,,,,,,,,,,,,,,,,,,,,,,,
228,Lewis Miller,au AUS,DF,Hibernian,22,2000,21,20,1660,18.4,2,0,2,2,0,0,8,1,0.11,0.00,0.11,0.11,0.11,Matches,Scottish Premiership,2023-24,,,,,,,,,,,,,,,,,,,,,,,,,,,,
229,Jack Milne,sct SCO,MF,Aberdeen,20,2003,6,3,355,3.9,0,0,0,0,0,0,0,0,0.00,0.00,0.00,0.00,0.00,Matches,Scottish Premiership,2023-24,,,,,,,,,,,,,,,,,,,,,,,,,,,,
230,Bojan Miovski,mk MKD,FW,Aberdeen,24,1999,38,36,3142,34.9,16,2,18,12,4,5,3,0,0.46,0.06,0.52,0.34,0.40,Matches,Scottish Premiership,2023-24,,,,,,,,,,,,,,,,,,,,,,,,,,,,
231,Dimitar Mitov,bg BUL,GK,St Johnstone,26,1997,38,38,3420,38.0,0,0,0,0,0,0,4,0,0.00,0.00,0.00,0.00,0.00,Matches,Scottish Premiership,2023-24,18.0,bg BUL,GK,St Johnstone,26.0,1997.0,38.0,38.0,3420.0,38.0,54.0,1.42,182.0,136.0,74.2,8.0,11.0,19.0,7.0,18.4,8.0,7.0,1.0,0.0,12.5,Matches,Scottish Premiership,2023-24
232,Cristian Montaño,co COL,"DF,MF",Livingston,31,1991,16,10,942,10.5,1,1,2,1,0,0,4,1,0.10,0.10,0.19,0.10,0.19,Matches,Scottish Premiership,2023-24,,,,,,,,,,,,,,,,,,,,,,,,,,,,
233,Nathan Moriah-Welsh,gy GUY,MF,Hibernian,21,2002,14,9,768,8.5,0,0,0,0,0,0,2,0,0.00,0.00,0.00,0.00,0.00,Matches,Scottish Premiership,2023-24,,,,,,,,,,,,,,,,,,,,,,,,,,,,
234,Shayden Morris,eng ENG,MF,Aberdeen,21,2001,12,3,346,3.8,0,0,0,0,0,0,0,0,0.00,0.00,0.00,0.00,0.00,Matches,Scottish Premiership,2023-24,,,,,,,,,,,,,,,,,,,,,,,,,,,,
235,Bevis Mugabi,ug UGA,DF,Motherwell,28,1995,32,27,2288,25.4,2,0,2,2,0,0,2,0,0.08,0.00,0.08,0.08,0.08,Matches,Scottish Premiership,2023-24,,,,,,,,,,,,,,,,,,,,,,,,,,,,
236,Josh Mulligan,sct SCO,MF,Dundee,20,2002,18,6,803,8.9,1,0,1,1,0,0,2,1,0.11,0.00,0.11,0.11,0.11,Matches,Scottish Premiership,2023-24,,,,,,,,,,,,,,,,,,,,,,,,,,,,
237,Fraser Murray,sct SCO,MF,Kilmarnock,24,1999,15,1,141,1.6,0,1,1,0,0,0,0,0,0.00,0.64,0.64,0.00,0.64,Matches,Scottish Premiership,2023-24,,,,,,,,,,,,,,,,,,,,,,,,,,,,
238,Simon Murray,sct SCO,FW,Ross County,31,1992,37,36,2934,32.6,14,4,18,14,0,0,7,0,0.43,0.12,0.55,0.43,0.55,Matches,Scottish Premiership,2023-24,,,,,,,,,,,,,,,,,,,,,,,,,,,,
239,Stav Nachmani,il ISR,FW,St Mirren,21,2002,9,2,235,2.6,1,0,1,1,0,0,0,0,0.38,0.00,0.38,0.38,0.38,Matches,Scottish Premiership,2023-24,,,,,,,,,,,,,,,,,,,,,,,,,,,,
240,Maik Nawrocki,pl POL,DF,Celtic,22,2001,10,7,616,6.8,0,0,0,0,0,0,2,0,0.00,0.00,0.00,0.00,0.00,Matches,Scottish Premiership,2023-24,,,,,,,,,,,,,,,,,,,,,,,,,,,,
241,Corrie Ndaba,ie IRL,"DF,MF",Kilmarnock,23,1999,28,21,1857,20.6,1,0,1,1,0,0,2,1,0.05,0.00,0.05,0.05,0.05,Matches,Scottish Premiership,2023-24,,,,,,,,,,,,,,,,,,,,,,,,,,,,
242,Joe Newell,eng ENG,MF,Hibernian,30,1993,37,36,3186,35.4,2,5,7,2,0,0,10,0,0.06,0.14,0.20,0.06,0.20,Matches,Scottish Premiership,2023-24,,,,,,,,,,,,,,,,,,,,,,,,,,,,
243,Sam Nicholson,sct SCO,MF,Motherwell,28,1995,16,6,577,6.4,2,0,2,2,0,0,2,0,0.31,0.00,0.31,0.31,0.31,Matches,Scottish Premiership,2023-24,,,,,,,,,,,,,,,,,,,,,,,,,,,,
244,Calem Nieuwenhof,au AUS,MF,Hearts,22,2001,25,21,1854,20.6,1,2,3,1,0,0,4,0,0.05,0.10,0.15,0.05,0.15,Matches,Scottish Premiership,2023-24,,,,,,,,,,,,,,,,,,,,,,,,,,,,
245,Will Nightingale,eng ENG,DF,Ross County,27,1995,21,18,1717,19.1,0,0,0,0,0,0,6,1,0.00,0.00,0.00,0.00,0.00,Matches,Scottish Premiership,2023-24,,,,,,,,,,,,,,,,,,,,,,,,,,,,
246,Michael Nottingham,kn SKN,DF,Livingston,34,1989,26,21,1980,22.0,0,0,0,0,0,0,3,0,0.00,0.00,0.00,0.00,0.00,Matches,Scottish Premiership,2023-24,,,,,,,,,,,,,,,,,,,,,,,,,,,,
247,Joel Nouble,eng ENG,"MF,FW",Livingston,27,1996,32,28,2490,27.7,1,2,3,1,0,0,1,0,0.04,0.07,0.11,0.04,0.11,Matches,Scottish Premiership,2023-24,,,,,,,,,,,,,,,,,,,,,,,,,,,,
248,Stephen O'Donnell,sct SCO,"MF,DF",Motherwell,31,1992,37,32,2793,31.0,0,4,4,0,0,0,6,0,0.00,0.13,0.13,0.00,0.13,Matches,Scottish Premiership,2023-24,,,,,,,,,,,,,,,,,,,,,,,,,,,,
249,Kieran O'Hara,ie IRL,GK,Kilmarnock,27,1996,3,2,227,2.5,0,0,0,0,0,0,0,0,0.00,0.00,0.00,0.00,0.00,Matches,Scottish Premiership,2023-24,19.0,ie IRL,GK,Kilmarnock,27.0,1996.0,3.0,2.0,227.0,2.5,8.0,3.17,18.0,10.0,55.6,0.0,1.0,1.0,0.0,0.0,0.0,0.0,0.0,0.0,,Matches,Scottish Premiership,2023-24
250,Mark O'Hara,sct SCO,MF,St Mirren,27,1995,28,26,2317,25.7,6,3,9,2,4,6,4,0,0.23,0.12,0.35,0.08,0.19,Matches,Scottish Premiership,2023-24,,,,,,,,,,,,,,,,,,,,,,,,,,,,
251,Matt O'Riley,dk DEN,MF,Celtic,22,2000,37,37,3241,36.0,18,13,31,16,2,3,3,0,0.50,0.36,0.86,0.44,0.81,Matches,Scottish Premiership,2023-24,,,,,,,,,,,,,,,,,,,,,,,,,,,,
252,Jonathan Obika,eng ENG,FW,Motherwell,32,1990,10,2,253,2.8,1,0,1,1,0,0,0,0,0.36,0.00,0.36,0.36,0.36,Matches,Scottish Premiership,2023-24,,,,,,,,,,,,,,,,,,,,,,,,,,,,
253,Ayo Obileye,eng ENG,DF,Livingston,28,1994,30,29,2535,28.2,0,0,0,0,0,0,4,0,0.00,0.00,0.00,0.00,0.00,Matches,Scottish Premiership,2023-24,,,,,,,,,,,,,,,,,,,,,,,,,,,,
254,Jordan Obita,ug UGA,DF,Hibernian,29,1993,34,30,2791,31.0,1,0,1,1,0,0,6,0,0.03,0.00,0.03,0.03,0.03,Matches,Scottish Premiership,2023-24,,,,,,,,,,,,,,,,,,,,,,,,,,,,
255,Yutaro Oda,jp JPN,"MF,FW",Hearts,21,2001,25,11,992,11.0,5,1,6,5,0,0,2,0,0.45,0.09,0.54,0.45,0.54,Matches,Scottish Premiership,2023-24,,,,,,,,,,,,,,,,,,,,,,,,,,,,
256,Odeluga Offiah,eng ENG,"MF,DF",Hearts,20,2002,5,3,211,2.3,0,0,0,0,0,0,2,0,0.00,0.00,0.00,0.00,0.00,Matches,Scottish Premiership,2023-24,,,,,,,,,,,,,,,,,,,,,,,,,,,,
257,Oludare Olufunwa,eng ENG,"DF,MF",St Johnstone,22,2001,11,8,640,7.1,0,0,0,0,0,0,1,0,0.00,0.00,0.00,0.00,0.00,Matches,Scottish Premiership,2023-24,,,,,,,,,,,,,,,,,,,,,,,,,,,,
258,Toyosi Olusanya,eng ENG,FW,St Mirren,25,1997,35,14,1459,16.2,6,1,7,6,0,0,5,1,0.37,0.06,0.43,0.37,0.43,Matches,Scottish Premiership,2023-24,,,,,,,,,,,,,,,,,,,,,,,,,,,,
259,Tom Parkes,eng ENG,DF,Livingston,31,1992,9,3,249,2.8,0,0,0,0,0,0,2,0,0.00,0.00,0.00,0.00,0.00,Matches,Scottish Premiership,2023-24,,,,,,,,,,,,,,,,,,,,,,,,,,,,
260,Harry Paton,ca CAN,MF,Motherwell,25,1998,26,21,1913,21.3,2,0,2,2,0,0,4,1,0.09,0.00,0.09,0.09,0.09,Matches,Scottish Premiership,2023-24,,,,,,,,,,,,,,,,,,,,,,,,,,,,
261,James Penrice,sct SCO,"MF,DF",Livingston,24,1998,24,22,1898,21.1,0,2,2,0,0,0,3,0,0.00,0.09,0.09,0.00,0.09,Matches,Scottish Premiership,2023-24,,,,,,,,,,,,,,,,,,,,,,,,,,,,
262,Daniel Phillips,tt TRI,MF,St Johnstone,22,2001,33,32,2766,30.7,0,2,2,0,0,0,10,0,0.00,0.07,0.07,0.00,0.07,Matches,Scottish Premiership,2023-24,,,,,,,,,,,,,,,,,,,,,,,,,,,,
263,Killian Phillips,ie IRL,MF,Aberdeen,21,2002,10,3,307,3.4,0,0,0,0,0,0,0,0,0.00,0.00,0.00,0.00,0.00,Matches,Scottish Premiership,2023-24,,,,,,,,,,,,,,,,,,,,,,,,,,,,
264,Nathaniel Phillips,eng ENG,DF,Celtic,26,1997,6,3,317,3.5,0,0,0,0,0,0,1,0,0.00,0.00,0.00,0.00,0.00,Matches,Scottish Premiership,2023-24,,,,,,,,,,,,,,,,,,,,,,,,,,,,
265,Diego Pineda,mx MEX,FW,Dundee,28,1995,3,0,26,0.3,0,0,0,0,0,0,0,0,0.00,0.00,0.00,0.00,0.00,Matches,Scottish Premiership,2023-24,,,,,,,,,,,,,,,,,,,,,,,,,,,,
266,Scott Pittman,sct SCO,MF,Livingston,31,1992,29,27,2388,26.5,2,0,2,2,0,0,2,0,0.08,0.00,0.08,0.08,0.08,Matches,Scottish Premiership,2023-24,,,,,,,,,,,,,,,,,,,,,,,,,,,,
267,Finlay Pollock,sct SCO,MF,Hearts,18,2005,1,0,4,0.0,0,0,0,0,0,0,0,0,0.00,0.00,0.00,0.00,0.00,Matches,Scottish Premiership,2023-24,,,,,,,,,,,,,,,,,,,,,,,,,,,,
268,Dante Polvara,us USA,MF,Aberdeen,23,2000,28,17,1482,16.5,2,1,3,2,0,0,2,0,0.12,0.06,0.18,0.12,0.18,Matches,Scottish Premiership,2023-24,,,,,,,,,,,,,,,,,,,,,,,,,,,,
269,Liam Polworth,sct SCO,MF,Kilmarnock,28,1994,28,20,1835,20.4,0,3,3,0,0,0,2,0,0.00,0.15,0.15,0.00,0.15,Matches,Scottish Premiership,2023-24,,,,,,,,,,,,,,,,,,,,,,,,,,,,
270,Ben Purrington,eng ENG,"MF,DF",Ross County,27,1996,12,11,949,10.5,1,0,1,1,0,0,1,0,0.09,0.00,0.09,0.09,0.09,Matches,Scottish Premiership,2023-24,,,,,,,,,,,,,,,,,,,,,,,,,,,,
271,Anthony Ralston,sct SCO,DF,Celtic,24,1998,15,6,903,10.0,0,2,2,0,0,0,0,0,0.00,0.20,0.20,0.00,0.20,Matches,Scottish Premiership,2023-24,,,,,,,,,,,,,,,,,,,,,,,,,,,,
272,Connor Randall,eng ENG,MF,Ross County,27,1995,26,26,2224,24.7,1,0,1,1,0,0,4,0,0.04,0.00,0.04,0.04,0.04,Matches,Scottish Premiership,2023-24,,,,,,,,,,,,,,,,,,,,,,,,,,,,
273,Nicolas Raskin,be BEL,MF,Rangers,22,2001,18,13,1083,12.0,1,1,2,1,0,0,2,0,0.08,0.08,0.17,0.08,0.17,Matches,Scottish Premiership,2023-24,,,,,,,,,,,,,,,,,,,,,,,,,,,,
274,Josh Reid,sct SCO,"MF,DF",Ross County,21,2002,19,14,1183,13.1,0,1,1,0,0,0,5,0,0.00,0.08,0.08,0.00,0.08,Matches,Scottish Premiership,2023-24,,,,,,,,,,,,,,,,,,,,,,,,,,,,
275,Charlie Reilly,sct SCO,MF,Dundee,21,2001,7,0,94,1.0,0,0,0,0,0,0,0,0,0.00,0.00,0.00,0.00,0.00,Matches,Scottish Premiership,2023-24,,,,,,,,,,,,,,,,,,,,,,,,,,,,
276,Bailey Rice,sct SCO,DF,Rangers,16,2006,2,0,14,0.2,0,0,0,0,0,0,1,0,0.00,0.00,0.00,0.00,0.00,Matches,Scottish Premiership,2023-24,,,,,,,,,,,,,,,,,,,,,,,,,,,,
277,Finlay Robertson,sct SCO,MF,Dundee,20,2002,13,6,583,6.5,0,0,0,0,0,0,2,1,0.00,0.00,0.00,0.00,0.00,Matches,Scottish Premiership,2023-24,,,,,,,,,,,,,,,,,,,,,,,,,,,,
278,Luke Robinson,sct SCO,"DF,MF",St Johnstone,21,2001,32,32,2853,31.7,0,2,2,0,0,0,7,0,0.00,0.06,0.06,0.00,0.06,Matches,Scottish Premiership,2023-24,,,,,,,,,,,,,,,,,,,,,,,,,,,,
279,Zach Robinson,eng ENG,"FW,MF",Dundee,21,2002,21,10,903,10.0,3,0,3,3,0,1,0,0,0.30,0.00,0.30,0.30,0.30,Matches,Scottish Premiership,2023-24,,,,,,,,,,,,,,,,,,,,,,,,,,,,
280,Kemar Roofe,jm JAM,"FW,MF",Rangers,30,1993,15,6,460,5.1,1,0,1,1,0,0,0,0,0.20,0.00,0.20,0.20,0.20,Matches,Scottish Premiership,2023-24,,,,,,,,,,,,,,,,,,,,,,,,,,,,
281,Kelle Roos,nl NED,GK,Aberdeen,31,1992,37,37,3330,37.0,0,0,0,0,0,0,3,0,0.00,0.00,0.00,0.00,0.00,Matches,Scottish Premiership,2023-24,20.0,nl NED,GK,Aberdeen,31.0,1992.0,37.0,37.0,3330.0,37.0,51.0,1.38,162.0,121.0,74.7,11.0,12.0,14.0,8.0,21.6,11.0,10.0,0.0,1.0,0.0,Matches,Scottish Premiership,2023-24
282,Luca Ross,sct SCO,FW,Motherwell,16,2006,3,0,19,0.2,1,0,1,1,0,0,0,0,4.74,0.00,4.74,4.74,4.74,Matches,Scottish Premiership,2023-24,,,,,,,,,,,,,,,,,,,,,,,,,,,,
283,Kye Rowles,au AUS,DF,Hearts,25,1998,33,31,2742,30.5,0,0,0,0,0,0,5,0,0.00,0.00,0.00,0.00,0.00,Matches,Scottish Premiership,2023-24,,,,,,,,,,,,,,,,,,,,,,,,,,,,
284,Slobodan Rubežić,me MNE,DF,Aberdeen,23,2000,18,16,1430,15.9,0,0,0,0,0,0,7,0,0.00,0.00,0.00,0.00,0.00,Matches,Scottish Premiership,2023-24,,,,,,,,,,,,,,,,,,,,,,,,,,,,
285,Zak Rudden,sct SCO,FW,Dundee,23,2000,14,9,820,9.1,2,1,3,1,1,1,3,0,0.22,0.11,0.33,0.11,0.22,Matches,Scottish Premiership,2023-24,,,,,,,,,,,,,,,,,,,,,,,,,,,,
286,Alex Samuel,wls WAL,FW,Ross County,27,1995,14,1,270,3.0,0,0,0,0,0,0,0,0,0.00,0.00,0.00,0.00,0.00,Matches,Scottish Premiership,2023-24,,,,,,,,,,,,,,,,,,,,,,,,,,,,
287,Mohammed Sangare,lr LBR,"MF,DF",Livingston,24,1998,25,10,1025,11.4,1,1,2,1,0,0,4,0,0.09,0.09,0.18,0.09,0.18,Matches,Scottish Premiership,2023-24,,,,,,,,,,,,,,,,,,,,,,,,,,,,
288,Liam Scales,ie IRL,DF,Celtic,24,1998,34,33,2995,33.3,1,2,3,1,0,0,5,0,0.03,0.06,0.09,0.03,0.09,Matches,Scottish Premiership,2023-24,,,,,,,,,,,,,,,,,,,,,,,,,,,,
289,James Scott,sct SCO,FW,St Mirren,22,2000,11,4,354,3.9,1,0,1,1,0,0,0,0,0.25,0.00,0.25,0.25,0.25,Matches,Scottish Premiership,2023-24,,,,,,,,,,,,,,,,,,,,,,,,,,,,
290,Lawrence Shankland,sct SCO,FW,Hearts,27,1995,37,36,3259,36.2,24,4,28,21,3,6,8,0,0.66,0.11,0.77,0.58,0.69,Matches,Scottish Premiership,2023-24,,,,,,,,,,,,,,,,,,,,,,,,,,,,
291,Harrison Sharp,sct SCO,GK,Dundee,22,2001,1,1,90,1.0,0,0,0,0,0,0,0,0,0.00,0.00,0.00,0.00,0.00,Matches,Scottish Premiership,2023-24,21.0,sct SCO,GK,Dundee,22.0,2001.0,1.0,1.0,90.0,1.0,1.0,1.0,0.0,1.0,,1.0,0.0,0.0,0.0,0.0,2.0,1.0,1.0,0.0,50.0,Matches,Scottish Premiership,2023-24
292,Tommy Sharp,eng ENG,MF,Livingston,20,2003,1,0,1,0.0,0,0,0,0,0,0,0,0,0.00,0.00,0.00,0.00,0.00,Matches,Scottish Premiership,2023-24,,,,,,,,,,,,,,,,,,,,,,,,,,,,
293,Joe Shaughnessy,ie IRL,DF,Dundee,31,1992,33,33,2844,31.6,4,1,5,4,0,0,2,0,0.13,0.03,0.16,0.13,0.16,Matches,Scottish Premiership,2023-24,,,,,,,,,,,,,,,,,,,,,,,,,,,,
294,Oli Shaw,sct SCO,"MF,FW",Motherwell,24,1998,19,2,368,4.1,0,2,2,0,0,0,1,0,0.00,0.49,0.49,0.00,0.49,Matches,Scottish Premiership,2023-24,,,,,,,,,,,,,,,,,,,,,,,,,,,,
295,Max Sheaf,eng ENG,MF,Ross County,23,2000,15,7,718,8.0,0,0,0,0,0,0,3,0,0.00,0.00,0.00,0.00,0.00,Matches,Scottish Premiership,2023-24,,,,,,,,,,,,,,,,,,,,,,,,,,,,
296,Andrew Shinnie,sct SCO,MF,Livingston,34,1989,33,24,1933,21.5,3,0,3,2,1,2,3,0,0.14,0.00,0.14,0.09,0.09,Matches,Scottish Premiership,2023-24,,,,,,,,,,,,,,,,,,,,,,,,,,,,
297,Graeme Shinnie,sct SCO,MF,Aberdeen,31,1991,37,35,3032,33.7,1,3,4,1,0,0,11,1,0.03,0.09,0.12,0.03,0.12,Matches,Scottish Premiership,2023-24,,,,,,,,,,,,,,,,,,,,,,,,,,,,
298,Toby Sibbick,ug UGA,"DF,MF",Hearts,24,1999,21,11,1275,14.2,0,0,0,0,0,0,3,0,0.00,0.00,0.00,0.00,0.00,Matches,Scottish Premiership,2023-24,,,,,,,,,,,,,,,,,,,,,,,,,,,,
299,Adama Sidibeh,gm GAM,FW,St Johnstone,25,1998,15,11,938,10.4,5,0,5,5,0,0,2,0,0.48,0.00,0.48,0.48,0.48,Matches,Scottish Premiership,2023-24,,,,,,,,,,,,,,,,,,,,,,,,,,,,
300,Fábio Silva,pt POR,"MF,FW",Rangers,21,2002,18,12,1009,11.2,4,0,4,4,0,0,0,0,0.36,0.00,0.36,0.36,0.36,Matches,Scottish Premiership,2023-24,,,,,,,,,,,,,,,,,,,,,,,,,,,,
301,Abdallah Sima,sn SEN,"MF,FW",Rangers,22,2001,25,17,1622,18.0,11,2,13,11,0,0,1,0,0.61,0.11,0.72,0.61,0.72,Matches,Scottish Premiership,2023-24,,,,,,,,,,,,,,,,,,,,,,,,,,,,
302,Josh Sims,eng ENG,"MF,FW",Ross County,26,1997,28,10,1014,11.3,3,0,3,3,0,0,1,0,0.27,0.00,0.27,0.27,0.27,Matches,Scottish Premiership,2023-24,,,,,,,,,,,,,,,,,,,,,,,,,,,,
303,Callum Slattery,eng ENG,"MF,FW",Motherwell,24,1999,20,18,1563,17.4,1,0,1,1,0,1,7,0,0.06,0.00,0.06,0.06,0.06,Matches,Scottish Premiership,2023-24,,,,,,,,,,,,,,,,,,,,,,,,,,,,
304,Thierry Small,eng ENG,MF,St Mirren,18,2004,5,3,263,2.9,0,0,0,0,0,0,0,0,0.00,0.00,0.00,0.00,0.00,Matches,Scottish Premiership,2023-24,,,,,,,,,,,,,,,,,,,,,,,,,,,,
305,Connor Smith,sct SCO,MF,St Johnstone,21,2002,11,4,463,5.1,1,0,1,1,0,0,2,0,0.19,0.00,0.19,0.19,0.19,Matches,Scottish Premiership,2023-24,,,,,,,,,,,,,,,,,,,,,,,,,,,,
306,Dylan Smith,sct SCO,DF,Ross County,17,2006,6,2,171,1.9,0,1,1,0,0,0,0,0,0.00,0.53,0.53,0.00,0.53,Matches,Scottish Premiership,2023-24,,,,,,,,,,,,,,,,,,,,,,,,,,,,
307,Kerr Smith,sct SCO,DF,St Johnstone,18,2004,3,2,143,1.6,0,0,0,0,0,0,0,0,0.00,0.00,0.00,0.00,0.00,Matches,Scottish Premiership,2023-24,,,,,,,,,,,,,,,,,,,,,,,,,,,,
308,Matthew Smith,wls WAL,MF,St Johnstone,23,1999,34,31,2625,29.2,1,3,4,1,0,0,4,0,0.03,0.10,0.14,0.03,0.14,Matches,Scottish Premiership,2023-24,,,,,,,,,,,,,,,,,,,,,,,,,,,,
309,Ester Sokler,si SVN,FW,Aberdeen,24,1999,26,6,721,8.0,1,2,3,1,0,0,1,0,0.12,0.25,0.37,0.12,0.37,Matches,Scottish Premiership,2023-24,,,,,,,,,,,,,,,,,,,,,,,,,,,,
310,Pape Souaré,sn SEN,MF,Motherwell,33,1990,3,2,184,2.0,0,0,0,0,0,0,1,0,0.00,0.00,0.00,0.00,0.00,Matches,Scottish Premiership,2023-24,,,,,,,,,,,,,,,,,,,,,,,,,,,,
311,John Souttar,sct SCO,DF,Rangers,26,1996,28,24,2256,25.1,2,1,3,2,0,0,2,0,0.08,0.04,0.12,0.08,0.12,Matches,Scottish Premiership,2023-24,,,,,,,,,,,,,,,,,,,,,,,,,,,,
312,Blair Spittal,sct SCO,"MF,FW",Motherwell,27,1995,37,37,3316,36.8,9,11,20,8,1,1,5,0,0.24,0.30,0.54,0.22,0.52,Matches,Scottish Premiership,2023-24,,,,,,,,,,,,,,,,,,,,,,,,,,,,
313,Sven Sprangler,at AUT,MF,St Johnstone,28,1995,19,11,1052,11.7,0,0,0,0,0,0,5,0,0.00,0.00,0.00,0.00,0.00,Matches,Scottish Premiership,2023-24,,,,,,,,,,,,,,,,,,,,,,,,,,,,
314,Carl Starfelt,se SWE,DF,Celtic,28,1995,1,0,24,0.3,0,0,0,0,0,0,0,0,0.00,0.00,0.00,0.00,0.00,Matches,Scottish Premiership,2023-24,,,,,,,,,,,,,,,,,,,,,,,,,,,,
315,Dujon Sterling,eng ENG,"MF,DF",Rangers,23,1999,24,11,1275,14.2,0,2,2,0,0,0,3,1,0.00,0.14,0.14,0.00,0.14,Matches,Scottish Premiership,2023-24,,,,,,,,,,,,,,,,,,,,,,,,,,,,
316,Taylor Steven,sct SCO,FW,St Johnstone,18,2004,2,0,33,0.4,0,0,0,0,0,0,1,0,0.00,0.00,0.00,0.00,0.00,Matches,Scottish Premiership,2023-24,,,,,,,,,,,,,,,,,,,,,,,,,,,,
317,Lewis Stevenson,sct SCO,DF,Hibernian,35,1988,16,10,930,10.3,0,1,1,0,0,0,1,0,0.00,0.10,0.10,0.00,0.10,Matches,Scottish Premiership,2023-24,,,,,,,,,,,,,,,,,,,,,,,,,,,,
318,Greg Stewart,sct SCO,MF,Kilmarnock,33,1990,8,1,186,2.1,0,0,0,0,0,0,1,0,0.00,0.00,0.00,0.00,0.00,Matches,Scottish Premiership,2023-24,,,,,,,,,,,,,,,,,,,,,,,,,,,,
319,Ryan Strain,au AUS,MF,St Mirren,26,1997,17,15,1281,14.2,1,1,2,1,0,0,4,1,0.07,0.07,0.14,0.07,0.14,Matches,Scottish Premiership,2023-24,,,,,,,,,,,,,,,,,,,,,,,,,,,,
320,Mohamad Sylla,ml MLI,MF,Dundee,29,1993,24,19,1576,17.5,0,2,2,0,0,0,1,0,0.00,0.11,0.11,0.00,0.11,Matches,Scottish Premiership,2023-24,,,,,,,,,,,,,,,,,,,,,,,,,,,,
321,Kyosuke Tagawa,jp JPN,FW,Hearts,24,1999,14,4,469,5.2,2,0,2,2,0,0,0,0,0.38,0.00,0.38,0.38,0.38,Matches,Scottish Premiership,2023-24,,,,,,,,,,,,,,,,,,,,,,,,,,,,
322,Macauley Tait,sct SCO,MF,Hearts,17,2005,12,2,342,3.8,0,1,1,0,0,0,3,0,0.00,0.26,0.26,0.00,0.26,Matches,Scottish Premiership,2023-24,,,,,,,,,,,,,,,,,,,,,,,,,,,,
323,Scott Tanser,eng ENG,MF,St Mirren,28,1994,38,38,3266,36.3,2,4,6,2,0,0,6,0,0.06,0.11,0.17,0.06,0.17,Matches,Scottish Premiership,2023-24,,,,,,,,,,,,,,,,,,,,,,,,,,,,
324,Jair Tavares,pt POR,MF,Hibernian,22,2001,26,15,1387,15.4,2,0,2,2,0,0,0,0,0.13,0.00,0.13,0.13,0.13,Matches,Scottish Premiership,2023-24,,,,,,,,,,,,,,,,,,,,,,,,,,,,
325,James Tavernier,eng ENG,DF,Rangers,31,1991,38,38,3409,37.9,17,10,27,5,12,16,2,0,0.45,0.26,0.71,0.13,0.40,Matches,Scottish Premiership,2023-24,,,,,,,,,,,,,,,,,,,,,,,,,,,,
326,Greg Taylor,sct SCO,DF,Celtic,25,1997,35,35,2989,33.2,3,4,7,3,0,0,4,0,0.09,0.12,0.21,0.09,0.21,Matches,Scottish Premiership,2023-24,,,,,,,,,,,,,,,,,,,,,,,,,,,,
327,Richard Taylor,eng ENG,DF,St Mirren,22,2000,26,23,1865,20.7,0,0,0,0,0,0,5,0,0.00,0.00,0.00,0.00,0.00,Matches,Scottish Premiership,2023-24,,,,,,,,,,,,,,,,,,,,,,,,,,,,
328,Odin Thiago Holm,no NOR,MF,Celtic,20,2003,9,2,225,2.5,0,1,1,0,0,0,0,0,0.00,0.40,0.40,0.00,0.40,Matches,Scottish Premiership,2023-24,,,,,,,,,,,,,,,,,,,,,,,,,,,,
329,Scott Tiffoney,sct SCO,"FW,MF",Dundee,24,1998,28,19,1501,16.7,3,2,5,3,0,0,1,0,0.18,0.12,0.30,0.18,0.30,Matches,Scottish Premiership,2023-24,,,,,,,,,,,,,,,,,,,,,,,,,,,,
330,Marco Tilio,au AUS,MF,Celtic,21,2001,2,0,29,0.3,0,0,0,0,0,0,0,0,0.00,0.00,0.00,0.00,0.00,Matches,Scottish Premiership,2023-24,,,,,,,,,,,,,,,,,,,,,,,,,,,,
331,Jordan Tillson,eng ENG,"DF,MF",Ross County,30,1993,1,0,19,0.2,0,0,0,0,0,0,0,0,0.00,0.00,0.00,0.00,0.00,Matches,Scottish Premiership,2023-24,,,,,,,,,,,,,,,,,,,,,,,,,,,,
332,Nectarios Triantis,gr GRE,"MF,DF",Hibernian,20,2003,12,9,802,8.9,0,0,0,0,0,0,2,0,0.00,0.00,0.00,0.00,0.00,Matches,Scottish Premiership,2023-24,,,,,,,,,,,,,,,,,,,,,,,,,,,,
333,David Turnbull,sct SCO,MF,Celtic,24,1999,16,9,674,7.5,7,0,7,4,3,4,2,0,0.93,0.00,0.93,0.53,0.53,Matches,Scottish Premiership,2023-24,,,,,,,,,,,,,,,,,,,,,,,,,,,,
334,Kyle Turner,sct SCO,MF,Ross County,25,1997,17,5,692,7.7,1,1,2,1,0,0,3,0,0.13,0.13,0.26,0.13,0.26,Matches,Scottish Premiership,2023-24,,,,,,,,,,,,,,,,,,,,,,,,,,,,
335,Jay Turner-Cooke,eng ENG,MF,St Johnstone,19,2003,6,2,225,2.5,0,0,0,0,0,0,0,0,0.00,0.00,0.00,0.00,0.00,Matches,Scottish Premiership,2023-24,,,,,,,,,,,,,,,,,,,,,,,,,,,,
336,Jack Vale,wls WAL,"FW,MF",Motherwell,22,2001,13,9,790,8.8,2,2,4,2,0,0,2,1,0.23,0.23,0.46,0.23,0.46,Matches,Scottish Premiership,2023-24,,,,,,,,,,,,,,,,,,,,,,,,,,,,
337,Kenneth Vargas,cr CRC,"MF,FW",Hearts,21,2002,33,20,1922,21.4,6,2,8,6,0,0,6,0,0.28,0.09,0.37,0.28,0.37,Matches,Scottish Premiership,2023-24,,,,,,,,,,,,,,,,,,,,,,,,,,,,
338,Kyle Vassell,nir NIR,FW,Kilmarnock,30,1993,35,32,2577,28.6,9,3,12,9,0,0,4,0,0.31,0.10,0.42,0.31,0.42,Matches,Scottish Premiership,2023-24,,,,,,,,,,,,,,,,,,,,,,,,,,,,
339,Rocco Vata,ie IRL,MF,Celtic,18,2005,1,0,4,0.0,0,0,0,0,0,0,0,0,0.00,0.00,0.00,0.00,0.00,Matches,Scottish Premiership,2023-24,,,,,,,,,,,,,,,,,,,,,,,,,,,,
340,Kevin van Veen,nl NED,FW,Kilmarnock,32,1991,12,0,162,1.8,0,1,1,0,0,0,2,0,0.00,0.56,0.56,0.00,0.56,Matches,Scottish Premiership,2023-24,,,,,,,,,,,,,,,,,,,,,,,,,,,,
341,Dylan Vente,nl NED,FW,Hibernian,24,1999,30,27,1983,22.0,5,3,8,4,1,1,1,0,0.23,0.14,0.36,0.18,0.32,Matches,Scottish Premiership,2023-24,,,,,,,,,,,,,,,,,,,,,,,,,,,,
342,Marley Watkins,wls WAL,FW,Kilmarnock,32,1990,36,34,2765,30.7,9,3,12,9,0,0,2,0,0.29,0.10,0.39,0.29,0.39,Matches,Scottish Premiership,2023-24,,,,,,,,,,,,,,,,,,,,,,,,,,,,
343,David Watson,sct SCO,MF,Kilmarnock,18,2005,36,24,2303,25.6,5,2,7,5,0,0,9,0,0.20,0.08,0.27,0.20,0.27,Matches,Scottish Premiership,2023-24,,,,,,,,,,,,,,,,,,,,,,,,,,,,
344,Miles Welch-Hayes,eng ENG,DF,Livingston,26,1996,3,2,161,1.8,0,0,0,0,0,0,0,0,0.00,0.00,0.00,0.00,0.00,Matches,Scottish Premiership,2023-24,,,,,,,,,,,,,,,,,,,,,,,,,,,,
345,Dylan Wells,sct SCO,MF,Motherwell,17,2006,1,0,8,0.1,0,0,0,0,0,0,0,0,0.00,0.00,0.00,0.00,0.00,Matches,Scottish Premiership,2023-24,,,,,,,,,,,,,,,,,,,,,,,,,,,,
346,Stephen Welsh,sct SCO,DF,Celtic,23,2000,10,5,497,5.5,0,0,0,0,0,0,1,0,0.00,0.00,0.00,0.00,0.00,Matches,Scottish Premiership,2023-24,,,,,,,,,,,,,,,,,,,,,,,,,,,,
347,Jordan White,sct SCO,FW,Ross County,31,1992,38,25,2247,25.0,5,3,8,5,0,0,9,0,0.20,0.12,0.32,0.20,0.32,Matches,Scottish Premiership,2023-24,,,,,,,,,,,,,,,,,,,,,,,,,,,,
348,Rory Whittaker,sct SCO,DF,Hibernian,15,2007,11,5,468,5.2,0,1,1,0,0,0,1,0,0.00,0.19,0.19,0.00,0.19,Matches,Scottish Premiership,2023-24,,,,,,,,,,,,,,,,,,,,,,,,,,,,
349,George Wickens,eng ENG,GK,Ross County,21,2001,13,13,1170,13.0,0,0,0,0,0,0,1,0,0.00,0.00,0.00,0.00,0.00,Matches,Scottish Premiership,2023-24,22.0,eng ENG,GK,Ross County,21.0,2001.0,13.0,13.0,1170.0,13.0,25.0,1.92,80.0,57.0,70.0,2.0,3.0,8.0,0.0,0.0,2.0,1.0,1.0,0.0,50.0,Matches,Scottish Premiership,2023-24
350,Conor Wilkinson,ie IRL,"FW,MF",Motherwell,28,1995,14,7,650,7.2,3,1,4,3,0,0,3,0,0.42,0.14,0.55,0.42,0.55,Matches,Scottish Premiership,2023-24,,,,,,,,,,,,,,,,,,,,,,,,,,,,
351,James Wilson,sct SCO,FW,Hearts,16,2007,2,0,49,0.5,0,0,0,0,0,0,0,0,0.00,0.00,0.00,0.00,0.00,Matches,Scottish Premiership,2023-24,,,,,,,,,,,,,,,,,,,,,,,,,,,,
352,Jojo Wollacott,gh GHA,GK,Hibernian,26,1996,7,5,504,5.6,0,0,0,0,0,0,0,0,0.00,0.00,0.00,0.00,0.00,Matches,Scottish Premiership,2023-24,23.0,gh GHA,GK,Hibernian,26.0,1996.0,7.0,5.0,504.0,5.6,9.0,1.61,20.0,11.0,55.0,1.0,2.0,2.0,1.0,20.0,0.0,0.0,0.0,0.0,,Matches,Scottish Premiership,2023-24
353,Drey Wright,eng ENG,"MF,DF",St Johnstone,28,1995,9,8,649,7.2,0,0,0,0,0,0,1,0,0.00,0.00,0.00,0.00,0.00,Matches,Scottish Premiership,2023-24,,,,,,,,,,,,,,,,,,,,,,,,,,,,
354,Joe Wright,wls WAL,DF,Kilmarnock,28,1995,29,26,2240,24.9,3,1,4,3,0,0,8,1,0.12,0.04,0.16,0.12,0.16,Matches,Scottish Premiership,2023-24,,,,,,,,,,,,,,,,,,,,,,,,,,,,
355,Kieran Wright,sct SCO,GK,Livingston,23,2000,1,0,34,0.4,0,0,0,0,0,0,0,0,0.00,0.00,0.00,0.00,0.00,Matches,Scottish Premiership,2023-24,24.0,sct SCO,GK,Livingston,23.0,2000.0,1.0,0.0,34.0,0.4,0.0,0.0,1.0,1.0,100.0,0.0,0.0,0.0,0.0,,0.0,0.0,0.0,0.0,,Matches,Scottish Premiership,2023-24
356,Scott Wright,sct SCO,MF,Rangers,25,1997,23,8,716,8.0,2,0,2,2,0,0,2,1,0.25,0.00,0.25,0.25,0.25,Matches,Scottish Premiership,2023-24,,,,,,,,,,,,,,,,,,,,,,,,,,,,
357,Tete Yengi,au AUS,"FW,MF",Livingston,22,2000,16,12,1092,12.1,4,2,6,2,2,2,5,1,0.33,0.16,0.49,0.16,0.33,Matches,Scottish Premiership,2023-24,,,,,,,,,,,,,,,,,,,,,,,,,,,,
358,Rıdvan Yılmaz,tr TUR,DF,Rangers,22,2001,26,16,1613,17.9,1,1,2,1,0,0,1,0,0.06,0.06,0.11,0.06,0.11,Matches,Scottish Premiership,2023-24,,,,,,,,,,,,,,,,,,,,,,,,,,,,
359,Elie Youan,fr FRA,"MF,FW",Hibernian,24,1999,31,23,2145,23.8,5,8,13,5,0,0,1,0,0.21,0.34,0.55,0.21,0.55,Matches,Scottish Premiership,2023-24,,,,,,,,,,,,,,,,,,,,,,,,,,,,
360,Davor Zdravkovski,mk MKD,MF,Motherwell,25,1998,27,18,1573,17.5,1,0,1,1,0,0,5,0,0.06,0.00,0.06,0.06,0.06,Matches,Scottish Premiership,2023-24,,,,,,,,,,,,,,,,,,,,,,,,,,,,
