fbref_name,fpl_name,previous_league,multiplier,fbref_season,fbref_team,fbref_position,appearances,goals,assists,xG,xA,shots_per_90,goals_per_90,assists_per_90,yellow_cards,red_cards,clean_sheets,saves,save_percentage,adjusted_goals,adjusted_assists,adjusted_goals_per_90,adjusted_assists_per_90,season_reliability,data_confidence,is_new_to_pl,fpl_position,fpl_team,fpl_price
Amine Adli,Amine Adli,Bundesliga,0.89,2022-23,Leverkusen,"FW,MF",26.0,5.0,3.0,0.0,0.0,2.32,0.31,0.19,2.0,2.0,0.0,0.0,0.0,4.45,2.67,0.2759,0.1691,1.0,,1,MID,Bournemouth,5.4
Sebastiaan Bornauw,Sebastiaan Bornauw,Bundesliga,0.89,2022-23,Wolfsburg,DF,26.0,1.0,0.0,0.0,0.0,0.19,0.05,0.0,8.0,0.0,0.0,0.0,0.0,0.89,0.0,0.0445,0.0,1.0,,1,DEF,Leeds,3.8
Darko Churlinov,Darko Churlinov,Bundesliga,0.89,2022-23,Stuttgart,"FW,MF",1.0,0.0,0.0,0.0,0.0,0.0,0.0,0.0,0.0,0.0,0.0,0.0,0.0,0.0,0.0,0.0,0.0,0.5,,1,MID,Burnley,4.9
Jeremie Frimpong,Jeremie Frimpong,Bundesliga,0.89,2022-23,Leverkusen,"MF,DF",34.0,8.0,7.0,0.0,0.0,1.26,0.27,0.23,4.0,0.0,0.0,0.0,0.0,7.12,6.23,0.2403,0.2047,1.0,,1,DEF,Liverpool,5.7
Jamie Gittens,Jamie Bynoe-Gittens,Bundesliga,0.89,2022-23,Dortmund,"MF,FW",15.0,3.0,1.0,0.0,0.0,4.05,0.51,0.17,1.0,0.0,0.0,0.0,0.0,2.67,0.89,0.4539,0.1513,0.5,,1,MID,Chelsea,6.0
Ilia Gruev,Ilia Gruev,Bundesliga,0.89,2022-23,Werder Bremen,MF,31.0,0.0,0.0,0.0,0.0,0.34,0.0,0.0,2.0,0.0,0.0,0.0,0.0,0.0,0.0,0.0,0.0,0.5,,1,MID,Leeds,4.7
Piero Hincapié,Piero Hincapié,Bundesliga,0.89,2022-23,Leverkusen,"DF,MF",30.0,1.0,1.0,0.0,0.0,0.62,0.04,0.04,13.0,3.0,0.0,0.0,0.0,0.89,0.89,0.0356,0.0356,1.0,,1,DEF,Arsenal,5.1
Randal Kolo Muani,Randal Kolo Muani,Ligue 1,0.82,2022-23,Eintracht Frankfurt,FW,32.0,15.0,11.0,0.0,0.0,2.63,0.51,0.38,6.0,1.0,0.0,0.0,0.0,12.3,9.02,0.4181999999999999,0.3116,1.0,,1,FWD,Spurs,6.9
Luca Netz,Luca Netz,Bundesliga,0.89,2022-23,Gladbach,"DF,MF",20.0,1.0,3.0,0.0,0.0,0.51,0.13,0.38,0.0,0.0,0.0,0.0,0.0,0.89,2.67,0.1157,0.3382,0.5,,1,DEF,Nott'm Forest,4.5
Lukas Nmecha,Lukas Nmecha,Bundesliga,0.89,2022-23,Wolfsburg,FW,16.0,4.0,0.0,0.0,0.0,2.2,0.4,0.0,3.0,0.0,0.0,0.0,0.0,3.56,0.0,0.356,0.0,1.0,,1,FWD,Leeds,5.0
Merlin Röhl,Merlin Röhl,Bundesliga,0.89,2022-23,Freiburg,MF,3.0,0.0,1.0,0.0,0.0,0.0,0.0,1.58,0.0,0.0,0.0,0.0,0.0,0.0,0.89,0.0,1.4062,0.1,,1,MID,Everton,5.0
Borna Sosa,Borna Sosa,Eredivisie,0.75,2022-23,Stuttgart,"MF,DF",25.0,2.0,7.0,0.0,0.0,0.69,0.09,0.32,5.0,0.0,0.0,0.0,0.0,1.5,5.25,0.0675,0.24,1.0,,1,DEF,Crystal Palace,4.8
Anton Stach,Anton Stach,Bundesliga,0.89,2022-23,Mainz 05,MF,30.0,1.0,4.0,0.0,0.0,1.57,0.04,0.17,4.0,0.0,0.0,0.0,0.0,0.89,3.56,0.0356,0.1513,1.0,,1,MID,Leeds,4.7
Malick Thiaw,Malick Thiaw,Serie A,0.88,2022-23,Schalke 04,DF,3.0,0.0,0.0,0.0,0.0,0.67,0.0,0.0,2.0,0.0,0.0,0.0,0.0,0.0,0.0,0.0,0.0,1.0,,1,DEF,Newcastle,5.0
Florian Wirtz,Florian Wirtz,Bundesliga,0.89,2022-23,Leverkusen,"FW,MF",17.0,1.0,6.0,0.0,0.0,0.58,0.08,0.5,4.0,0.0,0.0,0.0,0.0,0.89,5.34,0.0712,0.445,1.0,,1,MID,Liverpool,8.3
Amine Adli,Amine Adli,Bundesliga,0.89,2023-24,Leverkusen,"MF,FW",23.0,4.0,6.0,0.0,0.0,2.71,0.4,0.6,5.0,0.0,0.0,0.0,0.0,3.56,5.34,0.356,0.534,0.5,,1,MID,Bournemouth,5.4
Sebastiaan Bornauw,Sebastiaan Bornauw,Bundesliga,0.89,2023-24,Wolfsburg,DF,20.0,0.0,0.0,0.0,0.0,0.63,0.0,0.0,5.0,0.0,0.0,0.0,0.0,0.0,0.0,0.0,0.0,1.0,,1,DEF,Leeds,3.8
Hugo Ekitike,Hugo Ekitiké,Bundesliga,0.89,2023-24,Eintracht Frankfurt,FW,14.0,4.0,2.0,0.0,0.0,3.77,0.5,0.25,3.0,0.0,0.0,0.0,0.0,3.56,1.78,0.445,0.2225,0.5,,1,FWD,Liverpool,9.1
Jeremie Frimpong,Jeremie Frimpong,Bundesliga,0.89,2023-24,Leverkusen,MF,31.0,9.0,7.0,0.0,0.0,2.2,0.36,0.28,6.0,0.0,0.0,0.0,0.0,8.01,6.23,0.3204,0.2492,1.0,,1,DEF,Liverpool,5.7
Jamie Gittens,Jamie Bynoe-Gittens,Bundesliga,0.89,2023-24,Dortmund,"MF,FW",25.0,1.0,4.0,0.0,0.0,3.66,0.09,0.34,1.0,0.0,0.0,0.0,0.0,0.89,3.56,0.0801,0.3026,0.5,,1,MID,Chelsea,6.0
Ilia Gruev,Ilia Gruev,Bundesliga,0.89,2023-24,Werder Bremen,MF,1.0,0.0,0.0,0.0,0.0,0.0,0.0,0.0,0.0,0.0,0.0,0.0,0.0,0.0,0.0,0.0,0.0,0.1,,1,MID,Leeds,4.7
Piero Hincapié,Piero Hincapié,Bundesliga,0.89,2023-24,Leverkusen,DF,26.0,1.0,2.0,0.0,0.0,1.09,0.06,0.12,2.0,0.0,0.0,0.0,0.0,0.89,1.78,0.0533999999999999,0.1067999999999999,1.0,,1,DEF,Arsenal,5.1
Randal Kolo Muani,Randal Kolo Muani,Ligue 1,0.82,2023-24,Eintracht Frankfurt,FW,2.0,1.0,0.0,0.0,0.0,2.94,0.59,0.0,0.0,0.0,0.0,0.0,0.0,0.82,0.0,0.4837999999999999,0.0,1.0,,1,FWD,Spurs,6.9
Luca Netz,Luca Netz,Bundesliga,0.89,2023-24,Gladbach,"MF,DF",30.0,0.0,4.0,0.0,0.0,0.69,0.0,0.16,2.0,0.0,0.0,0.0,0.0,0.0,3.56,0.0,0.1424,1.0,,1,DEF,Nott'm Forest,4.5
Lukas Nmecha,Lukas Nmecha,Bundesliga,0.89,2023-24,Wolfsburg,FW,3.0,1.0,0.0,0.0,0.0,2.14,2.14,0.0,0.0,0.0,0.0,0.0,0.0,0.89,0.0,1.9046,0.0,0.1,,1,FWD,Leeds,5.0
Merlin Röhl,Merlin Röhl,Bundesliga,0.89,2023-24,Freiburg,"MF,FW",24.0,2.0,4.0,0.0,0.0,1.46,0.12,0.24,3.0,1.0,0.0,0.0,0.0,1.78,3.56,0.1067999999999999,0.2135999999999999,1.0,,1,MID,Everton,5.0
Benjamin Šeško,Benjamin Sesko,Bundesliga,0.89,2023-24,RB Leipzig,FW,31.0,14.0,2.0,0.0,0.0,2.77,0.83,0.12,0.0,0.0,0.0,0.0,0.0,12.46,1.78,0.7387,0.1067999999999999,0.5,,1,FWD,Man Utd,7.3
Xavi Simons,Xavi Simons,Bundesliga,0.89,2023-24,RB Leipzig,MF,32.0,8.0,11.0,0.0,0.0,2.75,0.27,0.37,11.0,1.0,0.0,0.0,0.0,7.12,9.79,0.2403,0.3293,1.0,,1,MID,Spurs,6.5
Borna Sosa,Borna Sosa,Eredivisie,0.75,2023-24,Stuttgart,"DF,MF",2.0,0.0,0.0,0.0,0.0,1.96,0.0,0.0,0.0,0.0,0.0,0.0,0.0,0.0,0.0,0.0,0.0,0.1,,1,DEF,Crystal Palace,4.8
Anton Stach,Anton Stach,Bundesliga,0.89,2023-24,Hoffenheim,MF,31.0,2.0,3.0,0.0,0.0,1.47,0.08,0.12,4.0,0.0,0.0,0.0,0.0,1.78,2.67,0.0712,0.1067999999999999,1.0,,1,MID,Leeds,4.7
Anton Stach,Anton Stach,Bundesliga,0.89,2023-24,Mainz 05,MF,2.0,0.0,0.0,0.0,0.0,1.06,0.0,0.0,0.0,0.0,0.0,0.0,0.0,0.0,0.0,0.0,0.0,1.0,,1,MID,Leeds,4.7
Florian Wirtz,Florian Wirtz,Bundesliga,0.89,2023-24,Leverkusen,MF,32.0,11.0,11.0,0.0,0.0,2.69,0.42,0.42,3.0,0.0,0.0,0.0,0.0,9.79,9.79,0.3737999999999999,0.3737999999999999,1.0,,1,MID,Liverpool,8.3
Nick Woltemade,Nick Woltemade,Bundesliga,0.89,2023-24,Werder Bremen,"FW,MF",30.0,2.0,0.0,0.0,0.0,1.67,0.15,0.0,1.0,0.0,0.0,0.0,0.0,1.78,0.0,0.1335,0.0,0.5,,1,FWD,Newcastle,6.8
Amine Adli,Amine Adli,Bundesliga,0.89,2024-25,Leverkusen,"MF,FW",20.0,2.0,0.0,0.0,0.0,2.35,0.23,0.0,3.0,0.0,0.0,0.0,0.0,1.78,0.0,0.2047,0.0,0.5,,1,MID,Bournemouth,5.4
Adam Aznou,Adam Aznou,Bundesliga,0.89,2024-25,Bayern Munich,DF,2.0,0.0,0.0,0.0,0.0,0.0,0.0,0.0,0.0,0.0,0.0,0.0,0.0,0.0,0.0,0.0,0.0,0.1,,1,DEF,Everton,4.2
Sebastiaan Bornauw,Sebastiaan Bornauw,Bundesliga,0.89,2024-25,Wolfsburg,DF,15.0,2.0,1.0,0.0,0.0,0.91,0.23,0.11,2.0,0.0,0.0,0.0,0.0,1.78,0.89,0.2047,0.0979,0.5,,1,DEF,Leeds,3.8
Hugo Ekitike,Hugo Ekitiké,Bundesliga,0.89,2024-25,Eintracht Frankfurt,FW,33.0,15.0,8.0,0.0,0.0,4.11,0.53,0.28,1.0,0.0,0.0,0.0,0.0,13.35,7.12,0.4717,0.2492,1.0,,1,FWD,Liverpool,9.1
Jeremie Frimpong,Jeremie Frimpong,Bundesliga,0.89,2024-25,Leverkusen,MF,33.0,5.0,5.0,0.0,0.0,1.32,0.19,0.19,4.0,0.0,0.0,0.0,0.0,4.45,4.45,0.1691,0.1691,1.0,,1,DEF,Liverpool,5.7
Lutsharel Geertruida,Lutsharel Geertruida,Bundesliga,0.89,2024-25,RB Leipzig,DF,24.0,1.0,0.0,0.0,0.0,0.46,0.06,0.0,2.0,0.0,0.0,0.0,0.0,0.89,0.0,0.0533999999999999,0.0,1.0,,1,DEF,Sunderland,4.5
Jamie Gittens,Jamie Bynoe-Gittens,Bundesliga,0.89,2024-25,Dortmund,MF,32.0,8.0,3.0,0.0,0.0,2.64,0.41,0.15,4.0,0.0,0.0,0.0,0.0,7.12,2.67,0.3649,0.1335,1.0,,1,MID,Chelsea,6.0
Piero Hincapié,Piero Hincapié,Bundesliga,0.89,2024-25,Leverkusen,DF,32.0,2.0,2.0,0.0,0.0,0.74,0.07,0.07,8.0,0.0,0.0,0.0,0.0,1.78,1.78,0.0623,0.0623,1.0,,1,DEF,Arsenal,5.1
Jonah Kusi-Asare,Jonah Kusi-Asare,Bundesliga,0.89,2024-25,Bayern Munich,FW,1.0,0.0,0.0,0.0,0.0,30.0,0.0,0.0,0.0,0.0,0.0,0.0,0.0,0.0,0.0,0.0,0.0,0.1,,1,FWD,Fulham,4.5
Nordi Mukiele,Nordi Mukiele,Ligue 1,0.82,2024-25,Leverkusen,"DF,MF",15.0,1.0,0.0,0.0,0.0,0.7,0.1,0.0,4.0,0.0,0.0,0.0,0.0,0.82,0.0,0.082,0.0,1.0,,1,DEF,Sunderland,4.5
Luca Netz,Luca Netz,Bundesliga,0.89,2024-25,Gladbach,DF,24.0,0.0,2.0,0.0,0.0,0.28,0.0,0.19,2.0,0.0,0.0,0.0,0.0,0.0,1.78,0.0,0.1691,0.5,,1,DEF,Nott'm Forest,4.5
Lukas Nmecha,Lukas Nmecha,Bundesliga,0.89,2024-25,Wolfsburg,FW,19.0,3.0,0.0,0.0,0.0,3.85,0.58,0.0,1.0,0.0,0.0,0.0,0.0,2.67,0.0,0.5162,0.0,0.1,,1,FWD,Leeds,5.0
Merlin Röhl,Merlin Röhl,Bundesliga,0.89,2024-25,Freiburg,MF,19.0,0.0,1.0,0.0,0.0,1.12,0.0,0.09,2.0,0.0,0.0,0.0,0.0,0.0,0.89,0.0,0.0801,0.5,,1,MID,Everton,5.0
Benjamin Šeško,Benjamin Sesko,Bundesliga,0.89,2024-25,RB Leipzig,"FW,MF",33.0,13.0,5.0,0.0,0.0,2.57,0.49,0.19,2.0,1.0,0.0,0.0,0.0,11.57,4.45,0.4361,0.1691,1.0,,1,FWD,Man Utd,7.3
Xavi Simons,Xavi Simons,Bundesliga,0.89,2024-25,RB Leipzig,MF,25.0,10.0,6.0,0.0,0.0,2.09,0.42,0.25,5.0,0.0,0.0,0.0,0.0,8.9,5.34,0.3737999999999999,0.2225,1.0,,1,MID,Spurs,6.5
Anton Stach,Anton Stach,Bundesliga,0.89,2024-25,Hoffenheim,"MF,DF",30.0,1.0,2.0,0.0,0.0,1.22,0.03,0.07,8.0,0.0,0.0,0.0,0.0,0.89,1.78,0.0266999999999999,0.0623,1.0,,1,MID,Leeds,4.7
Florian Wirtz,Florian Wirtz,Bundesliga,0.89,2024-25,Leverkusen,MF,31.0,10.0,12.0,0.0,0.0,2.99,0.38,0.46,3.0,0.0,0.0,0.0,0.0,8.9,10.68,0.3382,0.4094,1.0,,1,MID,Liverpool,8.3
Nick Woltemade,Nick Woltemade,Bundesliga,0.89,2024-25,Stuttgart,"FW,MF",28.0,12.0,2.0,0.0,0.0,2.72,0.67,0.11,5.0,1.0,0.0,0.0,0.0,10.68,1.78,0.5963,0.0979,1.0,,1,FWD,Newcastle,6.8
Omar Alderete,Omar Alderete,La Liga,0.92,2022-23,Getafe,DF,25.0,1.0,1.0,0.0,0.0,0.75,0.04,0.04,9.0,0.0,0.0,0.0,0.0,0.92,0.92,0.0368,0.0368,1.0,,1,DEF,Sunderland,4.1
Valentín Castellanos,Valentín Castellanos,La Liga,0.92,2022-23,Girona,FW,35.0,13.0,0.0,0.0,0.0,2.98,0.45,0.0,11.0,0.0,0.0,0.0,0.0,11.96,0.0,0.414,0.0,1.0,,1,FWD,West Ham,5.5
Samuel Chukwueze,Samuel Chukwueze,Serie A,0.88,2022-23,Villarreal,"FW,MF",37.0,6.0,5.0,0.0,0.0,2.31,0.23,0.19,1.0,0.0,0.0,0.0,0.0,5.28,4.4,0.2024,0.1672,1.0,,1,MID,Fulham,5.3
Benjamin Lecomte,Benjamin Lecomte,Ligue 2,1.0,2022-23,Espanyol,GK,10.0,0.0,0.0,0.0,0.0,0.0,0.0,0.0,1.0,1.0,1.0,28.0,67.4,0.0,0.0,0.0,0.0,1.0,,1,GK,Fulham,3.9
Giorgi Mamardashvili,Giorgi Mamardashvili,La Liga,0.92,2022-23,Valencia,GK,38.0,0.0,0.0,0.0,0.0,0.0,0.0,0.0,3.0,0.0,7.0,105.0,70.9,0.0,0.0,0.0,0.0,1.0,,1,GK,Liverpool,4.1
Reinildo Mandava,Reinildo Mandava,La Liga,0.92,2022-23,Atlético Madrid,DF,22.0,0.0,0.0,0.0,0.0,0.29,0.0,0.0,4.0,0.0,0.0,0.0,0.0,0.0,0.0,0.0,0.0,1.0,,1,DEF,Sunderland,3.8
Cristhian Mosquera,Cristhian Mosquera,La Liga,0.92,2022-23,Valencia,DF,3.0,0.0,0.0,0.0,0.0,1.24,0.0,0.0,0.0,0.0,0.0,0.0,0.0,0.0,0.0,0.0,0.0,0.5,,1,DEF,Arsenal,5.3
Largie Ramazani,Largie Ramazani,La Liga,0.92,2022-23,Almería,"FW,MF",33.0,3.0,1.0,0.0,0.0,2.63,0.19,0.06,6.0,0.0,0.0,0.0,0.0,2.76,0.92,0.1748,0.0552,0.5,,1,MID,Leeds,4.9
Martín Zubimendi,Martín Zubimendi Ibáñez,La Liga,0.92,2022-23,Real Sociedad,MF,36.0,1.0,3.0,0.0,0.0,0.38,0.03,0.09,12.0,0.0,0.0,0.0,0.0,0.92,2.76,0.0276,0.0828,1.0,,1,MID,Arsenal,5.2
Omar Alderete,Omar Alderete,La Liga,0.92,2023-24,Getafe,DF,31.0,0.0,1.0,0.0,0.0,0.98,0.0,0.04,8.0,1.0,0.0,0.0,0.0,0.0,0.92,0.0,0.0368,1.0,,1,DEF,Sunderland,4.1
Giorgi Mamardashvili,Giorgi Mamardashvili,La Liga,0.92,2023-24,Valencia,GK,37.0,0.0,0.0,0.0,0.0,0.0,0.0,0.0,3.0,1.0,9.0,104.0,72.9,0.0,0.0,0.0,0.0,1.0,,1,GK,Liverpool,4.1
Reinildo Mandava,Reinildo Mandava,La Liga,0.92,2023-24,Atlético Madrid,DF,16.0,2.0,1.0,0.0,0.0,0.62,0.25,0.12,2.0,0.0,0.0,0.0,0.0,1.84,0.92,0.23,0.1104,0.5,,1,DEF,Sunderland,3.8
Cristhian Mosquera,Cristhian Mosquera,La Liga,0.92,2023-24,Valencia,DF,36.0,0.0,0.0,0.0,0.0,0.26,0.0,0.0,2.0,0.0,0.0,0.0,0.0,0.0,0.0,0.0,0.0,1.0,,1,DEF,Arsenal,5.3
Largie Ramazani,Largie Ramazani,La Liga,0.92,2023-24,Almería,"MF,FW",29.0,3.0,5.0,0.0,0.0,2.32,0.17,0.29,11.0,2.0,0.0,0.0,0.0,2.76,4.6000000000000005,0.1564,0.2668,0.5,,1,MID,Leeds,4.9
Martín Zubimendi,Martín Zubimendi Ibáñez,La Liga,0.92,2023-24,Real Sociedad,MF,31.0,4.0,1.0,0.0,0.0,0.75,0.14,0.03,5.0,0.0,0.0,0.0,0.0,3.68,0.92,0.1288,0.0276,1.0,,1,MID,Arsenal,5.2
Omar Alderete,Omar Alderete,La Liga,0.92,2024-25,Getafe,DF,34.0,1.0,0.0,0.0,0.0,1.15,0.03,0.0,8.0,0.0,0.0,0.0,0.0,0.92,0.0,0.0276,0.0,1.0,,1,DEF,Sunderland,4.1
Adam Aznou,Adam Aznou,Bundesliga,0.89,2024-25,Valladolid,"DF,MF",13.0,0.0,0.0,0.0,0.0,0.41,0.0,0.0,1.0,0.0,0.0,0.0,0.0,0.0,0.0,0.0,0.0,1.0,,1,DEF,Everton,4.2
Enzo Barrenechea,Enzo Barrenechea,La Liga,0.92,2024-25,Valencia,MF,30.0,1.0,2.0,0.0,0.0,0.66,0.04,0.08,6.0,0.0,0.0,0.0,0.0,0.92,1.84,0.0368,0.0736,1.0,,1,MID,Aston Villa,5.0
Thierno Barry,Thierno Barry,La Liga,0.92,2024-25,Villarreal,FW,35.0,11.0,4.0,0.0,0.0,2.83,0.43,0.15,4.0,0.0,0.0,0.0,0.0,10.12,3.68,0.3956,0.138,1.0,,1,FWD,Everton,5.7
Dario Essugo,Dário Luís Essugo,Primeira Liga,0.78,2024-25,Las Palmas,MF,27.0,1.0,0.0,0.0,0.0,1.07,0.05,0.0,11.0,2.0,0.0,0.0,0.0,0.78,0.0,0.039,0.0,1.0,,1,MID,Chelsea,4.3
Ladislav Krejčí,Ladislav Krejcí,La Liga,0.92,2024-25,Girona,DF,28.0,2.0,0.0,0.0,0.0,0.66,0.07,0.0,9.0,0.0,0.0,0.0,0.0,1.84,0.0,0.0644,0.0,1.0,,1,DEF,Wolves,4.5
Giorgi Mamardashvili,Giorgi Mamardashvili,La Liga,0.92,2024-25,Valencia,GK,34.0,0.0,0.0,0.0,0.0,0.0,0.0,0.0,2.0,0.0,8.0,91.0,67.4,0.0,0.0,0.0,0.0,1.0,,1,GK,Liverpool,4.1
Reinildo Mandava,Reinildo Mandava,La Liga,0.92,2024-25,Atlético Madrid,"DF,MF",19.0,0.0,0.0,0.0,0.0,0.1,0.0,0.0,4.0,0.0,0.0,0.0,0.0,0.0,0.0,0.0,0.0,0.5,,1,DEF,Sunderland,3.8
Cristhian Mosquera,Cristhian Mosquera,La Liga,0.92,2024-25,Valencia,DF,37.0,1.0,0.0,0.0,0.0,0.14,0.03,0.0,6.0,0.0,0.0,0.0,0.0,0.92,0.0,0.0276,0.0,1.0,,1,DEF,Arsenal,5.3
Christantus Uche,Christantus Uche,La Liga,0.92,2024-25,Getafe,"FW,MF",33.0,4.0,6.0,0.0,0.0,1.81,0.14,0.22,8.0,2.0,0.0,0.0,0.0,3.68,5.5200000000000005,0.1288,0.2024,1.0,,1,FWD,Crystal Palace,5.5
Martín Zubimendi,Martín Zubimendi Ibáñez,La Liga,0.92,2024-25,Real Sociedad,MF,36.0,2.0,1.0,0.0,0.0,0.73,0.06,0.03,6.0,0.0,0.0,0.0,0.0,1.84,0.92,0.0552,0.0276,1.0,,1,MID,Arsenal,5.2
Enzo Barrenechea,Enzo Barrenechea,Serie A,0.88,2022-23,Juventus,MF,3.0,0.0,0.0,0.0,0.0,1.14,0.0,0.0,0.0,0.0,0.0,0.0,0.0,0.0,0.0,0.0,0.0,0.5,,1,MID,Aston Villa,5.0
Jaka Bijol,Jaka Bijol,Serie A,0.88,2022-23,Udinese,DF,32.0,3.0,2.0,0.0,0.0,0.66,0.1,0.07,10.0,0.0,0.0,0.0,0.0,2.64,1.76,0.088,0.0616,1.0,,1,DEF,Leeds,3.9
Diego Coppola,Diego Coppola,Serie A,0.88,2022-23,Hellas Verona,DF,19.0,0.0,0.0,0.0,0.0,0.23,0.0,0.0,5.0,0.0,0.0,0.0,0.0,0.0,0.0,0.0,0.0,1.0,,1,DEF,Brighton,4.2
Samuel Iling-Junior,Samuel Iling-Junior,Serie A,0.88,2022-23,Juventus,MF,12.0,1.0,1.0,0.0,0.0,1.13,0.28,0.28,1.0,0.0,0.0,0.0,0.0,0.88,0.88,0.2464,0.2464,0.1,,1,MID,Aston Villa,5.5
Malick Thiaw,Malick Thiaw,Serie A,0.88,2022-23,Milan,DF,20.0,0.0,0.0,0.0,0.0,0.53,0.0,0.0,5.0,0.0,0.0,0.0,0.0,0.0,0.0,0.0,0.0,1.0,,1,DEF,Newcastle,5.0
Enzo Barrenechea,Enzo Barrenechea,Serie A,0.88,2023-24,Frosinone,MF,36.0,0.0,1.0,0.0,0.0,0.64,0.0,0.03,10.0,0.0,0.0,0.0,0.0,0.0,0.88,0.0,0.0264,1.0,,1,MID,Aston Villa,5.0
Jaka Bijol,Jaka Bijol,Serie A,0.88,2023-24,Udinese,DF,24.0,0.0,0.0,0.0,0.0,0.65,0.0,0.0,4.0,0.0,0.0,0.0,0.0,0.0,0.0,0.0,0.0,1.0,,1,DEF,Leeds,3.9
Valentín Castellanos,Valentín Castellanos,Serie A,0.88,2023-24,Lazio,FW,35.0,4.0,3.0,0.0,0.0,2.89,0.21,0.16,2.0,0.0,0.0,0.0,0.0,3.52,2.64,0.1848,0.1408,0.5,,1,FWD,West Ham,5.5
Samuel Chukwueze,Samuel Chukwueze,Serie A,0.88,2023-24,Milan,"MF,FW",24.0,1.0,3.0,0.0,0.0,2.48,0.09,0.27,1.0,0.0,0.0,0.0,0.0,0.88,2.64,0.0791999999999999,0.2376,0.5,,1,MID,Fulham,5.3
Diego Coppola,Diego Coppola,Serie A,0.88,2023-24,Hellas Verona,DF,24.0,2.0,0.0,0.0,0.0,0.72,0.11,0.0,9.0,0.0,0.0,0.0,0.0,1.76,0.0,0.0968,0.0,1.0,,1,DEF,Brighton,4.2
Samuel Iling-Junior,Samuel Iling-Junior,Serie A,0.88,2023-24,Juventus,MF,24.0,1.0,2.0,0.0,0.0,1.0,0.11,0.22,1.0,0.0,0.0,0.0,0.0,0.88,1.76,0.0968,0.1936,0.5,,1,MID,Aston Villa,5.5
Lorenzo Lucca,Lorenzo Lucca,Serie A,0.88,2023-24,Udinese,FW,37.0,8.0,4.0,0.0,0.0,2.12,0.28,0.14,6.0,0.0,0.0,0.0,0.0,7.04,3.52,0.2464,0.1232,1.0,,1,FWD,Nott'm Forest,5.5
Christos Mandas,Christos Mandas,Serie A,0.88,2023-24,Lazio,GK,9.0,0.0,0.0,0.0,0.0,0.0,0.0,0.0,0.0,0.0,2.0,23.0,79.3,0.0,0.0,0.0,0.0,1.0,,1,GK,Bournemouth,4.0
Dan Ndoye,Dan Ndoye,Serie A,0.88,2023-24,Bologna,"MF,FW",32.0,1.0,1.0,0.0,0.0,2.08,0.05,0.05,4.0,0.0,0.0,0.0,0.0,0.88,0.88,0.044,0.044,1.0,,1,MID,Nott'm Forest,5.5
Noah Okafor,Noah Okafor,Serie A,0.88,2023-24,Milan,"FW,MF",28.0,6.0,2.0,0.0,0.0,2.23,0.61,0.2,1.0,0.0,0.0,0.0,0.0,5.28,1.76,0.5367999999999999,0.176,0.5,,1,MID,Leeds,5.5
Tijjani Reijnders,Tijjani Reijnders,Serie A,0.88,2023-24,Milan,MF,36.0,3.0,3.0,0.0,0.0,1.4,0.1,0.1,8.0,0.0,0.0,0.0,0.0,2.64,2.64,0.088,0.088,1.0,,1,MID,Man City,5.0
Loum Tchaouna,Loum Tchaouna,Serie A,0.88,2023-24,Salernitana,"MF,FW",33.0,4.0,3.0,0.0,0.0,1.89,0.17,0.13,4.0,0.0,0.0,0.0,0.0,3.52,2.64,0.1496,0.1144,1.0,,1,MID,Burnley,4.9
Jackson Tchatchoua,Jackson Tchatchoua,Serie A,0.88,2023-24,Hellas Verona,DF,26.0,0.0,2.0,0.0,0.0,0.0,0.0,0.1,2.0,0.0,0.0,0.0,0.0,0.0,1.76,0.0,0.088,1.0,,1,DEF,Wolves,4.4
Malick Thiaw,Malick Thiaw,Serie A,0.88,2023-24,Milan,DF,21.0,0.0,1.0,0.0,0.0,0.28,0.0,0.06,5.0,1.0,0.0,0.0,0.0,0.0,0.88,0.0,0.0528,1.0,,1,DEF,Newcastle,5.0
Jaka Bijol,Jaka Bijol,Serie A,0.88,2024-25,Udinese,DF,34.0,1.0,0.0,0.0,0.0,0.58,0.03,0.0,13.0,1.0,0.0,0.0,0.0,0.88,0.0,0.0264,0.0,1.0,,1,DEF,Leeds,3.9
Valentín Castellanos,Valentín Castellanos,Serie A,0.88,2024-25,Lazio,FW,29.0,10.0,3.0,0.0,0.0,4.08,0.38,0.11,9.0,1.0,0.0,0.0,0.0,8.8,2.64,0.3344,0.0968,1.0,,1,FWD,West Ham,5.5
Samuel Chukwueze,Samuel Chukwueze,Serie A,0.88,2024-25,Milan,"MF,FW",26.0,3.0,2.0,0.0,0.0,3.11,0.29,0.19,0.0,0.0,0.0,0.0,0.0,2.64,1.76,0.2552,0.1672,0.5,,1,MID,Fulham,5.3
Diego Coppola,Diego Coppola,Serie A,0.88,2024-25,Hellas Verona,DF,34.0,2.0,0.0,0.0,0.0,0.31,0.06,0.0,10.0,0.0,0.0,0.0,0.0,1.76,0.0,0.0528,0.0,1.0,,1,DEF,Brighton,4.2
Samuel Iling-Junior,Samuel Iling-Junior,Serie A,0.88,2024-25,Bologna,MF,7.0,1.0,0.0,0.0,0.0,3.05,0.76,0.0,0.0,0.0,0.0,0.0,0.0,0.88,0.0,0.6688000000000001,0.0,0.1,,1,MID,Aston Villa,5.5
Randal Kolo Muani,Randal Kolo Muani,Ligue 1,0.82,2024-25,Juventus,FW,16.0,8.0,1.0,0.0,0.0,2.02,0.62,0.08,0.0,0.0,0.0,0.0,0.0,6.56,0.82,0.5084,0.0655999999999999,1.0,,1,FWD,Spurs,6.9
Enzo Le Fée,Enzo Le Fée,Serie A,0.88,2024-25,Roma,MF,6.0,0.0,0.0,0.0,0.0,1.13,0.0,0.0,1.0,0.0,0.0,0.0,0.0,0.0,0.0,0.0,0.0,0.5,,1,MID,Sunderland,5.0
Giovanni Leoni,Giovanni Leoni,Serie A,0.88,2024-25,Parma,DF,17.0,1.0,0.0,0.0,0.0,0.15,0.08,0.0,3.0,1.0,0.0,0.0,0.0,0.88,0.0,0.0704,0.0,1.0,,1,DEF,Liverpool,4.9
Lorenzo Lucca,Lorenzo Lucca,Serie A,0.88,2024-25,Udinese,FW,33.0,12.0,1.0,0.0,0.0,2.52,0.46,0.04,10.0,0.0,0.0,0.0,0.0,10.56,0.88,0.4048,0.0352,1.0,,1,FWD,Nott'm Forest,5.5
Christos Mandas,Christos Mandas,Serie A,0.88,2024-25,Lazio,GK,9.0,0.0,0.0,0.0,0.0,0.0,0.0,0.0,0.0,0.0,4.0,20.0,74.1,0.0,0.0,0.0,0.0,1.0,,1,GK,Bournemouth,4.0
Dan Ndoye,Dan Ndoye,Serie A,0.88,2024-25,Bologna,"MF,FW",30.0,8.0,4.0,0.0,0.0,2.18,0.34,0.17,4.0,0.0,0.0,0.0,0.0,7.04,3.52,0.2992,0.1496,1.0,,1,MID,Nott'm Forest,5.5
Noah Okafor,Noah Okafor,Serie A,0.88,2024-25,Milan,"FW,MF",11.0,1.0,0.0,0.0,0.0,2.61,0.22,0.0,0.0,0.0,0.0,0.0,0.0,0.88,0.0,0.1936,0.0,0.5,,1,MID,Leeds,5.5
Noah Okafor,Noah Okafor,Serie A,0.88,2024-25,Napoli,"FW,MF",4.0,0.0,0.0,0.0,0.0,2.25,0.0,0.0,0.0,0.0,0.0,0.0,0.0,0.0,0.0,0.0,0.0,0.1,,1,MID,Leeds,5.5
Tijjani Reijnders,Tijjani Reijnders,Serie A,0.88,2024-25,Milan,MF,37.0,10.0,4.0,0.0,0.0,2.22,0.29,0.12,2.0,1.0,0.0,0.0,0.0,8.8,3.52,0.2552,0.1056,1.0,,1,MID,Man City,5.0
Nicolò Savona,Nicolò Savona,Serie A,0.88,2024-25,Juventus,DF,28.0,2.0,1.0,0.0,0.0,0.31,0.1,0.05,5.0,0.0,0.0,0.0,0.0,1.76,0.88,0.088,0.044,1.0,,1,DEF,Nott'm Forest,4.5
Borna Sosa,Borna Sosa,Eredivisie,0.75,2024-25,Torino,"MF,DF",19.0,0.0,0.0,0.0,0.0,0.3,0.0,0.0,0.0,0.0,0.0,0.0,0.0,0.0,0.0,0.0,0.0,1.0,,1,DEF,Crystal Palace,4.8
Loum Tchaouna,Loum Tchaouna,Serie A,0.88,2024-25,Lazio,"MF,FW",24.0,1.0,0.0,0.0,0.0,3.14,0.14,0.0,4.0,1.0,0.0,0.0,0.0,0.88,0.0,0.1232,0.0,0.5,,1,MID,Burnley,4.9
Jackson Tchatchoua,Jackson Tchatchoua,Serie A,0.88,2024-25,Hellas Verona,"MF,DF",36.0,2.0,3.0,0.0,0.0,0.51,0.06,0.09,7.0,1.0,0.0,0.0,0.0,1.76,2.64,0.0528,0.0791999999999999,1.0,,1,DEF,Wolves,4.4
Malick Thiaw,Malick Thiaw,Serie A,0.88,2024-25,Milan,DF,22.0,0.0,0.0,0.0,0.0,0.35,0.0,0.0,2.0,0.0,0.0,0.0,0.0,0.0,0.0,0.0,0.0,1.0,,1,DEF,Newcastle,5.0
Marco Bizot,Marco Bizot,Ligue 1,0.82,2022-23,Brest,GK,37.0,0.0,0.0,0.0,0.0,0.0,0.0,0.0,4.0,0.0,8.0,124.0,72.2,0.0,0.0,0.0,0.0,1.0,,1,GK,Aston Villa,4.2
Rayan Cherki,Rayan Cherki,Ligue 1,0.82,2022-23,Lyon,"MF,FW",34.0,4.0,6.0,0.0,0.0,2.93,0.19,0.29,3.0,0.0,0.0,0.0,0.0,3.28,4.92,0.1558,0.2377999999999999,1.0,,1,MID,Man City,6.4
Bafodé Diakité,Bafodé Diakité,Ligue 1,0.82,2022-23,Lille,DF,33.0,3.0,0.0,0.0,0.0,0.64,0.1,0.0,6.0,0.0,0.0,0.0,0.0,2.46,0.0,0.082,0.0,1.0,,1,DEF,Bournemouth,4.2
Habib Diarra,Habib Diarra,Ligue 1,0.82,2022-23,Strasbourg,"MF,FW",29.0,3.0,2.0,0.0,0.0,1.27,0.17,0.11,4.0,0.0,0.0,0.0,0.0,2.46,1.64,0.1394,0.0901999999999999,1.0,,1,MID,Sunderland,5.3
Gianluigi Donnarumma,Gianluigi Donnarumma,Ligue 1,0.82,2022-23,Paris Saint-Germain,GK,38.0,0.0,0.0,0.0,0.0,0.0,0.0,0.0,3.0,0.0,13.0,122.0,76.3,0.0,0.0,0.0,0.0,1.0,,1,GK,Man City,5.6
Hugo Ekitike,Hugo Ekitiké,Bundesliga,0.89,2022-23,Paris Saint-Germain,FW,25.0,3.0,4.0,0.0,0.0,2.65,0.23,0.31,0.0,0.0,0.0,0.0,0.0,2.67,3.56,0.2047,0.2759,0.5,,1,FWD,Liverpool,9.1
Romain Faivre,Romain Faivre,Ligue 1,0.82,2022-23,Lorient,MF,16.0,5.0,3.0,0.0,0.0,1.81,0.36,0.22,0.0,0.0,0.0,0.0,0.0,4.1,2.46,0.2951999999999999,0.1803999999999999,1.0,,1,MID,Bournemouth,4.5
Romain Faivre,Romain Faivre,Ligue 1,0.82,2022-23,Lyon,MF,10.0,0.0,1.0,0.0,0.0,1.2,0.0,0.3,0.0,0.0,0.0,0.0,0.0,0.0,0.82,0.0,0.2459999999999999,0.5,,1,MID,Bournemouth,4.5
Angel Gomes,Angel Gomes,Ligue 1,0.82,2022-23,Lille,MF,36.0,2.0,6.0,0.0,0.0,1.79,0.06,0.19,8.0,0.0,0.0,0.0,0.0,1.64,4.92,0.0491999999999999,0.1558,1.0,,1,MID,Wolves,4.8
Gabriel Gudmundsson,Gabriel Gudmundsson,Ligue 1,0.82,2022-23,Lille,"DF,MF",18.0,0.0,0.0,0.0,0.0,0.75,0.0,0.0,3.0,0.0,0.0,0.0,0.0,0.0,0.0,0.0,0.0,0.5,,1,DEF,Leeds,3.8
Evann Guessand,Evann Guessand,Ligue 1,0.82,2022-23,Nantes,"MF,FW",30.0,3.0,2.0,0.0,0.0,1.57,0.21,0.14,2.0,0.0,0.0,0.0,0.0,2.46,1.64,0.1722,0.1148,0.5,,1,MID,Crystal Palace,6.2
Eli Junior Kroupi,Junior Kroupi,Ligue 1,0.82,2022-23,Lorient,FW,1.0,0.0,0.0,0.0,0.0,0.0,0.0,0.0,0.0,0.0,0.0,0.0,0.0,0.0,0.0,0.0,0.0,0.1,,1,FWD,Bournemouth,4.7
Arnaud Kalimuendo,Arnaud Kalimuendo,Ligue 1,0.82,2022-23,Rennes,FW,30.0,7.0,3.0,0.0,0.0,2.09,0.34,0.15,0.0,0.0,0.0,0.0,0.0,5.739999999999999,2.46,0.2788,0.1229999999999999,1.0,,1,FWD,Nott'm Forest,6.0
Enzo Le Fée,Enzo Le Fée,Ligue 1,0.82,2022-23,Lorient,MF,35.0,5.0,6.0,0.0,0.0,1.34,0.15,0.18,5.0,0.0,0.0,0.0,0.0,4.1,4.92,0.1229999999999999,0.1475999999999999,1.0,,1,MID,Sunderland,5.0
Benjamin Lecomte,Benjamin Lecomte,Ligue 2,1.0,2022-23,Montpellier,GK,19.0,0.0,0.0,0.0,0.0,0.0,0.0,0.0,0.0,0.0,8.0,74.0,78.5,0.0,0.0,0.0,0.0,1.0,,1,GK,Fulham,3.9
Soungoutou Magassa,Soungoutou Magassa,Ligue 1,0.82,2022-23,Monaco,MF,2.0,0.0,0.0,0.0,0.0,0.0,0.0,0.0,0.0,0.0,0.0,0.0,0.0,0.0,0.0,0.0,0.0,0.5,,1,MID,West Ham,5.0
Nordi Mukiele,Nordi Mukiele,Ligue 1,0.82,2022-23,Paris Saint-Germain,"MF,DF",19.0,0.0,3.0,0.0,0.0,0.87,0.0,0.24,0.0,0.0,0.0,0.0,0.0,0.0,2.46,0.0,0.1967999999999999,1.0,,1,DEF,Sunderland,4.5
Timothee Pembele,Timothée Pembélé,Ligue 1,0.82,2022-23,Paris Saint-Germain,"MF,DF",5.0,0.0,1.0,0.0,0.0,1.03,0.0,0.34,0.0,0.0,0.0,0.0,0.0,0.0,0.82,0.0,0.2788,0.5,,1,DEF,Sunderland,3.9
Mamadou Sarr,Mamadou Sarr,Ligue 1,0.82,2022-23,Lyon,DF,1.0,0.0,0.0,0.0,0.0,0.0,0.0,0.0,0.0,0.0,0.0,0.0,0.0,0.0,0.0,0.0,0.0,0.1,,1,DEF,Chelsea,4.5
Abdallah Sima,Abdallah Sima,Ligue 1,0.82,2022-23,Angers,FW,34.0,5.0,1.0,0.0,0.0,1.91,0.25,0.05,0.0,0.0,0.0,0.0,0.0,4.1,0.82,0.205,0.041,1.0,,1,MID,Brighton,5.4
Adrien Truffert,Adrien Truffert,Ligue 1,0.82,2022-23,Rennes,DF,28.0,0.0,6.0,0.0,0.0,0.46,0.0,0.28,1.0,0.0,0.0,0.0,0.0,0.0,4.92,0.0,0.2296,1.0,,1,DEF,Bournemouth,4.6
Dilane Bakwa,Dilane Bakwa,Ligue 1,0.82,2023-24,Strasbourg,"MF,FW",31.0,3.0,6.0,0.0,0.0,1.82,0.12,0.25,4.0,1.0,0.0,0.0,0.0,2.46,4.92,0.0983999999999999,0.205,1.0,,1,MID,Nott'm Forest,5.9
Marco Bizot,Marco Bizot,Ligue 1,0.82,2023-24,Brest,GK,32.0,0.0,0.0,0.0,0.0,0.0,0.0,0.0,3.0,1.0,11.0,95.0,74.6,0.0,0.0,0.0,0.0,1.0,,1,GK,Aston Villa,4.2
Rayan Cherki,Rayan Cherki,Ligue 1,0.82,2023-24,Lyon,"MF,FW",33.0,1.0,6.0,0.0,0.0,2.98,0.05,0.31,0.0,0.0,0.0,0.0,0.0,0.82,4.92,0.041,0.2542,0.5,,1,MID,Man City,6.4
Bafodé Diakité,Bafodé Diakité,Ligue 1,0.82,2023-24,Lille,DF,21.0,5.0,2.0,0.0,0.0,0.85,0.27,0.11,4.0,0.0,0.0,0.0,0.0,4.1,1.64,0.2214,0.0901999999999999,1.0,,1,DEF,Bournemouth,4.2
Habib Diarra,Habib Diarra,Ligue 1,0.82,2023-24,Strasbourg,"MF,FW",31.0,3.0,1.0,0.0,0.0,1.52,0.12,0.04,3.0,0.0,0.0,0.0,0.0,2.46,0.82,0.0983999999999999,0.0327999999999999,1.0,,1,MID,Sunderland,5.3
Gianluigi Donnarumma,Gianluigi Donnarumma,Ligue 1,0.82,2023-24,Paris Saint-Germain,GK,25.0,0.0,0.0,0.0,0.0,0.0,0.0,0.0,3.0,1.0,11.0,91.0,84.1,0.0,0.0,0.0,0.0,1.0,,1,GK,Man City,5.6
Hugo Ekitike,Hugo Ekitiké,Bundesliga,0.89,2023-24,Paris Saint-Germain,FW,1.0,0.0,0.0,0.0,0.0,0.0,0.0,0.0,0.0,0.0,0.0,0.0,0.0,0.0,0.0,0.0,0.0,0.1,,1,FWD,Liverpool,9.1
Romain Faivre,Romain Faivre,Ligue 1,0.82,2023-24,Lorient,MF,17.0,5.0,1.0,0.0,0.0,1.67,0.31,0.06,1.0,0.0,0.0,0.0,0.0,4.1,0.82,0.2542,0.0491999999999999,1.0,,1,MID,Bournemouth,4.5
Angel Gomes,Angel Gomes,Ligue 1,0.82,2023-24,Lille,MF,31.0,0.0,8.0,0.0,0.0,1.19,0.0,0.28,5.0,0.0,0.0,0.0,0.0,0.0,6.56,0.0,0.2296,1.0,,1,MID,Wolves,4.8
Gabriel Gudmundsson,Gabriel Gudmundsson,Ligue 1,0.82,2023-24,Lille,"MF,DF",25.0,1.0,0.0,0.0,0.0,1.07,0.07,0.0,2.0,0.0,0.0,0.0,0.0,0.82,0.0,0.0574,0.0,0.5,,1,DEF,Leeds,3.8
Evann Guessand,Evann Guessand,Ligue 1,0.82,2023-24,Nice,FW,34.0,6.0,0.0,0.0,0.0,2.78,0.35,0.0,1.0,0.0,0.0,0.0,0.0,4.92,0.0,0.287,0.0,0.5,,1,MID,Crystal Palace,6.2
Eli Junior Kroupi,Junior Kroupi,Ligue 1,0.82,2023-24,Lorient,FW,30.0,5.0,3.0,0.0,0.0,1.83,0.42,0.25,1.0,0.0,0.0,0.0,0.0,4.1,2.46,0.3444,0.205,0.5,,1,FWD,Bournemouth,4.7
Arnaud Kalimuendo,Arnaud Kalimuendo,Ligue 1,0.82,2023-24,Rennes,FW,30.0,10.0,1.0,0.0,0.0,2.57,0.42,0.04,6.0,0.0,0.0,0.0,0.0,8.2,0.82,0.3444,0.0327999999999999,1.0,,1,FWD,Nott'm Forest,6.0
Randal Kolo Muani,Randal Kolo Muani,Ligue 1,0.82,2023-24,Paris Saint-Germain,"FW,MF",26.0,6.0,5.0,0.0,0.0,1.56,0.43,0.35,1.0,0.0,0.0,0.0,0.0,4.92,4.1,0.3525999999999999,0.287,0.5,,1,FWD,Spurs,6.9
Enzo Le Fée,Enzo Le Fée,Ligue 1,0.82,2023-24,Rennes,MF,25.0,0.0,1.0,0.0,0.0,0.71,0.0,0.06,3.0,0.0,0.0,0.0,0.0,0.0,0.82,0.0,0.0491999999999999,1.0,,1,MID,Sunderland,5.0
Benjamin Lecomte,Benjamin Lecomte,Ligue 2,1.0,2023-24,Montpellier,GK,30.0,0.0,1.0,0.0,0.0,0.0,0.0,0.03,1.0,0.0,10.0,102.0,75.4,0.0,1.0,0.0,0.03,1.0,,1,GK,Fulham,3.9
Soungoutou Magassa,Soungoutou Magassa,Ligue 1,0.82,2023-24,Monaco,DF,21.0,0.0,0.0,0.0,0.0,0.53,0.0,0.0,7.0,0.0,0.0,0.0,0.0,0.0,0.0,0.0,0.0,1.0,,1,MID,West Ham,5.0
Nordi Mukiele,Nordi Mukiele,Ligue 1,0.82,2023-24,Paris Saint-Germain,DF,16.0,0.0,0.0,0.0,0.0,1.02,0.0,0.0,2.0,0.0,0.0,0.0,0.0,0.0,0.0,0.0,0.0,0.5,,1,DEF,Sunderland,4.5
Mamadou Sarr,Mamadou Sarr,Ligue 1,0.82,2023-24,Lyon,DF,1.0,0.0,0.0,0.0,0.0,0.0,0.0,0.0,0.0,0.0,0.0,0.0,0.0,0.0,0.0,0.0,0.0,0.1,,1,DEF,Chelsea,4.5
Adrien Truffert,Adrien Truffert,Ligue 1,0.82,2023-24,Rennes,"DF,MF",30.0,1.0,2.0,0.0,0.0,0.84,0.04,0.08,6.0,0.0,0.0,0.0,0.0,0.82,1.64,0.0327999999999999,0.0655999999999999,1.0,,1,DEF,Bournemouth,4.6
Dilane Bakwa,Dilane Bakwa,Ligue 1,0.82,2024-25,Strasbourg,MF,30.0,6.0,8.0,0.0,0.0,1.87,0.22,0.29,4.0,0.0,0.0,0.0,0.0,4.92,6.56,0.1803999999999999,0.2377999999999999,1.0,,1,MID,Nott'm Forest,5.9
Marco Bizot,Marco Bizot,Ligue 1,0.82,2024-25,Brest,GK,32.0,0.0,0.0,0.0,0.0,0.0,0.0,0.0,4.0,0.0,10.0,76.0,62.0,0.0,0.0,0.0,0.0,1.0,,1,GK,Aston Villa,4.2
Jaydee Canvot,Jaydee Canvot,Ligue 1,0.82,2024-25,Toulouse,"DF,MF",18.0,0.0,0.0,0.0,0.0,0.41,0.0,0.0,2.0,0.0,0.0,0.0,0.0,0.0,0.0,0.0,0.0,1.0,,1,DEF,Crystal Palace,4.5
Rayan Cherki,Rayan Cherki,Ligue 1,0.82,2024-25,Lyon,"MF,FW",30.0,8.0,11.0,0.0,0.0,1.98,0.35,0.49,3.0,0.0,0.0,0.0,0.0,6.56,9.02,0.287,0.4018,1.0,,1,MID,Man City,6.4
Bafodé Diakité,Bafodé Diakité,Ligue 1,0.82,2024-25,Lille,DF,31.0,4.0,1.0,0.0,0.0,0.52,0.13,0.03,8.0,1.0,0.0,0.0,0.0,3.28,0.82,0.1066,0.0245999999999999,1.0,,1,DEF,Bournemouth,4.2
Habib Diarra,Habib Diarra,Ligue 1,0.82,2024-25,Strasbourg,"MF,FW",30.0,4.0,5.0,0.0,0.0,1.03,0.15,0.19,6.0,0.0,0.0,0.0,0.0,3.28,4.1,0.1229999999999999,0.1558,1.0,,1,MID,Sunderland,5.3
Gianluigi Donnarumma,Gianluigi Donnarumma,Ligue 1,0.82,2024-25,Paris Saint-Germain,GK,24.0,0.0,0.0,0.0,0.0,0.0,0.0,0.0,2.0,0.0,4.0,50.0,68.0,0.0,0.0,0.0,0.0,1.0,,1,GK,Man City,5.6
Pierre Ekwah Elimby,Pierre Ekwah Elimby,Ligue 1,0.82,2024-25,Saint-Étienne,MF,29.0,1.0,0.0,0.0,0.0,0.87,0.03,0.0,3.0,0.0,0.0,0.0,0.0,0.82,0.0,0.0245999999999999,0.0,1.0,,1,MID,Sunderland,4.5
Romain Faivre,Romain Faivre,Ligue 1,0.82,2024-25,Brest,"MF,FW",20.0,3.0,2.0,0.0,0.0,1.9,0.3,0.2,2.0,0.0,0.0,0.0,0.0,2.46,1.64,0.2459999999999999,0.164,0.5,,1,MID,Bournemouth,4.5
Angel Gomes,Angel Gomes,Ligue 1,0.82,2024-25,Lille,MF,14.0,1.0,1.0,0.0,0.0,1.1,0.12,0.12,1.0,0.0,0.0,0.0,0.0,0.82,0.82,0.0983999999999999,0.0983999999999999,0.5,,1,MID,Wolves,4.8
Gabriel Gudmundsson,Gabriel Gudmundsson,Ligue 1,0.82,2024-25,Lille,"DF,MF",30.0,2.0,0.0,0.0,0.0,0.91,0.1,0.0,3.0,0.0,0.0,0.0,0.0,1.64,0.0,0.082,0.0,1.0,,1,DEF,Leeds,3.8
Evann Guessand,Evann Guessand,Ligue 1,0.82,2024-25,Nice,"MF,FW",33.0,12.0,8.0,0.0,0.0,2.11,0.42,0.28,2.0,0.0,0.0,0.0,0.0,9.84,6.56,0.3444,0.2296,1.0,,1,MID,Crystal Palace,6.2
Arnaud Kalimuendo,Arnaud Kalimuendo,Ligue 1,0.82,2024-25,Rennes,FW,33.0,17.0,3.0,0.0,0.0,2.65,0.59,0.1,2.0,0.0,0.0,0.0,0.0,13.94,2.46,0.4837999999999999,0.082,1.0,,1,FWD,Nott'm Forest,6.0
Randal Kolo Muani,Randal Kolo Muani,Ligue 1,0.82,2024-25,Paris Saint-Germain,FW,10.0,2.0,1.0,0.0,0.0,4.02,0.5,0.25,0.0,0.0,0.0,0.0,0.0,1.64,0.82,0.41,0.205,0.5,,1,FWD,Spurs,6.9
Benjamin Lecomte,Benjamin Lecomte,Ligue 2,1.0,2024-25,Montpellier,GK,30.0,0.0,0.0,0.0,0.0,0.0,0.0,0.0,0.0,0.0,1.0,108.0,63.3,0.0,0.0,0.0,0.0,1.0,,1,GK,Fulham,3.9
Soungoutou Magassa,Soungoutou Magassa,Ligue 1,0.82,2024-25,Monaco,MF,21.0,0.0,1.0,0.0,0.0,0.7,0.0,0.09,5.0,1.0,0.0,0.0,0.0,0.0,0.82,0.0,0.0737999999999999,0.5,,1,MID,West Ham,5.0
Timothee Pembele,Timothée Pembélé,Ligue 1,0.82,2024-25,Le Havre,"DF,MF",20.0,1.0,0.0,0.0,0.0,0.65,0.08,0.0,3.0,0.0,0.0,0.0,0.0,0.82,0.0,0.0655999999999999,0.0,1.0,,1,DEF,Sunderland,3.9
Mamadou Sarr,Mamadou Sarr,Ligue 1,0.82,2024-25,Strasbourg,DF,27.0,0.0,1.0,0.0,0.0,0.19,0.0,0.04,4.0,0.0,0.0,0.0,0.0,0.0,0.82,0.0,0.0327999999999999,1.0,,1,DEF,Chelsea,4.5
Abdallah Sima,Abdallah Sima,Ligue 1,0.82,2024-25,Brest,"FW,MF",27.0,7.0,2.0,0.0,0.0,2.76,0.51,0.15,2.0,0.0,0.0,0.0,0.0,5.739999999999999,1.64,0.4181999999999999,0.1229999999999999,0.5,,1,MID,Brighton,5.4
Adrien Truffert,Adrien Truffert,Ligue 1,0.82,2024-25,Rennes,"MF,DF",33.0,2.0,2.0,0.0,0.0,0.75,0.07,0.07,3.0,0.0,0.0,0.0,0.0,1.64,1.64,0.0574,0.0574,1.0,,1,DEF,Bournemouth,4.6
Walter Benítez,Walter Benítez,Eredivisie,0.75,2022-23,PSV,GK,30.0,0.0,0.0,0.0,0.0,0.0,0.0,0.0,2.0,0.0,10.0,71.0,68.3,0.0,0.0,0.0,0.0,1.0,,1,GK,Crystal Palace,4.0
Olivier Boscagli,Olivier Boscagli,Eredivisie,0.75,2022-23,PSV,DF,7.0,1.0,1.0,0.0,0.0,0.41,0.41,0.41,0.0,0.0,0.0,0.0,0.0,0.75,0.75,0.3075,0.3075,0.5,,1,DEF,Brighton,4.2
Brian Brobbey,Brian Brobbey,Eredivisie,0.75,2022-23,Ajax,FW,32.0,13.0,3.0,0.0,0.0,3.55,0.71,0.16,1.0,0.0,0.0,0.0,0.0,9.75,2.25,0.5325,0.12,0.5,,1,FWD,Sunderland,5.4
Lutsharel Geertruida,Lutsharel Geertruida,Bundesliga,0.89,2022-23,Feyenoord,"DF,MF",30.0,3.0,2.0,0.0,0.0,0.91,0.1,0.07,1.0,0.0,0.0,0.0,0.0,2.67,1.78,0.089,0.0623,1.0,,1,DEF,Sunderland,4.5
Quilindschy Hartman,Quilindschy Hartman,Eredivisie,0.75,2022-23,Feyenoord,DF,23.0,2.0,4.0,0.0,0.0,0.65,0.11,0.22,5.0,0.0,0.0,0.0,0.0,1.5,3.0,0.0825,0.165,1.0,,1,DEF,Burnley,4.0
Jorrel Hato,Jorrel Hato,Eredivisie,0.75,2022-23,Ajax,DF,11.0,0.0,0.0,0.0,0.0,0.15,0.0,0.0,1.0,0.0,0.0,0.0,0.0,0.0,0.0,0.0,0.0,1.0,,1,DEF,Chelsea,4.6
Lorenzo Lucca,Lorenzo Lucca,Serie A,0.88,2022-23,Ajax,FW,14.0,2.0,1.0,0.0,0.0,9.0,1.2,0.6,1.0,0.0,0.0,0.0,0.0,1.76,0.88,1.056,0.528,0.1,,1,FWD,Nott'm Forest,5.5
Antoni Milambo,Antoni Milambo,Eredivisie,0.75,2022-23,Feyenoord,MF,3.0,0.0,0.0,0.0,0.0,4.74,0.0,0.0,0.0,0.0,0.0,0.0,0.0,0.0,0.0,0.0,0.0,0.1,,1,MID,Brentford,5.2
Tijjani Reijnders,Tijjani Reijnders,Serie A,0.88,2022-23,AZ Alkmaar,MF,34.0,4.0,6.0,0.0,0.0,2.1,0.12,0.18,4.0,0.0,0.0,0.0,0.0,3.52,5.28,0.1056,0.1583999999999999,1.0,,1,MID,Man City,5.0
Shurandy Sambo,Shurandy Sambo,Eredivisie,0.75,2022-23,Sparta Rotterdam,DF,30.0,2.0,1.0,0.0,0.0,0.66,0.08,0.04,4.0,2.0,0.0,0.0,0.0,1.5,0.75,0.06,0.03,1.0,,1,DEF,Burnley,4.0
Kjell Scherpen,Kjell Scherpen,Eredivisie,0.75,2022-23,Vitesse,GK,26.0,0.0,0.0,0.0,0.0,0.0,0.0,0.0,0.0,1.0,8.0,66.0,67.7,0.0,0.0,0.0,0.0,1.0,,1,GK,Brighton,4.0
Xavi Simons,Xavi Simons,Bundesliga,0.89,2022-23,PSV,"MF,FW",34.0,19.0,8.0,0.0,0.0,2.99,0.61,0.26,2.0,0.0,0.0,0.0,0.0,16.91,7.12,0.5429,0.2314,1.0,,1,MID,Spurs,6.5
Walter Benítez,Walter Benítez,Eredivisie,0.75,2023-24,PSV,GK,33.0,0.0,0.0,0.0,0.0,0.0,0.0,0.0,1.0,0.0,17.0,55.0,76.4,0.0,0.0,0.0,0.0,1.0,,1,GK,Crystal Palace,4.0
Olivier Boscagli,Olivier Boscagli,Eredivisie,0.75,2023-24,PSV,DF,33.0,3.0,3.0,0.0,0.0,0.7,0.1,0.1,3.0,0.0,0.0,0.0,0.0,2.25,2.25,0.075,0.075,1.0,,1,DEF,Brighton,4.2
Brian Brobbey,Brian Brobbey,Eredivisie,0.75,2023-24,Ajax,FW,30.0,18.0,8.0,0.0,0.0,3.18,0.67,0.3,4.0,0.0,0.0,0.0,0.0,13.5,6.0,0.5025000000000001,0.2249999999999999,1.0,,1,FWD,Sunderland,5.4
Lutsharel Geertruida,Lutsharel Geertruida,Bundesliga,0.89,2023-24,Feyenoord,DF,34.0,8.0,5.0,0.0,0.0,1.18,0.24,0.15,2.0,0.0,0.0,0.0,0.0,7.12,4.45,0.2135999999999999,0.1335,1.0,,1,DEF,Sunderland,4.5
Quilindschy Hartman,Quilindschy Hartman,Eredivisie,0.75,2023-24,Feyenoord,DF,26.0,0.0,5.0,0.0,0.0,1.09,0.0,0.22,3.0,0.0,0.0,0.0,0.0,0.0,3.75,0.0,0.165,1.0,,1,DEF,Burnley,4.0
Jorrel Hato,Jorrel Hato,Eredivisie,0.75,2023-24,Ajax,DF,33.0,1.0,2.0,0.0,0.0,0.33,0.03,0.06,5.0,0.0,0.0,0.0,0.0,0.75,1.5,0.0225,0.045,1.0,,1,DEF,Chelsea,4.6
Garang Kuol,Garang Kuol,Eredivisie,0.75,2023-24,Volendam,"MF,FW",15.0,1.0,1.0,0.0,0.0,1.32,0.13,0.13,1.0,0.0,0.0,0.0,0.0,0.75,0.75,0.0975,0.0975,0.5,,1,MID,Newcastle,4.4
Adrian Mazilu,Adrian Mazilu,Eredivisie,0.75,2023-24,Vitesse,FW,3.0,0.0,0.0,0.0,0.0,3.75,0.0,0.0,0.0,0.0,0.0,0.0,0.0,0.0,0.0,0.0,0.0,0.1,,1,MID,Brighton,4.5
Antoni Milambo,Antoni Milambo,Eredivisie,0.75,2023-24,Feyenoord,"MF,FW",8.0,1.0,1.0,0.0,0.0,2.7,0.39,0.39,0.0,0.0,0.0,0.0,0.0,0.75,0.75,0.2925,0.2925,0.5,,1,MID,Brentford,5.2
David Møller Wolfe,David Møller Wolfe,Eredivisie,0.75,2023-24,AZ Alkmaar,DF,34.0,1.0,2.0,0.0,0.0,0.53,0.04,0.08,4.0,0.0,0.0,0.0,0.0,0.75,1.5,0.03,0.06,1.0,,1,DEF,Wolves,4.2
Robin Roefs,Robin Roefs,Eredivisie,0.75,2023-24,NEC Nijmegen,GK,5.0,0.0,0.0,0.0,0.0,0.0,0.0,0.0,0.0,0.0,1.0,14.0,73.7,0.0,0.0,0.0,0.0,1.0,,1,GK,Sunderland,4.9
Shurandy Sambo,Shurandy Sambo,Eredivisie,0.75,2023-24,PSV,DF,11.0,0.0,0.0,0.0,0.0,0.95,0.0,0.0,0.0,0.0,0.0,0.0,0.0,0.0,0.0,0.0,0.0,0.1,,1,DEF,Burnley,4.0
Borna Sosa,Borna Sosa,Eredivisie,0.75,2023-24,Ajax,"DF,MF",16.0,0.0,4.0,0.0,0.0,0.42,0.0,0.42,1.0,0.0,0.0,0.0,0.0,0.0,3.0,0.0,0.315,0.5,,1,DEF,Crystal Palace,4.8
Walter Benítez,Walter Benítez,Eredivisie,0.75,2024-25,PSV,GK,34.0,0.0,0.0,0.0,0.0,0.0,0.0,0.0,0.0,0.0,9.0,65.0,63.7,0.0,0.0,0.0,0.0,1.0,,1,GK,Crystal Palace,4.0
Olivier Boscagli,Olivier Boscagli,Eredivisie,0.75,2024-25,PSV,DF,30.0,1.0,6.0,0.0,0.0,0.63,0.04,0.21,2.0,0.0,0.0,0.0,0.0,0.75,4.5,0.03,0.1575,1.0,,1,DEF,Brighton,4.2
Brian Brobbey,Brian Brobbey,Eredivisie,0.75,2024-25,Ajax,FW,30.0,4.0,3.0,0.0,0.0,2.37,0.23,0.17,6.0,0.0,0.0,0.0,0.0,3.0,2.25,0.1725,0.1275,0.5,,1,FWD,Sunderland,5.4
Lutsharel Geertruida,Lutsharel Geertruida,Bundesliga,0.89,2024-25,Feyenoord,DF,3.0,0.0,0.0,0.0,0.0,1.0,0.0,0.0,0.0,0.0,0.0,0.0,0.0,0.0,0.0,0.0,0.0,1.0,,1,DEF,Sunderland,4.5
Quilindschy Hartman,Quilindschy Hartman,Eredivisie,0.75,2024-25,Feyenoord,DF,12.0,0.0,1.0,0.0,0.0,0.56,0.0,0.14,0.0,0.0,0.0,0.0,0.0,0.0,0.75,0.0,0.105,0.5,,1,DEF,Burnley,4.0
Jorrel Hato,Jorrel Hato,Eredivisie,0.75,2024-25,Ajax,DF,31.0,2.0,6.0,0.0,0.0,0.59,0.07,0.21,5.0,0.0,0.0,0.0,0.0,1.5,4.5,0.0525,0.1575,1.0,,1,DEF,Chelsea,4.6
Antoni Milambo,Antoni Milambo,Eredivisie,0.75,2024-25,Feyenoord,MF,29.0,3.0,5.0,0.0,0.0,1.55,0.14,0.23,2.0,0.0,0.0,0.0,0.0,2.25,3.75,0.105,0.1725,1.0,,1,MID,Brentford,5.2
David Møller Wolfe,David Møller Wolfe,Eredivisie,0.75,2024-25,AZ Alkmaar,DF,31.0,2.0,5.0,0.0,0.0,0.54,0.07,0.18,5.0,1.0,0.0,0.0,0.0,1.5,3.75,0.0525,0.135,1.0,,1,DEF,Wolves,4.2
Miodrag Pivas,Miodrag Pivaš,Eredivisie,0.75,2024-25,Willem II,MF,5.0,0.0,0.0,0.0,0.0,0.0,0.0,0.0,0.0,0.0,0.0,0.0,0.0,0.0,0.0,0.0,0.0,0.1,,1,DEF,Newcastle,3.8
Zepiqueno Redmond,Zépiqueno Redmond,Eredivisie,0.75,2024-25,Feyenoord,FW,4.0,0.0,0.0,0.0,0.0,1.14,0.0,0.0,0.0,0.0,0.0,0.0,0.0,0.0,0.0,0.0,0.0,0.5,,1,FWD,Aston Villa,4.5
Robin Roefs,Robin Roefs,Eredivisie,0.75,2024-25,NEC Nijmegen,GK,32.0,0.0,0.0,0.0,0.0,0.0,0.0,0.0,0.0,0.0,10.0,113.0,73.4,0.0,0.0,0.0,0.0,1.0,,1,GK,Sunderland,4.9
Marcus Edwards,Marcus Edwards,Primeira Liga,0.78,2022-23,Sporting CP,FW,33.0,7.0,5.0,0.0,0.0,2.04,0.28,0.2,4.0,0.0,0.0,0.0,0.0,5.46,3.9,0.2184,0.156,1.0,,1,MID,Burnley,4.7
Dario Essugo,Dário Luís Essugo,Primeira Liga,0.78,2022-23,Sporting CP,MF,4.0,0.0,0.0,0.0,0.0,0.9,0.0,0.0,0.0,1.0,0.0,0.0,0.0,0.0,0.0,0.0,0.0,0.5,,1,MID,Chelsea,4.3
Marcus Edwards,Marcus Edwards,Primeira Liga,0.78,2023-24,Sporting CP,FW,26.0,4.0,4.0,0.0,0.0,2.21,0.27,0.27,4.0,1.0,0.0,0.0,0.0,3.12,3.12,0.2106,0.2106,0.5,,1,MID,Burnley,4.7
Dario Essugo,Dário Luís Essugo,Primeira Liga,0.78,2023-24,Sporting CP,MF,4.0,0.0,0.0,0.0,0.0,0.0,0.0,0.0,0.0,0.0,0.0,0.0,0.0,0.0,0.0,0.0,0.0,0.1,,1,MID,Chelsea,4.3
Dario Essugo,Dário Luís Essugo,Primeira Liga,0.78,2023-24,Chaves,MF,14.0,0.0,0.0,0.0,0.0,0.15,0.0,0.0,3.0,0.0,0.0,0.0,0.0,0.0,0.0,0.0,0.0,1.0,,1,MID,Chelsea,4.3
Viktor Gyökeres,Viktor Gyökeres,Primeira Liga,0.78,2023-24,Sporting CP,FW,33.0,29.0,10.0,0.0,0.0,3.49,0.9,0.31,3.0,0.0,0.0,0.0,0.0,22.62,7.800000000000001,0.7020000000000001,0.2418,1.0,,1,FWD,Arsenal,8.8
Marcus Edwards,Marcus Edwards,Primeira Liga,0.78,2024-25,Sporting CP,MF,6.0,1.0,0.0,0.0,0.0,4.05,0.81,0.0,0.0,0.0,0.0,0.0,0.0,0.78,0.0,0.6318,0.0,0.1,,1,MID,Burnley,4.7
Dario Essugo,Dário Luís Essugo,Primeira Liga,0.78,2024-25,Sporting CP,MF,2.0,0.0,0.0,0.0,0.0,0.0,0.0,0.0,0.0,0.0,0.0,0.0,0.0,0.0,0.0,0.0,0.0,0.1,,1,MID,Chelsea,4.3
Viktor Gyökeres,Viktor Gyökeres,Primeira Liga,0.78,2024-25,Sporting CP,FW,33.0,39.0,7.0,0.0,0.0,4.46,1.25,0.22,4.0,0.0,0.0,0.0,0.0,30.42,5.46,0.975,0.1716,1.0,,1,FWD,Arsenal,8.8
Omar Richards,Omar Richards,Primeira Liga,0.78,2024-25,Rio Ave,"DF,MF",26.0,0.0,1.0,0.0,0.0,0.18,0.0,0.05,4.0,0.0,0.0,0.0,0.0,0.0,0.78,0.0,0.039,1.0,,1,DEF,Nott'm Forest,4.5
Enock Agyei,Enock Agyei,Belgian Pro League,0.74,2022-23,Mechelen,"MF,FW",8.0,0.0,0.0,0.0,0.0,1.08,0.0,0.0,0.0,0.0,0.0,0.0,0.0,0.0,0.0,0.0,0.0,0.5,,1,MID,Burnley,4.7
Nilson Angulo,Nilson Angulo,Belgian Pro League,0.74,2022-23,Anderlecht,"FW,MF",6.0,0.0,0.0,0.0,0.0,3.1,0.0,0.0,2.0,0.0,0.0,0.0,0.0,0.0,0.0,0.0,0.0,0.1,,1,MID,Sunderland,5.0
Tolu Arokodare,Tolu Arokodare,Belgian Pro League,0.74,2022-23,Genk,FW,5.0,1.0,1.0,0.0,0.0,2.59,0.65,0.65,1.0,0.0,0.0,0.0,0.0,0.74,0.74,0.481,0.481,0.5,,1,FWD,Wolves,5.4
Maxim De Cuyper,Maxim De Cuyper,Belgian Pro League,0.74,2022-23,Westerlo,DF,33.0,8.0,6.0,0.0,0.0,1.04,0.24,0.18,5.0,0.0,0.0,0.0,0.0,5.92,4.44,0.1775999999999999,0.1331999999999999,1.0,,1,DEF,Brighton,4.3
Noah Sadiki,Noah Sadiki,Belgian Pro League,0.74,2022-23,Anderlecht,"MF,DF",12.0,0.0,1.0,0.0,0.0,0.22,0.0,0.22,2.0,0.0,0.0,0.0,0.0,0.0,0.74,0.0,0.1628,0.5,,1,MID,Sunderland,4.9
Chemsdine Talbi,Chemsdine Talbi,Belgian Pro League,0.74,2022-23,Club Brugge,MF,2.0,0.0,0.0,0.0,0.0,2.14,0.0,0.0,0.0,0.0,0.0,0.0,0.0,0.0,0.0,0.0,0.0,0.1,,1,MID,Sunderland,4.9
Jackson Tchatchoua,Jackson Tchatchoua,Serie A,0.88,2022-23,Charleroi,MF,29.0,1.0,2.0,0.0,0.0,1.16,0.06,0.12,2.0,0.0,0.0,0.0,0.0,0.88,1.76,0.0528,0.1056,0.5,,1,DEF,Wolves,4.4
Ahmed Abdullahi,Ahmed Abdullahi,Belgian Pro League,0.74,2023-24,Gent,FW,1.0,0.0,0.0,0.0,0.0,0.0,0.0,0.0,0.0,0.0,0.0,0.0,0.0,0.0,0.0,0.0,0.0,0.5,,1,FWD,Sunderland,4.2
Nilson Angulo,Nilson Angulo,Belgian Pro League,0.74,2023-24,Anderlecht,"FW,MF",14.0,1.0,0.0,0.0,0.0,3.81,0.76,0.0,1.0,0.0,0.0,0.0,0.0,0.74,0.0,0.5624,0.0,0.1,,1,MID,Sunderland,5.0
Tolu Arokodare,Tolu Arokodare,Belgian Pro League,0.74,2023-24,Genk,FW,39.0,12.0,2.0,0.0,0.0,4.27,0.51,0.08,2.0,0.0,0.0,0.0,0.0,8.879999999999999,1.48,0.3774,0.0592,1.0,,1,FWD,Wolves,5.4
Maxim De Cuyper,Maxim De Cuyper,Belgian Pro League,0.74,2023-24,Club Brugge,DF,37.0,3.0,10.0,0.0,0.0,0.95,0.1,0.33,5.0,1.0,0.0,0.0,0.0,2.22,7.4,0.074,0.2442,1.0,,1,DEF,Brighton,4.3
Malcolm Ebiowei,Malcolm Ebiowei,Belgian Pro League,0.74,2023-24,RWDM,MF,5.0,0.0,1.0,0.0,0.0,1.14,0.0,0.57,1.0,0.0,0.0,0.0,0.0,0.0,0.74,0.0,0.4217999999999999,0.5,,1,MID,Crystal Palace,4.5
Senne Lammens,Senne Lammens,Belgian Pro League,0.74,2023-24,Antwerp,GK,9.0,0.0,0.0,0.0,0.0,0.0,0.0,0.0,0.0,0.0,1.0,34.0,66.7,0.0,0.0,0.0,0.0,1.0,,1,GK,Man Utd,5.0
Romaine Mundle,Romaine Mundle,Belgian Pro League,0.74,2023-24,Standard Liège,MF,6.0,0.0,0.0,0.0,0.0,1.2,0.0,0.0,1.0,0.0,0.0,0.0,0.0,0.0,0.0,0.0,0.0,0.1,,1,MID,Sunderland,4.9
Noah Sadiki,Noah Sadiki,Belgian Pro League,0.74,2023-24,Union SG,MF,37.0,0.0,1.0,0.0,0.0,0.65,0.0,0.06,1.0,0.0,0.0,0.0,0.0,0.0,0.74,0.0,0.0443999999999999,0.5,,1,MID,Sunderland,4.9
Mamadou Sarr,Mamadou Sarr,Ligue 1,0.82,2023-24,RWDM,"MF,DF",10.0,0.0,0.0,0.0,0.0,0.95,0.0,0.0,1.0,0.0,0.0,0.0,0.0,0.0,0.0,0.0,0.0,1.0,,1,DEF,Chelsea,4.5
Chemsdine Talbi,Chemsdine Talbi,Belgian Pro League,0.74,2023-24,Club Brugge,MF,3.0,0.0,0.0,0.0,0.0,0.0,0.0,0.0,0.0,0.0,0.0,0.0,0.0,0.0,0.0,0.0,0.0,0.1,,1,MID,Sunderland,4.9
Ahmed Abdullahi,Ahmed Abdullahi,Belgian Pro League,0.74,2024-25,Gent,FW,1.0,0.0,0.0,0.0,0.0,0.0,0.0,0.0,0.0,0.0,0.0,0.0,0.0,0.0,0.0,0.0,0.0,0.1,,1,FWD,Sunderland,4.2
Nilson Angulo,Nilson Angulo,Belgian Pro League,0.74,2024-25,Anderlecht,"MF,FW",29.0,1.0,3.0,0.0,0.0,1.61,0.08,0.23,1.0,0.0,0.0,0.0,0.0,0.74,2.22,0.0592,0.1702,0.5,,1,MID,Sunderland,5.0
Tolu Arokodare,Tolu Arokodare,Belgian Pro League,0.74,2024-25,Genk,FW,40.0,21.0,5.0,0.0,0.0,4.62,0.62,0.15,2.0,0.0,0.0,0.0,0.0,15.54,3.7,0.4588,0.111,1.0,,1,FWD,Wolves,5.4
Maxim De Cuyper,Maxim De Cuyper,Belgian Pro League,0.74,2024-25,Club Brugge,DF,37.0,3.0,5.0,0.0,0.0,1.17,0.09,0.15,4.0,0.0,0.0,0.0,0.0,2.22,3.7,0.0665999999999999,0.111,1.0,,1,DEF,Brighton,4.3
Senne Lammens,Senne Lammens,Belgian Pro League,0.74,2024-25,Antwerp,GK,40.0,0.0,0.0,0.0,0.0,0.0,0.0,0.0,1.0,0.0,10.0,168.0,78.2,0.0,0.0,0.0,0.0,1.0,,1,GK,Man Utd,5.0
Mike Penders,Mike Penders,Belgian Pro League,0.74,2024-25,Genk,GK,21.0,0.0,0.0,0.0,0.0,0.0,0.0,0.0,2.0,1.0,5.0,52.0,76.9,0.0,0.0,0.0,0.0,1.0,,1,GK,Chelsea,4.0
Noah Sadiki,Noah Sadiki,Belgian Pro League,0.74,2024-25,Union SG,MF,39.0,1.0,3.0,0.0,0.0,0.71,0.03,0.08,6.0,0.0,0.0,0.0,0.0,0.74,2.22,0.0221999999999999,0.0592,1.0,,1,MID,Sunderland,4.9
Chemsdine Talbi,Chemsdine Talbi,Belgian Pro League,0.74,2024-25,Club Brugge,"MF,FW",27.0,5.0,3.0,0.0,0.0,2.52,0.37,0.22,1.0,0.0,0.0,0.0,0.0,3.7,2.22,0.2738,0.1628,0.5,,1,MID,Sunderland,4.9
Luka Vušković,Luka Vušković,SuperSport HNL,1.0,2024-25,Westerlo,DF,36.0,7.0,2.0,0.0,0.0,1.43,0.21,0.06,6.0,1.0,0.0,0.0,0.0,7.0,2.0,0.21,0.06,1.0,,1,DEF,Spurs,3.9
Kadan Young,Kadan Young,Belgian Pro League,0.74,2024-25,Antwerp,MF,7.0,0.0,1.0,0.0,0.0,2.7,0.0,0.9,0.0,0.0,0.0,0.0,0.0,0.0,0.74,0.0,0.666,0.1,,1,MID,Aston Villa,4.3
Alex Tóth,Alex Tóth,NB I.,1.0,,Bournemouth,,0.0,0.0,0.0,0.0,0.0,0.0,0.0,0.0,0.0,0.0,0.0,0.0,0.0,0.0,0.0,0.0,0.0,0.1,low,1,MID,Bournemouth,4.9
Kaye Furo,Kaye Furo,Belgian Pro League,0.74,,Brentford,,0.0,0.0,0.0,0.0,0.0,0.0,0.0,0.0,0.0,0.0,0.0,0.0,0.0,0.0,0.0,0.0,0.0,0.1,low,1,FWD,Brentford,4.5
Andrew Moran,Andrew Moran,unknown,1.0,,Brighton,,0.0,0.0,0.0,0.0,0.0,0.0,0.0,0.0,0.0,0.0,0.0,0.0,0.0,0.0,0.0,0.0,0.0,0.1,low,1,MID,Brighton,4.5
Charalampos Kostoulas,Charalampos Kostoulas,Super League 1,1.0,,Brighton,,0.0,0.0,0.0,0.0,0.0,0.0,0.0,0.0,0.0,0.0,0.0,0.0,0.0,0.0,0.0,0.0,0.0,0.1,low,1,FWD,Brighton,4.8
Steven Benda,Steven Benda,unknown,1.0,,Fulham,,0.0,0.0,0.0,0.0,0.0,0.0,0.0,0.0,0.0,0.0,0.0,0.0,0.0,0.0,0.0,0.0,0.0,0.1,low,1,GK,Fulham,4.0
Charlie Crew,Charlie Crew,unknown,1.0,,Leeds,,0.0,0.0,0.0,0.0,0.0,0.0,0.0,0.0,0.0,0.0,0.0,0.0,0.0,0.0,0.0,0.0,0.0,0.1,low,1,MID,Leeds,4.5
Sverre Nypan,Sverre Nypan,Eliteserien,1.0,,Man City,,0.0,0.0,0.0,0.0,0.0,0.0,0.0,0.0,0.0,0.0,0.0,0.0,0.0,0.0,0.0,0.0,0.0,0.1,low,1,MID,Man City,5.0
Divine Mukasa,Divine Mukasa,unknown,1.0,,Man City,,0.0,0.0,0.0,0.0,0.0,0.0,0.0,0.0,0.0,0.0,0.0,0.0,0.0,0.0,0.0,0.0,0.0,0.1,low,1,MID,Man City,4.4
Anthony Patterson,Anthony Patterson,unknown,1.0,,Sunderland,,0.0,0.0,0.0,0.0,0.0,0.0,0.0,0.0,0.0,0.0,0.0,0.0,0.0,0.0,0.0,0.0,0.0,0.1,low,1,GK,Sunderland,4.2
Djiamgone Jocelin Ta Bi,Djiamgone Jocelin Ta Bi,Ligat ha'Al,1.0,,Sunderland,,0.0,0.0,0.0,0.0,0.0,0.0,0.0,0.0,0.0,0.0,0.0,0.0,0.0,0.0,0.0,0.0,0.0,0.1,low,1,MID,Sunderland,5.0
Keiber Lamadrid,Keiber Lamadrid,Liga FUTVE Apertura,1.0,,West Ham,,0.0,0.0,0.0,0.0,0.0,0.0,0.0,0.0,0.0,0.0,0.0,0.0,0.0,0.0,0.0,0.0,0.0,0.1,low,1,MID,West Ham,5.0
Fer López González,Fer López González,La Liga,0.92,,Wolves,,0.0,0.0,0.0,0.0,0.0,0.0,0.0,0.0,0.0,0.0,0.0,0.0,0.0,0.0,0.0,0.0,0.0,0.1,low,1,MID,Wolves,5.1
Jhon Arias,Jhon Arias,Série A,1.0,,Wolves,,0.0,0.0,0.0,0.0,0.0,0.0,0.0,0.0,0.0,0.0,0.0,0.0,0.0,0.0,0.0,0.0,0.0,0.1,low,1,MID,Wolves,4.9
Remi Matthews,Remi Matthews,,1.0,,Crystal Palace,,0.0,0.0,0.0,0.0,0.0,0.0,0.0,0.0,0.0,0.0,0.0,0.0,0.0,0.0,0.0,0.0,0.0,0.1,low,1,GK,Crystal Palace,3.9
Steven Benda,Steven Benda,,1.0,,Fulham,,0.0,0.0,0.0,0.0,0.0,0.0,0.0,0.0,0.0,0.0,0.0,0.0,0.0,0.0,0.0,0.0,0.0,0.1,low,1,GK,Fulham,4.0
Charlie Crew,Charlie Crew,,1.0,,Leeds,,0.0,0.0,0.0,0.0,0.0,0.0,0.0,0.0,0.0,0.0,0.0,0.0,0.0,0.0,0.0,0.0,0.0,0.1,low,1,MID,Leeds,4.5
Joe Anderson,Joe Anderson,,1.0,,Sunderland,,0.0,0.0,0.0,0.0,0.0,0.0,0.0,0.0,0.0,0.0,0.0,0.0,0.0,0.0,0.0,0.0,0.0,0.1,low,1,DEF,Sunderland,3.8
Toti Gomes,Toti Gomes,,1.0,,Wolves,,0.0,0.0,0.0,0.0,0.0,0.0,0.0,0.0,0.0,0.0,0.0,0.0,0.0,0.0,0.0,0.0,0.0,0.1,low,1,DEF,Wolves,4.2
Igor Jesus Maciel da Cruz,Igor Jesus Maciel da Cruz,Brazilian Serie A,0.65,2024,Botafogo,FW,22.0,5.0,3.0,0.0,0.0,0.0,0.25,0.15,0.0,0.0,0.0,0.0,0.0,3.25,1.95,0.1625,0.0975,1.0,medium,1,FWD,Nott'm Forest,5.8
